ordinal,run_id,block,config_json
1,3004c30eb9708f470243f90593d7210f9867b4981d3c5271ebdc5ca24a263367,L-primary,"{""archive"":""none"",""capacity_bytes"":1048576,""checkpoint"":""2026-07-15T00:00:00Z"",""delay_us"":0,""feed_lag_us"":5000000,""feed_poll_interval_us"":60000000,""interval_us"":900000000,""order"":""forward"",""phase"":0,""phase_us"":0,""policy"":""P"",""q"":null}"
2,9bda19f6cda1cab03347e104b09dcfbefa029d85d56ed0c8a230d084e5ecc9ee,L-primary,"{""archive"":""none"",""capacity_bytes"":1048576,""checkpoint"":""2026-07-15T00:00:00Z"",""delay_us"":0,""feed_lag_us"":5000000,""feed_poll_interval_us"":60000000,""interval_us"":900000000,""order"":""forward"",""phase"":1,""phase_us"":15000000,""policy"":""P"",""q"":null}"
3,6a37cc781747ccbe7d1b71f5e057236e1a6a9b9a82c38da5f32b635a1c31d602,L-primary,"{""archive"":""none"",""capacity_bytes"":1048576,""checkpoint"":""2026-07-15T00:00:00Z"",""delay_us"":0,""feed_lag_us"":5000000,""feed_poll_interval_us"":60000000,""interval_us"":900000000,""order"":""forward"",""phase"":2,""phase_us"":30000000,""policy"":""P"",""q"":null}"
4,440ca6d9f122235c3a789ce54d1106216c4f2037a99474c248c362b24c117a6e,L-primary,"{""archive"":""none"",""capacity_bytes"":1048576,""checkpoint"":""2026-07-15T00:00:00Z"",""delay_us"":0,""feed_lag_us"":5000000,""feed_poll_interval_us"":60000000,""interval_us"":900000000,""order"":""forward"",""phase"":3,""phase_us"":45000000,""policy"":""P"",""q"":null}"
5,3b663bc4e0375675ce72244cbe1a8df3a58e97c296dd859159bd9237435174ef,L-primary,"{""archive"":""none"",""capacity_bytes"":1048576,""checkpoint"":""2026-07-15T00:00:00Z"",""delay_us"":0,""feed_lag_us"":5000000,""feed_poll_interval_us"":60000000,""interval_us"":900000000,""order"":""forward"",""phase"":4,""phase_us"":60000000,""policy"":""P"",""q"":null}"
6,34c5a104dc4a329619e31f462d1bfd8a56a4d26d5f5b24f273c20835b5eed392,L-primary,"{""archive"":""none"",""capacity_bytes"":1048576,""checkpoint"":""2026-07-15T00:00:00Z"",""delay_us"":0,""feed_lag_us"":5000000,""feed_poll_interval_us"":60000000,""interval_us"":900000000,""order"":""forward"",""phase"":5,""phase_us"":75000000,""policy"":""P"",""q"":null}"
7,ec0bdd543ac19da6e74935009ae1ae3bbf4635b16ff20ce14ebd53ec20b3e04a,L-primary,"{""archive"":""none"",""capacity_bytes"":1048576,""checkpoint"":""2026-07-15T00:00:00Z"",""delay_us"":0,""feed_lag_us"":5000000,""feed_poll_interval_us"":60000000,""interval_us"":900000000,""order"":""forward"",""phase"":6,""phase_us"":90000000,""policy"":""P"",""q"":null}"
8,54eed2942d97049fca62c98b83f19a74bfe08a62a6b0dc4f90bd0284c3c8cd06,L-primary,"{""archive"":""none"",""capacity_bytes"":1048576,""checkpoint"":""2026-07-15T00:00:00Z"",""delay_us"":0,""feed_lag_us"":5000000,""feed_poll_interval_us"":60000000,""interval_us"":900000000,""order"":""forward"",""phase"":7,""phase_us"":105000000,""policy"":""P"",""q"":null}"
9,71620ced88a24ff4c039d11f4ee9306b1e4491ced13d56cf9c305854d1352d83,L-primary,"{""archive"":""none"",""capacity_bytes"":1048576,""checkpoint"":""2026-07-15T00:00:00Z"",""delay_us"":0,""feed_lag_us"":5000000,""feed_poll_interval_us"":60000000,""interval_us"":900000000,""order"":""forward"",""phase"":8,""phase_us"":120000000,""policy"":""P"",""q"":null}"
10,a774577dbf920267103a1876a11a0cb9d6c7dec7401385c3aa1296b727eb9ca1,L-primary,"{""archive"":""none"",""capacity_bytes"":1048576,""checkpoint"":""2026-07-15T00:00:00Z"",""delay_us"":0,""feed_lag_us"":5000000,""feed_poll_interval_us"":60000000,""interval_us"":900000000,""order"":""forward"",""phase"":9,""phase_us"":135000000,""policy"":""P"",""q"":null}"
11,7969476665d8b917a7ffc78581fac9e9da851eb259d188420edd050a89a4a8df,L-primary,"{""archive"":""none"",""capacity_bytes"":1048576,""checkpoint"":""2026-07-15T00:00:00Z"",""delay_us"":0,""feed_lag_us"":5000000,""feed_poll_interval_us"":60000000,""interval_us"":900000000,""order"":""forward"",""phase"":10,""phase_us"":150000000,""policy"":""P"",""q"":null}"
12,55a39d3cd3fff52e6747fc03f4a837664216a5a139532affe71baac6e332bc0e,L-primary,"{""archive"":""none"",""capacity_bytes"":1048576,""checkpoint"":""2026-07-15T00:00:00Z"",""delay_us"":0,""feed_lag_us"":5000000,""feed_poll_interval_us"":60000000,""interval_us"":900000000,""order"":""forward"",""phase"":11,""phase_us"":165000000,""policy"":""P"",""q"":null}"
13,fc9f5c6bf0a92dbb16eb098e061253bbdd6afb9d759cd0b07ac62ae004d5144e,L-primary,"{""archive"":""none"",""capacity_bytes"":1048576,""checkpoint"":""2026-07-15T00:00:00Z"",""delay_us"":0,""feed_lag_us"":5000000,""feed_poll_interval_us"":60000000,""interval_us"":900000000,""order"":""forward"",""phase"":12,""phase_us"":180000000,""policy"":""P"",""q"":null}"
14,802cd3243f60cfaecc836650b117a2a3bd1e23e163b43a86868fab730db6e363,L-primary,"{""archive"":""none"",""capacity_bytes"":1048576,""checkpoint"":""2026-07-15T00:00:00Z"",""delay_us"":0,""feed_lag_us"":5000000,""feed_poll_interval_us"":60000000,""interval_us"":900000000,""order"":""forward"",""phase"":13,""phase_us"":195000000,""policy"":""P"",""q"":null}"
15,be34e4c4c4beab89a13c6a85ac7054afea278e6590f39d1e059ad70b67ebfae1,L-primary,"{""archive"":""none"",""capacity_bytes"":1048576,""checkpoint"":""2026-07-15T00:00:00Z"",""delay_us"":0,""feed_lag_us"":5000000,""feed_poll_interval_us"":60000000,""interval_us"":900000000,""order"":""forward"",""phase"":14,""phase_us"":210000000,""policy"":""P"",""q"":null}"
16,eaedc14d90a12e86404cad08dd3e32c5b814e2baaadbdbb2f1365b7962bf6034,L-primary,"{""archive"":""none"",""capacity_bytes"":1048576,""checkpoint"":""2026-07-15T00:00:00Z"",""delay_us"":0,""feed_lag_us"":5000000,""feed_poll_interval_us"":60000000,""interval_us"":900000000,""order"":""forward"",""phase"":15,""phase_us"":225000000,""policy"":""P"",""q"":null}"
17,4fe7da04a8b2cab286cf435005f689a9f2a4ab8acfc1487723a378b4a6d0394b,L-primary,"{""archive"":""none"",""capacity_bytes"":1048576,""checkpoint"":""2026-07-15T00:00:00Z"",""delay_us"":0,""feed_lag_us"":5000000,""feed_poll_interval_us"":60000000,""interval_us"":900000000,""order"":""forward"",""phase"":16,""phase_us"":240000000,""policy"":""P"",""q"":null}"
18,4a37701fb19248ce6e2464954346aa984e8f3e52d3ad95a8cd1a8aafa0b5f506,L-primary,"{""archive"":""none"",""capacity_bytes"":1048576,""checkpoint"":""2026-07-15T00:00:00Z"",""delay_us"":0,""feed_lag_us"":5000000,""feed_poll_interval_us"":60000000,""interval_us"":900000000,""order"":""forward"",""phase"":17,""phase_us"":255000000,""policy"":""P"",""q"":null}"
19,16be5336f8ed57b7cbe0d04845ac9fd37826843f23a89ce9e20cf5186d5ef119,L-primary,"{""archive"":""none"",""capacity_bytes"":1048576,""checkpoint"":""2026-07-15T00:00:00Z"",""delay_us"":0,""feed_lag_us"":5000000,""feed_poll_interval_us"":60000000,""interval_us"":900000000,""order"":""forward"",""phase"":18,""phase_us"":270000000,""policy"":""P"",""q"":null}"
20,ad7612e9faf73b39029585260e524d5dea8730fe510f7044a9d4bd3ac461f260,L-primary,"{""archive"":""none"",""capacity_bytes"":1048576,""checkpoint"":""2026-07-15T00:00:00Z"",""delay_us"":0,""feed_lag_us"":5000000,""feed_poll_interval_us"":60000000,""interval_us"":900000000,""order"":""forward"",""phase"":19,""phase_us"":285000000,""policy"":""P"",""q"":null}"
21,3e9be32474f293102fd924cc2b24d7dfe7b88b96e744e73f251e54f5647ccfa6,L-primary,"{""archive"":""none"",""capacity_bytes"":1048576,""checkpoint"":""2026-07-15T00:00:00Z"",""delay_us"":0,""feed_lag_us"":5000000,""feed_poll_interval_us"":60000000,""interval_us"":900000000,""order"":""forward"",""phase"":20,""phase_us"":300000000,""policy"":""P"",""q"":null}"
22,cc7566de6d3f60be64963d5113151d77c0eb9885aee1b8ffd7361e689b21f665,L-primary,"{""archive"":""none"",""capacity_bytes"":1048576,""checkpoint"":""2026-07-15T00:00:00Z"",""delay_us"":0,""feed_lag_us"":5000000,""feed_poll_interval_us"":60000000,""interval_us"":900000000,""order"":""forward"",""phase"":21,""phase_us"":315000000,""policy"":""P"",""q"":null}"
23,9ee362f8456b6d321db172cdd3537eb494b449781afd724a212246b62811f5ed,L-primary,"{""archive"":""none"",""capacity_bytes"":1048576,""checkpoint"":""2026-07-15T00:00:00Z"",""delay_us"":0,""feed_lag_us"":5000000,""feed_poll_interval_us"":60000000,""interval_us"":900000000,""order"":""forward"",""phase"":22,""phase_us"":330000000,""policy"":""P"",""q"":null}"
24,e4f664f4ae1664c86f92678a40fbe95a7df771075088639cfc8e27562b38330b,L-primary,"{""archive"":""none"",""capacity_bytes"":1048576,""checkpoint"":""2026-07-15T00:00:00Z"",""delay_us"":0,""feed_lag_us"":5000000,""feed_poll_interval_us"":60000000,""interval_us"":900000000,""order"":""forward"",""phase"":23,""phase_us"":345000000,""policy"":""P"",""q"":null}"
25,2eb3ed85b81fb7e3bac29fa50d62bb5a1ac7a9714dce8b7a488b6df9c037644a,L-primary,"{""archive"":""none"",""capacity_bytes"":1048576,""checkpoint"":""2026-07-15T00:00:00Z"",""delay_us"":0,""feed_lag_us"":5000000,""feed_poll_interval_us"":60000000,""interval_us"":900000000,""order"":""forward"",""phase"":24,""phase_us"":360000000,""policy"":""P"",""q"":null}"
26,b38c3b492b2f95622d4bedb033ec34d37db120a17bff2a350a17a9a646c27913,L-primary,"{""archive"":""none"",""capacity_bytes"":1048576,""checkpoint"":""2026-07-15T00:00:00Z"",""delay_us"":0,""feed_lag_us"":5000000,""feed_poll_interval_us"":60000000,""interval_us"":900000000,""order"":""forward"",""phase"":25,""phase_us"":375000000,""policy"":""P"",""q"":null}"
27,661325ce25814f6ef39dadd1c74556a60a5571dc2425d4433926c9e7b8827cf5,L-primary,"{""archive"":""none"",""capacity_bytes"":1048576,""checkpoint"":""2026-07-15T00:00:00Z"",""delay_us"":0,""feed_lag_us"":5000000,""feed_poll_interval_us"":60000000,""interval_us"":900000000,""order"":""forward"",""phase"":26,""phase_us"":390000000,""policy"":""P"",""q"":null}"
28,f668b48ca5f1b4b99cc7c360e95ea80d9296eb480272999347369cdcc067b2a2,L-primary,"{""archive"":""none"",""capacity_bytes"":1048576,""checkpoint"":""2026-07-15T00:00:00Z"",""delay_us"":0,""feed_lag_us"":5000000,""feed_poll_interval_us"":60000000,""interval_us"":900000000,""order"":""forward"",""phase"":27,""phase_us"":405000000,""policy"":""P"",""q"":null}"
29,b6218ced533c66d8084389844f99d814623f5275bae89e465d7a01957117fde5,L-primary,"{""archive"":""none"",""capacity_bytes"":1048576,""checkpoint"":""2026-07-15T00:00:00Z"",""delay_us"":0,""feed_lag_us"":5000000,""feed_poll_interval_us"":60000000,""interval_us"":900000000,""order"":""forward"",""phase"":28,""phase_us"":420000000,""policy"":""P"",""q"":null}"
30,5b14c74e408ff343c5dfaac54fc3b321d65d627ff6cf70ea4747632ed31a1908,L-primary,"{""archive"":""none"",""capacity_bytes"":1048576,""checkpoint"":""2026-07-15T00:00:00Z"",""delay_us"":0,""feed_lag_us"":5000000,""feed_poll_interval_us"":60000000,""interval_us"":900000000,""order"":""forward"",""phase"":29,""phase_us"":435000000,""policy"":""P"",""q"":null}"
31,98ffaef33184edf77f1fd903df4f32f0508e86aa71761ba8c7cf4ddffa7e9935,L-primary,"{""archive"":""none"",""capacity_bytes"":1048576,""checkpoint"":""2026-07-15T00:00:00Z"",""delay_us"":0,""feed_lag_us"":5000000,""feed_poll_interval_us"":60000000,""interval_us"":900000000,""order"":""forward"",""phase"":30,""phase_us"":450000000,""policy"":""P"",""q"":null}"
32,d517ead0112296b17e0dcef5c12dfa912f8647b4d825dcda15907adcb2ceddc2,L-primary,"{""archive"":""none"",""capacity_bytes"":1048576,""checkpoint"":""2026-07-15T00:00:00Z"",""delay_us"":0,""feed_lag_us"":5000000,""feed_poll_interval_us"":60000000,""interval_us"":900000000,""order"":""forward"",""phase"":31,""phase_us"":465000000,""policy"":""P"",""q"":null}"
33,8d8696e36a2e1106ebc82ce4a7e07de2cb08b48f664950a8455c496f526f872f,L-primary,"{""archive"":""none"",""capacity_bytes"":1048576,""checkpoint"":""2026-07-15T00:00:00Z"",""delay_us"":0,""feed_lag_us"":5000000,""feed_poll_interval_us"":60000000,""interval_us"":900000000,""order"":""forward"",""phase"":32,""phase_us"":480000000,""policy"":""P"",""q"":null}"
34,2b4646860895baa01a8da2c8964a58fa358d9c73e9b140196b1202d6df204457,L-primary,"{""archive"":""none"",""capacity_bytes"":1048576,""checkpoint"":""2026-07-15T00:00:00Z"",""delay_us"":0,""feed_lag_us"":5000000,""feed_poll_interval_us"":60000000,""interval_us"":900000000,""order"":""forward"",""phase"":33,""phase_us"":495000000,""policy"":""P"",""q"":null}"
35,7e9ce23ce982366407dcd50b527e4bd806b246d9d1922a4cdf652ae39d005a1a,L-primary,"{""archive"":""none"",""capacity_bytes"":1048576,""checkpoint"":""2026-07-15T00:00:00Z"",""delay_us"":0,""feed_lag_us"":5000000,""feed_poll_interval_us"":60000000,""interval_us"":900000000,""order"":""forward"",""phase"":34,""phase_us"":510000000,""policy"":""P"",""q"":null}"
36,c9b55f46fc4b597b4bcd720a0aa3b8c5fb297f1546686a337b2f40922faa23ff,L-primary,"{""archive"":""none"",""capacity_bytes"":1048576,""checkpoint"":""2026-07-15T00:00:00Z"",""delay_us"":0,""feed_lag_us"":5000000,""feed_poll_interval_us"":60000000,""interval_us"":900000000,""order"":""forward"",""phase"":35,""phase_us"":525000000,""policy"":""P"",""q"":null}"
37,2110f6621cc19501a6e9075bfa1408c20990cb76495ee73182440be423cd3e86,L-primary,"{""archive"":""none"",""capacity_bytes"":1048576,""checkpoint"":""2026-07-15T00:00:00Z"",""delay_us"":0,""feed_lag_us"":5000000,""feed_poll_interval_us"":60000000,""interval_us"":900000000,""order"":""forward"",""phase"":36,""phase_us"":540000000,""policy"":""P"",""q"":null}"
38,14a0bfe9e6caadb53f25cf8fe8dd903cbb1272dad94c705d9cd852d4a702e22c,L-primary,"{""archive"":""none"",""capacity_bytes"":1048576,""checkpoint"":""2026-07-15T00:00:00Z"",""delay_us"":0,""feed_lag_us"":5000000,""feed_poll_interval_us"":60000000,""interval_us"":900000000,""order"":""forward"",""phase"":37,""phase_us"":555000000,""policy"":""P"",""q"":null}"
39,abfebfbaf8e3a2030808cc71b0cfbd3772cf1daf47e4365b193dbe59a90c91d9,L-primary,"{""archive"":""none"",""capacity_bytes"":1048576,""checkpoint"":""2026-07-15T00:00:00Z"",""delay_us"":0,""feed_lag_us"":5000000,""feed_poll_interval_us"":60000000,""interval_us"":900000000,""order"":""forward"",""phase"":38,""phase_us"":570000000,""policy"":""P"",""q"":null}"
40,abbde020cdcf956096795eeb708fcc9c9972fece8c469847cdee333545a4ac4e,L-primary,"{""archive"":""none"",""capacity_bytes"":1048576,""checkpoint"":""2026-07-15T00:00:00Z"",""delay_us"":0,""feed_lag_us"":5000000,""feed_poll_interval_us"":60000000,""interval_us"":900000000,""order"":""forward"",""phase"":39,""phase_us"":585000000,""policy"":""P"",""q"":null}"
41,9e45b7c95024b8d210ff281311401b53b134c14de635ef5d2b2643017a355cc9,L-primary,"{""archive"":""none"",""capacity_bytes"":1048576,""checkpoint"":""2026-07-15T00:00:00Z"",""delay_us"":0,""feed_lag_us"":5000000,""feed_poll_interval_us"":60000000,""interval_us"":900000000,""order"":""forward"",""phase"":40,""phase_us"":600000000,""policy"":""P"",""q"":null}"
42,2220899b254948136ea1e563a707b197e517bab15a25f33339107d2bc287e835,L-primary,"{""archive"":""none"",""capacity_bytes"":1048576,""checkpoint"":""2026-07-15T00:00:00Z"",""delay_us"":0,""feed_lag_us"":5000000,""feed_poll_interval_us"":60000000,""interval_us"":900000000,""order"":""forward"",""phase"":41,""phase_us"":615000000,""policy"":""P"",""q"":null}"
43,5d349bf5cb395c299542106b90276e66aa566b05615136b8c0f6ce609c4744d2,L-primary,"{""archive"":""none"",""capacity_bytes"":1048576,""checkpoint"":""2026-07-15T00:00:00Z"",""delay_us"":0,""feed_lag_us"":5000000,""feed_poll_interval_us"":60000000,""interval_us"":900000000,""order"":""forward"",""phase"":42,""phase_us"":630000000,""policy"":""P"",""q"":null}"
44,88be0054d998646797163303cf8cc24e030b28228f5c14a55c9a0486cffe3b52,L-primary,"{""archive"":""none"",""capacity_bytes"":1048576,""checkpoint"":""2026-07-15T00:00:00Z"",""delay_us"":0,""feed_lag_us"":5000000,""feed_poll_interval_us"":60000000,""interval_us"":900000000,""order"":""forward"",""phase"":43,""phase_us"":645000000,""policy"":""P"",""q"":null}"
45,e32999531f087f4478d6eccf7e616854b6fdc5fcb0c76b4ac0ad91f67a6754d5,L-primary,"{""archive"":""none"",""capacity_bytes"":1048576,""checkpoint"":""2026-07-15T00:00:00Z"",""delay_us"":0,""feed_lag_us"":5000000,""feed_poll_interval_us"":60000000,""interval_us"":900000000,""order"":""forward"",""phase"":44,""phase_us"":660000000,""policy"":""P"",""q"":null}"
46,2f05a471f3108853578b6967d86a16b966f1979c9ee12b61f0513d9439eef83a,L-primary,"{""archive"":""none"",""capacity_bytes"":1048576,""checkpoint"":""2026-07-15T00:00:00Z"",""delay_us"":0,""feed_lag_us"":5000000,""feed_poll_interval_us"":60000000,""interval_us"":900000000,""order"":""forward"",""phase"":45,""phase_us"":675000000,""policy"":""P"",""q"":null}"
47,c1d655b0ef6dc81fb69089df4edf9cb8d888bf77e3703de6d6017097861e6565,L-primary,"{""archive"":""none"",""capacity_bytes"":1048576,""checkpoint"":""2026-07-15T00:00:00Z"",""delay_us"":0,""feed_lag_us"":5000000,""feed_poll_interval_us"":60000000,""interval_us"":900000000,""order"":""forward"",""phase"":46,""phase_us"":690000000,""policy"":""P"",""q"":null}"
48,c1765f3184fbdfa9095d2688f33e73c3cdd548e69983bb6f11c942ff6aae058f,L-primary,"{""archive"":""none"",""capacity_bytes"":1048576,""checkpoint"":""2026-07-15T00:00:00Z"",""delay_us"":0,""feed_lag_us"":5000000,""feed_poll_interval_us"":60000000,""interval_us"":900000000,""order"":""forward"",""phase"":47,""phase_us"":705000000,""policy"":""P"",""q"":null}"
49,c0636b55d42ade3dff00ae98bcca2f974bec9ad68524cb9b9614bfa011efd4b0,L-primary,"{""archive"":""none"",""capacity_bytes"":1048576,""checkpoint"":""2026-07-15T00:00:00Z"",""delay_us"":0,""feed_lag_us"":5000000,""feed_poll_interval_us"":60000000,""interval_us"":900000000,""order"":""forward"",""phase"":48,""phase_us"":720000000,""policy"":""P"",""q"":null}"
50,6bb6cb5231862f14b1d96b04945a226e4d0889d910c2214b4c078c62333e9045,L-primary,"{""archive"":""none"",""capacity_bytes"":1048576,""checkpoint"":""2026-07-15T00:00:00Z"",""delay_us"":0,""feed_lag_us"":5000000,""feed_poll_interval_us"":60000000,""interval_us"":900000000,""order"":""forward"",""phase"":49,""phase_us"":735000000,""policy"":""P"",""q"":null}"
51,a6170f6540babb795f78da4659835420ca90a9bbee0d9fe3f161f0f67fb20ebf,L-primary,"{""archive"":""none"",""capacity_bytes"":1048576,""checkpoint"":""2026-07-15T00:00:00Z"",""delay_us"":0,""feed_lag_us"":5000000,""feed_poll_interval_us"":60000000,""interval_us"":900000000,""order"":""forward"",""phase"":50,""phase_us"":750000000,""policy"":""P"",""q"":null}"
52,2a37218332e021dbecdb037884ec8a6e286c1facfeff6a9bcb192211c160faf4,L-primary,"{""archive"":""none"",""capacity_bytes"":1048576,""checkpoint"":""2026-07-15T00:00:00Z"",""delay_us"":0,""feed_lag_us"":5000000,""feed_poll_interval_us"":60000000,""interval_us"":900000000,""order"":""forward"",""phase"":51,""phase_us"":765000000,""policy"":""P"",""q"":null}"
53,321732a3dfc714333342756b97b1c8677955959beb05decd6ce0b6d0028afe3a,L-primary,"{""archive"":""none"",""capacity_bytes"":1048576,""checkpoint"":""2026-07-15T00:00:00Z"",""delay_us"":0,""feed_lag_us"":5000000,""feed_poll_interval_us"":60000000,""interval_us"":900000000,""order"":""forward"",""phase"":52,""phase_us"":780000000,""policy"":""P"",""q"":null}"
54,40576e9b86458627a554a0f6aa2b619340fb295f970fc49b24e03e284abefeab,L-primary,"{""archive"":""none"",""capacity_bytes"":1048576,""checkpoint"":""2026-07-15T00:00:00Z"",""delay_us"":0,""feed_lag_us"":5000000,""feed_poll_interval_us"":60000000,""interval_us"":900000000,""order"":""forward"",""phase"":53,""phase_us"":795000000,""policy"":""P"",""q"":null}"
55,98f9ada853421d846e36a4a54f390be7989b1899c4365fe9ed3509c079657827,L-primary,"{""archive"":""none"",""capacity_bytes"":1048576,""checkpoint"":""2026-07-15T00:00:00Z"",""delay_us"":0,""feed_lag_us"":5000000,""feed_poll_interval_us"":60000000,""interval_us"":900000000,""order"":""forward"",""phase"":54,""phase_us"":810000000,""policy"":""P"",""q"":null}"
56,98ad0810f94afe81f667aca19a29dd8ce77bf4a19a87115d54eea70a1aa7ce22,L-primary,"{""archive"":""none"",""capacity_bytes"":1048576,""checkpoint"":""2026-07-15T00:00:00Z"",""delay_us"":0,""feed_lag_us"":5000000,""feed_poll_interval_us"":60000000,""interval_us"":900000000,""order"":""forward"",""phase"":55,""phase_us"":825000000,""policy"":""P"",""q"":null}"
57,10f3862ec58ee48f09be5317df92641730b0daa141e0b906648561141f4ee24e,L-primary,"{""archive"":""none"",""capacity_bytes"":1048576,""checkpoint"":""2026-07-15T00:00:00Z"",""delay_us"":0,""feed_lag_us"":5000000,""feed_poll_interval_us"":60000000,""interval_us"":900000000,""order"":""forward"",""phase"":56,""phase_us"":840000000,""policy"":""P"",""q"":null}"
58,80d79a366681254034ed43185204a02033da2261374fe27e8b4ce900b9b53a7f,L-primary,"{""archive"":""none"",""capacity_bytes"":1048576,""checkpoint"":""2026-07-15T00:00:00Z"",""delay_us"":0,""feed_lag_us"":5000000,""feed_poll_interval_us"":60000000,""interval_us"":900000000,""order"":""forward"",""phase"":57,""phase_us"":855000000,""policy"":""P"",""q"":null}"
59,36d23c87b4532186f03e8cc86abd706105b5b2daf0ece277e4442d3f5147e71c,L-primary,"{""archive"":""none"",""capacity_bytes"":1048576,""checkpoint"":""2026-07-15T00:00:00Z"",""delay_us"":0,""feed_lag_us"":5000000,""feed_poll_interval_us"":60000000,""interval_us"":900000000,""order"":""forward"",""phase"":58,""phase_us"":870000000,""policy"":""P"",""q"":null}"
60,dc10c535fadcd583bbcc425ee29af4b1e2997e1d2a314acd087768a8aad9e20b,L-primary,"{""archive"":""none"",""capacity_bytes"":1048576,""checkpoint"":""2026-07-15T00:00:00Z"",""delay_us"":0,""feed_lag_us"":5000000,""feed_poll_interval_us"":60000000,""interval_us"":900000000,""order"":""forward"",""phase"":59,""phase_us"":885000000,""policy"":""P"",""q"":null}"
61,9211d360ed1f7b0f81c113ba26e743142d9ca53986cc8f009ac95d609c084938,L-primary,"{""archive"":""none"",""capacity_bytes"":1048576,""checkpoint"":""2026-07-15T00:00:00Z"",""delay_us"":0,""feed_lag_us"":5000000,""feed_poll_interval_us"":60000000,""interval_us"":900000000,""order"":""forward"",""phase"":0,""phase_us"":0,""policy"":""PD"",""q"":null}"
62,f42c47528651452fb2a3a91e9faf514bf03defc501dd518cbed0e7ba7437b6f4,L-primary,"{""archive"":""none"",""capacity_bytes"":1048576,""checkpoint"":""2026-07-15T00:00:00Z"",""delay_us"":0,""feed_lag_us"":5000000,""feed_poll_interval_us"":60000000,""interval_us"":900000000,""order"":""forward"",""phase"":1,""phase_us"":15000000,""policy"":""PD"",""q"":null}"
63,a35979b89298c01f43d6c84c7e3fde599b82262ef54d17323b50de1bd1bc607b,L-primary,"{""archive"":""none"",""capacity_bytes"":1048576,""checkpoint"":""2026-07-15T00:00:00Z"",""delay_us"":0,""feed_lag_us"":5000000,""feed_poll_interval_us"":60000000,""interval_us"":900000000,""order"":""forward"",""phase"":2,""phase_us"":30000000,""policy"":""PD"",""q"":null}"
64,cb9a60878a8de00bffc9c53d3b10d7501ea582ce9b9ea5830fc5309c508abd79,L-primary,"{""archive"":""none"",""capacity_bytes"":1048576,""checkpoint"":""2026-07-15T00:00:00Z"",""delay_us"":0,""feed_lag_us"":5000000,""feed_poll_interval_us"":60000000,""interval_us"":900000000,""order"":""forward"",""phase"":3,""phase_us"":45000000,""policy"":""PD"",""q"":null}"
65,c0bd8d464a2b7df7a032abee5b4e2f839236c645703836c7a616045cd8b17083,L-primary,"{""archive"":""none"",""capacity_bytes"":1048576,""checkpoint"":""2026-07-15T00:00:00Z"",""delay_us"":0,""feed_lag_us"":5000000,""feed_poll_interval_us"":60000000,""interval_us"":900000000,""order"":""forward"",""phase"":4,""phase_us"":60000000,""policy"":""PD"",""q"":null}"
66,d6372576a9a45d0b2f7e380520aa76832df0e5745d493ccfdc2c5516bf51126f,L-primary,"{""archive"":""none"",""capacity_bytes"":1048576,""checkpoint"":""2026-07-15T00:00:00Z"",""delay_us"":0,""feed_lag_us"":5000000,""feed_poll_interval_us"":60000000,""interval_us"":900000000,""order"":""forward"",""phase"":5,""phase_us"":75000000,""policy"":""PD"",""q"":null}"
67,2eb3df636231f5e2601207ed030c81570bfdde1c9a4a75d8a77d011d8e6523da,L-primary,"{""archive"":""none"",""capacity_bytes"":1048576,""checkpoint"":""2026-07-15T00:00:00Z"",""delay_us"":0,""feed_lag_us"":5000000,""feed_poll_interval_us"":60000000,""interval_us"":900000000,""order"":""forward"",""phase"":6,""phase_us"":90000000,""policy"":""PD"",""q"":null}"
68,47c26b23827c23b1c3ce4a0cfd3d518f5c9e378df706d205eb3ac4049cfc4c4a,L-primary,"{""archive"":""none"",""capacity_bytes"":1048576,""checkpoint"":""2026-07-15T00:00:00Z"",""delay_us"":0,""feed_lag_us"":5000000,""feed_poll_interval_us"":60000000,""interval_us"":900000000,""order"":""forward"",""phase"":7,""phase_us"":105000000,""policy"":""PD"",""q"":null}"
69,2a8583f7d979064da6ac2ec5cc8c4d547d51c88930d5024192e449220a33c200,L-primary,"{""archive"":""none"",""capacity_bytes"":1048576,""checkpoint"":""2026-07-15T00:00:00Z"",""delay_us"":0,""feed_lag_us"":5000000,""feed_poll_interval_us"":60000000,""interval_us"":900000000,""order"":""forward"",""phase"":8,""phase_us"":120000000,""policy"":""PD"",""q"":null}"
70,b2a9bca29428e5c39913dd4ecbb8562e10a701cc45b11b337ef6fb42b0485705,L-primary,"{""archive"":""none"",""capacity_bytes"":1048576,""checkpoint"":""2026-07-15T00:00:00Z"",""delay_us"":0,""feed_lag_us"":5000000,""feed_poll_interval_us"":60000000,""interval_us"":900000000,""order"":""forward"",""phase"":9,""phase_us"":135000000,""policy"":""PD"",""q"":null}"
71,0aa6fc7a15789fa8ffe170dfb44da8d7ec21033e0eb4823e1bd7fd85a1aa7591,L-primary,"{""archive"":""none"",""capacity_bytes"":1048576,""checkpoint"":""2026-07-15T00:00:00Z"",""delay_us"":0,""feed_lag_us"":5000000,""feed_poll_interval_us"":60000000,""interval_us"":900000000,""order"":""forward"",""phase"":10,""phase_us"":150000000,""policy"":""PD"",""q"":null}"
72,2939c52515945a86c7bb8f45bdbed5a0ec7a248a39a66ea4ed68d737a9aeba0d,L-primary,"{""archive"":""none"",""capacity_bytes"":1048576,""checkpoint"":""2026-07-15T00:00:00Z"",""delay_us"":0,""feed_lag_us"":5000000,""feed_poll_interval_us"":60000000,""interval_us"":900000000,""order"":""forward"",""phase"":11,""phase_us"":165000000,""policy"":""PD"",""q"":null}"
73,f66325866e7c5ea65c1baabde736eb8375d37bd49bb47bffecc8587886e19f21,L-primary,"{""archive"":""none"",""capacity_bytes"":1048576,""checkpoint"":""2026-07-15T00:00:00Z"",""delay_us"":0,""feed_lag_us"":5000000,""feed_poll_interval_us"":60000000,""interval_us"":900000000,""order"":""forward"",""phase"":12,""phase_us"":180000000,""policy"":""PD"",""q"":null}"
74,9bbf72655862e6c803012778b92fb89e414648c4252df731c5ce754d2f39bcf9,L-primary,"{""archive"":""none"",""capacity_bytes"":1048576,""checkpoint"":""2026-07-15T00:00:00Z"",""delay_us"":0,""feed_lag_us"":5000000,""feed_poll_interval_us"":60000000,""interval_us"":900000000,""order"":""forward"",""phase"":13,""phase_us"":195000000,""policy"":""PD"",""q"":null}"
75,ef66ec942577e79f815479a3cfd6f55d1c893a3fe276eda12fcaedf64b52f2b6,L-primary,"{""archive"":""none"",""capacity_bytes"":1048576,""checkpoint"":""2026-07-15T00:00:00Z"",""delay_us"":0,""feed_lag_us"":5000000,""feed_poll_interval_us"":60000000,""interval_us"":900000000,""order"":""forward"",""phase"":14,""phase_us"":210000000,""policy"":""PD"",""q"":null}"
76,36be75c371cf45b7d40d3deb45a20b63e744d0ad198a455744bb459d5fa9b5ca,L-primary,"{""archive"":""none"",""capacity_bytes"":1048576,""checkpoint"":""2026-07-15T00:00:00Z"",""delay_us"":0,""feed_lag_us"":5000000,""feed_poll_interval_us"":60000000,""interval_us"":900000000,""order"":""forward"",""phase"":15,""phase_us"":225000000,""policy"":""PD"",""q"":null}"
77,3dbe56f58f461a68f6fa0db981016ec4b7cf38f2ef8f4d0b3d6c6bd364309ec8,L-primary,"{""archive"":""none"",""capacity_bytes"":1048576,""checkpoint"":""2026-07-15T00:00:00Z"",""delay_us"":0,""feed_lag_us"":5000000,""feed_poll_interval_us"":60000000,""interval_us"":900000000,""order"":""forward"",""phase"":16,""phase_us"":240000000,""policy"":""PD"",""q"":null}"
78,3f39591c44e154dcddd6d732fd11324cc33bdd96f2dfa54de88beb698124f35c,L-primary,"{""archive"":""none"",""capacity_bytes"":1048576,""checkpoint"":""2026-07-15T00:00:00Z"",""delay_us"":0,""feed_lag_us"":5000000,""feed_poll_interval_us"":60000000,""interval_us"":900000000,""order"":""forward"",""phase"":17,""phase_us"":255000000,""policy"":""PD"",""q"":null}"
79,645d2ed66e0e98633ddba9c9d0054dd172edff1e22e1c7c8953a51c1f80e4f3b,L-primary,"{""archive"":""none"",""capacity_bytes"":1048576,""checkpoint"":""2026-07-15T00:00:00Z"",""delay_us"":0,""feed_lag_us"":5000000,""feed_poll_interval_us"":60000000,""interval_us"":900000000,""order"":""forward"",""phase"":18,""phase_us"":270000000,""policy"":""PD"",""q"":null}"
80,99cb5edfbc7575411eb878c7a4f4367a1681ec30ef89fcd148db8b59512acbfb,L-primary,"{""archive"":""none"",""capacity_bytes"":1048576,""checkpoint"":""2026-07-15T00:00:00Z"",""delay_us"":0,""feed_lag_us"":5000000,""feed_poll_interval_us"":60000000,""interval_us"":900000000,""order"":""forward"",""phase"":19,""phase_us"":285000000,""policy"":""PD"",""q"":null}"
81,770763f0169d67130329ecaa063d88c288f5ba29de05fa0a10801445d69df5dd,L-primary,"{""archive"":""none"",""capacity_bytes"":1048576,""checkpoint"":""2026-07-15T00:00:00Z"",""delay_us"":0,""feed_lag_us"":5000000,""feed_poll_interval_us"":60000000,""interval_us"":900000000,""order"":""forward"",""phase"":20,""phase_us"":300000000,""policy"":""PD"",""q"":null}"
82,839a9814e24fb20c748e5111b9daafa81b1b984b29a01192e8be32120179d4b9,L-primary,"{""archive"":""none"",""capacity_bytes"":1048576,""checkpoint"":""2026-07-15T00:00:00Z"",""delay_us"":0,""feed_lag_us"":5000000,""feed_poll_interval_us"":60000000,""interval_us"":900000000,""order"":""forward"",""phase"":21,""phase_us"":315000000,""policy"":""PD"",""q"":null}"
83,88197e346b78049ed83e525528c38c1741278323b5fa935c30b71065407007ff,L-primary,"{""archive"":""none"",""capacity_bytes"":1048576,""checkpoint"":""2026-07-15T00:00:00Z"",""delay_us"":0,""feed_lag_us"":5000000,""feed_poll_interval_us"":60000000,""interval_us"":900000000,""order"":""forward"",""phase"":22,""phase_us"":330000000,""policy"":""PD"",""q"":null}"
84,3caf91298f029193c8efec6940f6ccb1faed9171e84b2219abd836333944fdb4,L-primary,"{""archive"":""none"",""capacity_bytes"":1048576,""checkpoint"":""2026-07-15T00:00:00Z"",""delay_us"":0,""feed_lag_us"":5000000,""feed_poll_interval_us"":60000000,""interval_us"":900000000,""order"":""forward"",""phase"":23,""phase_us"":345000000,""policy"":""PD"",""q"":null}"
85,18b9cfdacd64ec2c8b3768a63cdcffe9dda4b5e082b63cbdbcde67a02ba29714,L-primary,"{""archive"":""none"",""capacity_bytes"":1048576,""checkpoint"":""2026-07-15T00:00:00Z"",""delay_us"":0,""feed_lag_us"":5000000,""feed_poll_interval_us"":60000000,""interval_us"":900000000,""order"":""forward"",""phase"":24,""phase_us"":360000000,""policy"":""PD"",""q"":null}"
86,86662e0f7ce09889e39fe5707b1d94773419afb0ccb6a6108ea85273b61c70f2,L-primary,"{""archive"":""none"",""capacity_bytes"":1048576,""checkpoint"":""2026-07-15T00:00:00Z"",""delay_us"":0,""feed_lag_us"":5000000,""feed_poll_interval_us"":60000000,""interval_us"":900000000,""order"":""forward"",""phase"":25,""phase_us"":375000000,""policy"":""PD"",""q"":null}"
87,4b5d79fcfe1de65328ad7ee3b1986114196f14caf4289d3f343db5e12a227182,L-primary,"{""archive"":""none"",""capacity_bytes"":1048576,""checkpoint"":""2026-07-15T00:00:00Z"",""delay_us"":0,""feed_lag_us"":5000000,""feed_poll_interval_us"":60000000,""interval_us"":900000000,""order"":""forward"",""phase"":26,""phase_us"":390000000,""policy"":""PD"",""q"":null}"
88,9f3bf0b3dbbc3b21e70be0f87c53e282a86a1e3e5878f5dd98a17407791d7c90,L-primary,"{""archive"":""none"",""capacity_bytes"":1048576,""checkpoint"":""2026-07-15T00:00:00Z"",""delay_us"":0,""feed_lag_us"":5000000,""feed_poll_interval_us"":60000000,""interval_us"":900000000,""order"":""forward"",""phase"":27,""phase_us"":405000000,""policy"":""PD"",""q"":null}"
89,77e7c9f8d85b801025e006af461b5a9be1b1077162d45b45b6747b122b50ce05,L-primary,"{""archive"":""none"",""capacity_bytes"":1048576,""checkpoint"":""2026-07-15T00:00:00Z"",""delay_us"":0,""feed_lag_us"":5000000,""feed_poll_interval_us"":60000000,""interval_us"":900000000,""order"":""forward"",""phase"":28,""phase_us"":420000000,""policy"":""PD"",""q"":null}"
90,0580a4d381de813f9909b43239c0abb7f5203b14888092456ef244a04ffe0e91,L-primary,"{""archive"":""none"",""capacity_bytes"":1048576,""checkpoint"":""2026-07-15T00:00:00Z"",""delay_us"":0,""feed_lag_us"":5000000,""feed_poll_interval_us"":60000000,""interval_us"":900000000,""order"":""forward"",""phase"":29,""phase_us"":435000000,""policy"":""PD"",""q"":null}"
91,2fcc6257f3e04dbbfbc4c7be64e85df1a135ceca8bfe7fd9110a77ab670c38b1,L-primary,"{""archive"":""none"",""capacity_bytes"":1048576,""checkpoint"":""2026-07-15T00:00:00Z"",""delay_us"":0,""feed_lag_us"":5000000,""feed_poll_interval_us"":60000000,""interval_us"":900000000,""order"":""forward"",""phase"":30,""phase_us"":450000000,""policy"":""PD"",""q"":null}"
92,955f160ce5f086f21aaaec650b93b7db369ce8ac1147cf312b81b709c1775020,L-primary,"{""archive"":""none"",""capacity_bytes"":1048576,""checkpoint"":""2026-07-15T00:00:00Z"",""delay_us"":0,""feed_lag_us"":5000000,""feed_poll_interval_us"":60000000,""interval_us"":900000000,""order"":""forward"",""phase"":31,""phase_us"":465000000,""policy"":""PD"",""q"":null}"
93,4fa68bf12048b63d3e88f6c9e5b1b41ddb71ad6277ac57bad1fd86b990fb4d7e,L-primary,"{""archive"":""none"",""capacity_bytes"":1048576,""checkpoint"":""2026-07-15T00:00:00Z"",""delay_us"":0,""feed_lag_us"":5000000,""feed_poll_interval_us"":60000000,""interval_us"":900000000,""order"":""forward"",""phase"":32,""phase_us"":480000000,""policy"":""PD"",""q"":null}"
94,aaa4af51e82e906c314c8b24e75509eb9ab33db7890f5f70ac17cb9957e1cde1,L-primary,"{""archive"":""none"",""capacity_bytes"":1048576,""checkpoint"":""2026-07-15T00:00:00Z"",""delay_us"":0,""feed_lag_us"":5000000,""feed_poll_interval_us"":60000000,""interval_us"":900000000,""order"":""forward"",""phase"":33,""phase_us"":495000000,""policy"":""PD"",""q"":null}"
95,f75729739abdf06a8974b4d03e389b20affa2fb8e43ccd70341d25ef52112511,L-primary,"{""archive"":""none"",""capacity_bytes"":1048576,""checkpoint"":""2026-07-15T00:00:00Z"",""delay_us"":0,""feed_lag_us"":5000000,""feed_poll_interval_us"":60000000,""interval_us"":900000000,""order"":""forward"",""phase"":34,""phase_us"":510000000,""policy"":""PD"",""q"":null}"
96,719d6be17974cc5b634f2d6508413b88417cbddfa55f8bbd006565c9b8d45122,L-primary,"{""archive"":""none"",""capacity_bytes"":1048576,""checkpoint"":""2026-07-15T00:00:00Z"",""delay_us"":0,""feed_lag_us"":5000000,""feed_poll_interval_us"":60000000,""interval_us"":900000000,""order"":""forward"",""phase"":35,""phase_us"":525000000,""policy"":""PD"",""q"":null}"
97,dd26739b8883f8379fdc69854b72a8dd82986226b9ea1e61a5762d33696d6feb,L-primary,"{""archive"":""none"",""capacity_bytes"":1048576,""checkpoint"":""2026-07-15T00:00:00Z"",""delay_us"":0,""feed_lag_us"":5000000,""feed_poll_interval_us"":60000000,""interval_us"":900000000,""order"":""forward"",""phase"":36,""phase_us"":540000000,""policy"":""PD"",""q"":null}"
98,8a622459f2443f1b3679b6a9a956659cdf84df6236fba15a0490423dacd5c445,L-primary,"{""archive"":""none"",""capacity_bytes"":1048576,""checkpoint"":""2026-07-15T00:00:00Z"",""delay_us"":0,""feed_lag_us"":5000000,""feed_poll_interval_us"":60000000,""interval_us"":900000000,""order"":""forward"",""phase"":37,""phase_us"":555000000,""policy"":""PD"",""q"":null}"
99,ce0118309f9bf201e38fc0b7fc024ff94509ef9afe040883588928f1e7aa9b70,L-primary,"{""archive"":""none"",""capacity_bytes"":1048576,""checkpoint"":""2026-07-15T00:00:00Z"",""delay_us"":0,""feed_lag_us"":5000000,""feed_poll_interval_us"":60000000,""interval_us"":900000000,""order"":""forward"",""phase"":38,""phase_us"":570000000,""policy"":""PD"",""q"":null}"
100,4352d9f145a0dcc7f03ab95fd93ad4cabca76f531987131ada5b0ee3230e0f8e,L-primary,"{""archive"":""none"",""capacity_bytes"":1048576,""checkpoint"":""2026-07-15T00:00:00Z"",""delay_us"":0,""feed_lag_us"":5000000,""feed_poll_interval_us"":60000000,""interval_us"":900000000,""order"":""forward"",""phase"":39,""phase_us"":585000000,""policy"":""PD"",""q"":null}"
101,93c1e2954c0fa8e67d111b949955f1d86536abc3303962f6860fdc93da4fc00a,L-primary,"{""archive"":""none"",""capacity_bytes"":1048576,""checkpoint"":""2026-07-15T00:00:00Z"",""delay_us"":0,""feed_lag_us"":5000000,""feed_poll_interval_us"":60000000,""interval_us"":900000000,""order"":""forward"",""phase"":40,""phase_us"":600000000,""policy"":""PD"",""q"":null}"
102,4683d38b16e4a06ef0a80538e837e79e27dc61f29c1ec279b53f1676b834e178,L-primary,"{""archive"":""none"",""capacity_bytes"":1048576,""checkpoint"":""2026-07-15T00:00:00Z"",""delay_us"":0,""feed_lag_us"":5000000,""feed_poll_interval_us"":60000000,""interval_us"":900000000,""order"":""forward"",""phase"":41,""phase_us"":615000000,""policy"":""PD"",""q"":null}"
103,3be6e23f06fc2d50024e51b0b2ede98f8427491c78851096777ed5212530a9cc,L-primary,"{""archive"":""none"",""capacity_bytes"":1048576,""checkpoint"":""2026-07-15T00:00:00Z"",""delay_us"":0,""feed_lag_us"":5000000,""feed_poll_interval_us"":60000000,""interval_us"":900000000,""order"":""forward"",""phase"":42,""phase_us"":630000000,""policy"":""PD"",""q"":null}"
104,09bb337df6cac0cc4eac73da954ee03220c7e2dab4906794f2d3c04554e99c66,L-primary,"{""archive"":""none"",""capacity_bytes"":1048576,""checkpoint"":""2026-07-15T00:00:00Z"",""delay_us"":0,""feed_lag_us"":5000000,""feed_poll_interval_us"":60000000,""interval_us"":900000000,""order"":""forward"",""phase"":43,""phase_us"":645000000,""policy"":""PD"",""q"":null}"
105,055c96b43364f5e14922573a91378e560e7163e5cc771b8dda6fe0ea651cf357,L-primary,"{""archive"":""none"",""capacity_bytes"":1048576,""checkpoint"":""2026-07-15T00:00:00Z"",""delay_us"":0,""feed_lag_us"":5000000,""feed_poll_interval_us"":60000000,""interval_us"":900000000,""order"":""forward"",""phase"":44,""phase_us"":660000000,""policy"":""PD"",""q"":null}"
106,f8e82a72ef2ff7eaf7400798fcb9e08d6ff88fc53baa70af8359d1b5bd68ae5d,L-primary,"{""archive"":""none"",""capacity_bytes"":1048576,""checkpoint"":""2026-07-15T00:00:00Z"",""delay_us"":0,""feed_lag_us"":5000000,""feed_poll_interval_us"":60000000,""interval_us"":900000000,""order"":""forward"",""phase"":45,""phase_us"":675000000,""policy"":""PD"",""q"":null}"
107,4ad27b77599896ed316ec727ecdce2a5d0d25080aaa345e26e002097a6816d59,L-primary,"{""archive"":""none"",""capacity_bytes"":1048576,""checkpoint"":""2026-07-15T00:00:00Z"",""delay_us"":0,""feed_lag_us"":5000000,""feed_poll_interval_us"":60000000,""interval_us"":900000000,""order"":""forward"",""phase"":46,""phase_us"":690000000,""policy"":""PD"",""q"":null}"
108,66b4345d871aad3539f9e367861f501f9c8c7fa53dee859778201fac9d00910a,L-primary,"{""archive"":""none"",""capacity_bytes"":1048576,""checkpoint"":""2026-07-15T00:00:00Z"",""delay_us"":0,""feed_lag_us"":5000000,""feed_poll_interval_us"":60000000,""interval_us"":900000000,""order"":""forward"",""phase"":47,""phase_us"":705000000,""policy"":""PD"",""q"":null}"
109,27389d40a9d6d9d8d4fb464e298b81e65de03b1f256b4ebb417910888c6cf9b5,L-primary,"{""archive"":""none"",""capacity_bytes"":1048576,""checkpoint"":""2026-07-15T00:00:00Z"",""delay_us"":0,""feed_lag_us"":5000000,""feed_poll_interval_us"":60000000,""interval_us"":900000000,""order"":""forward"",""phase"":48,""phase_us"":720000000,""policy"":""PD"",""q"":null}"
110,ac48433d7900b01269140d530b84b258952f0cef67279e52b8c8d05243091bf8,L-primary,"{""archive"":""none"",""capacity_bytes"":1048576,""checkpoint"":""2026-07-15T00:00:00Z"",""delay_us"":0,""feed_lag_us"":5000000,""feed_poll_interval_us"":60000000,""interval_us"":900000000,""order"":""forward"",""phase"":49,""phase_us"":735000000,""policy"":""PD"",""q"":null}"
111,78b28c194ffd8d89e4ace4f84a6d476a24482f3b31472e2555662b9081dfb7b5,L-primary,"{""archive"":""none"",""capacity_bytes"":1048576,""checkpoint"":""2026-07-15T00:00:00Z"",""delay_us"":0,""feed_lag_us"":5000000,""feed_poll_interval_us"":60000000,""interval_us"":900000000,""order"":""forward"",""phase"":50,""phase_us"":750000000,""policy"":""PD"",""q"":null}"
112,8798b4b9c68741d753972c71cd4bf8774a0fe5e02cb5ddebecd25a4df20df0a3,L-primary,"{""archive"":""none"",""capacity_bytes"":1048576,""checkpoint"":""2026-07-15T00:00:00Z"",""delay_us"":0,""feed_lag_us"":5000000,""feed_poll_interval_us"":60000000,""interval_us"":900000000,""order"":""forward"",""phase"":51,""phase_us"":765000000,""policy"":""PD"",""q"":null}"
113,f32e67ec7cd1f66da1a77eba29c4a5c87cf8d93b440c4592fc27483b1359aa96,L-primary,"{""archive"":""none"",""capacity_bytes"":1048576,""checkpoint"":""2026-07-15T00:00:00Z"",""delay_us"":0,""feed_lag_us"":5000000,""feed_poll_interval_us"":60000000,""interval_us"":900000000,""order"":""forward"",""phase"":52,""phase_us"":780000000,""policy"":""PD"",""q"":null}"
114,a6d313c2c2f3826224d5214384ce5bfcda87bca703926e32cfbd97829dc2a224,L-primary,"{""archive"":""none"",""capacity_bytes"":1048576,""checkpoint"":""2026-07-15T00:00:00Z"",""delay_us"":0,""feed_lag_us"":5000000,""feed_poll_interval_us"":60000000,""interval_us"":900000000,""order"":""forward"",""phase"":53,""phase_us"":795000000,""policy"":""PD"",""q"":null}"
115,4a2aa2b8a5c2ce4315814dca86f525aca75d169fe42201095e759bc4c2f490b7,L-primary,"{""archive"":""none"",""capacity_bytes"":1048576,""checkpoint"":""2026-07-15T00:00:00Z"",""delay_us"":0,""feed_lag_us"":5000000,""feed_poll_interval_us"":60000000,""interval_us"":900000000,""order"":""forward"",""phase"":54,""phase_us"":810000000,""policy"":""PD"",""q"":null}"
116,ca953ae36186b1f6d21f1dd21f5c4e6b5e73abe3f442071130d910773141b97d,L-primary,"{""archive"":""none"",""capacity_bytes"":1048576,""checkpoint"":""2026-07-15T00:00:00Z"",""delay_us"":0,""feed_lag_us"":5000000,""feed_poll_interval_us"":60000000,""interval_us"":900000000,""order"":""forward"",""phase"":55,""phase_us"":825000000,""policy"":""PD"",""q"":null}"
117,efa3dcf372eb9125eff536fdbd9c77534f3baa17a52b7c9476abbda310e2f978,L-primary,"{""archive"":""none"",""capacity_bytes"":1048576,""checkpoint"":""2026-07-15T00:00:00Z"",""delay_us"":0,""feed_lag_us"":5000000,""feed_poll_interval_us"":60000000,""interval_us"":900000000,""order"":""forward"",""phase"":56,""phase_us"":840000000,""policy"":""PD"",""q"":null}"
118,867f1a0070ce0aa2e03d938387ebd60385f78180ce97b21391ca8237e49134bf,L-primary,"{""archive"":""none"",""capacity_bytes"":1048576,""checkpoint"":""2026-07-15T00:00:00Z"",""delay_us"":0,""feed_lag_us"":5000000,""feed_poll_interval_us"":60000000,""interval_us"":900000000,""order"":""forward"",""phase"":57,""phase_us"":855000000,""policy"":""PD"",""q"":null}"
119,a704f9f581010a7c8a0e203b8c3725c363b855ce875679c07610a25db165f5bf,L-primary,"{""archive"":""none"",""capacity_bytes"":1048576,""checkpoint"":""2026-07-15T00:00:00Z"",""delay_us"":0,""feed_lag_us"":5000000,""feed_poll_interval_us"":60000000,""interval_us"":900000000,""order"":""forward"",""phase"":58,""phase_us"":870000000,""policy"":""PD"",""q"":null}"
120,7d56b180204dfb8e55274c61c58389d582727ee95145d6a52733192d29ff59bc,L-primary,"{""archive"":""none"",""capacity_bytes"":1048576,""checkpoint"":""2026-07-15T00:00:00Z"",""delay_us"":0,""feed_lag_us"":5000000,""feed_poll_interval_us"":60000000,""interval_us"":900000000,""order"":""forward"",""phase"":59,""phase_us"":885000000,""policy"":""PD"",""q"":null}"
121,350a997c9aed4846d9761ec04585b99f31f5716068e744b04ef9a591283edafb,L-primary,"{""archive"":""none"",""capacity_bytes"":1048576,""checkpoint"":""2026-07-15T00:00:00Z"",""delay_us"":0,""feed_lag_us"":5000000,""feed_poll_interval_us"":60000000,""interval_us"":900000000,""order"":""forward"",""phase"":0,""phase_us"":0,""policy"":""PCD"",""q"":null}"
122,cf6b3ba996d44a112a40b1a5924006f3974fa0b1e54f60bfe70722abb1923b97,L-primary,"{""archive"":""none"",""capacity_bytes"":1048576,""checkpoint"":""2026-07-15T00:00:00Z"",""delay_us"":0,""feed_lag_us"":5000000,""feed_poll_interval_us"":60000000,""interval_us"":900000000,""order"":""forward"",""phase"":1,""phase_us"":15000000,""policy"":""PCD"",""q"":null}"
123,09dc98faff4f1f99e98e911311fb1017e98a399005e8b42a2ae5f671f592ba5b,L-primary,"{""archive"":""none"",""capacity_bytes"":1048576,""checkpoint"":""2026-07-15T00:00:00Z"",""delay_us"":0,""feed_lag_us"":5000000,""feed_poll_interval_us"":60000000,""interval_us"":900000000,""order"":""forward"",""phase"":2,""phase_us"":30000000,""policy"":""PCD"",""q"":null}"
124,e58e341e469b246d696a4a79cb1394b8c2bc3bddc781964e7e6d9d805c1ae443,L-primary,"{""archive"":""none"",""capacity_bytes"":1048576,""checkpoint"":""2026-07-15T00:00:00Z"",""delay_us"":0,""feed_lag_us"":5000000,""feed_poll_interval_us"":60000000,""interval_us"":900000000,""order"":""forward"",""phase"":3,""phase_us"":45000000,""policy"":""PCD"",""q"":null}"
125,fe50cd650b204029c4b754af57f1ea191f08defe71e87dd6a492ca85b044cccc,L-primary,"{""archive"":""none"",""capacity_bytes"":1048576,""checkpoint"":""2026-07-15T00:00:00Z"",""delay_us"":0,""feed_lag_us"":5000000,""feed_poll_interval_us"":60000000,""interval_us"":900000000,""order"":""forward"",""phase"":4,""phase_us"":60000000,""policy"":""PCD"",""q"":null}"
126,b60c7af7dbd5adb02428bfe780285516f4ffe7dacfcd6b29825f281e80454e93,L-primary,"{""archive"":""none"",""capacity_bytes"":1048576,""checkpoint"":""2026-07-15T00:00:00Z"",""delay_us"":0,""feed_lag_us"":5000000,""feed_poll_interval_us"":60000000,""interval_us"":900000000,""order"":""forward"",""phase"":5,""phase_us"":75000000,""policy"":""PCD"",""q"":null}"
127,03edc3c61eba1ee857d6514c5de48dd7779a55d172846de25e7c8c7dfb15a65b,L-primary,"{""archive"":""none"",""capacity_bytes"":1048576,""checkpoint"":""2026-07-15T00:00:00Z"",""delay_us"":0,""feed_lag_us"":5000000,""feed_poll_interval_us"":60000000,""interval_us"":900000000,""order"":""forward"",""phase"":6,""phase_us"":90000000,""policy"":""PCD"",""q"":null}"
128,746a90cfefa5040ae180bb247ebfc67d421bdcc23a5d3fbe2a7856a1c534f8d7,L-primary,"{""archive"":""none"",""capacity_bytes"":1048576,""checkpoint"":""2026-07-15T00:00:00Z"",""delay_us"":0,""feed_lag_us"":5000000,""feed_poll_interval_us"":60000000,""interval_us"":900000000,""order"":""forward"",""phase"":7,""phase_us"":105000000,""policy"":""PCD"",""q"":null}"
129,fe0ee809cb9143c6e68d66b132f797d4d6d7f902398ea6760378756f52cd50c3,L-primary,"{""archive"":""none"",""capacity_bytes"":1048576,""checkpoint"":""2026-07-15T00:00:00Z"",""delay_us"":0,""feed_lag_us"":5000000,""feed_poll_interval_us"":60000000,""interval_us"":900000000,""order"":""forward"",""phase"":8,""phase_us"":120000000,""policy"":""PCD"",""q"":null}"
130,590aca6092a3b9fd579ffebfe92ff0b0e01931d3d021b9d4676a986ed16e3bb9,L-primary,"{""archive"":""none"",""capacity_bytes"":1048576,""checkpoint"":""2026-07-15T00:00:00Z"",""delay_us"":0,""feed_lag_us"":5000000,""feed_poll_interval_us"":60000000,""interval_us"":900000000,""order"":""forward"",""phase"":9,""phase_us"":135000000,""policy"":""PCD"",""q"":null}"
131,c4868d9878759c36db34f305060e7c3f5d6d056f6274cd4bef878116c33f5e32,L-primary,"{""archive"":""none"",""capacity_bytes"":1048576,""checkpoint"":""2026-07-15T00:00:00Z"",""delay_us"":0,""feed_lag_us"":5000000,""feed_poll_interval_us"":60000000,""interval_us"":900000000,""order"":""forward"",""phase"":10,""phase_us"":150000000,""policy"":""PCD"",""q"":null}"
132,a23dae22740cc2ca08b0b6b0724badf09e70db644e1d4a02df1b48eefb9e63cb,L-primary,"{""archive"":""none"",""capacity_bytes"":1048576,""checkpoint"":""2026-07-15T00:00:00Z"",""delay_us"":0,""feed_lag_us"":5000000,""feed_poll_interval_us"":60000000,""interval_us"":900000000,""order"":""forward"",""phase"":11,""phase_us"":165000000,""policy"":""PCD"",""q"":null}"
133,f9005b5a00755b8dee595cf5d7175269362fdf5ce668138d53ef980e3a8e6092,L-primary,"{""archive"":""none"",""capacity_bytes"":1048576,""checkpoint"":""2026-07-15T00:00:00Z"",""delay_us"":0,""feed_lag_us"":5000000,""feed_poll_interval_us"":60000000,""interval_us"":900000000,""order"":""forward"",""phase"":12,""phase_us"":180000000,""policy"":""PCD"",""q"":null}"
134,ab5b3ca90c4df8545c847ef02d7f7af9552db9fdc5e94d38c582cbf87d2214ab,L-primary,"{""archive"":""none"",""capacity_bytes"":1048576,""checkpoint"":""2026-07-15T00:00:00Z"",""delay_us"":0,""feed_lag_us"":5000000,""feed_poll_interval_us"":60000000,""interval_us"":900000000,""order"":""forward"",""phase"":13,""phase_us"":195000000,""policy"":""PCD"",""q"":null}"
135,81cfbce6f61b855af5cc16fef06c9c8c4eb84276ebde49bb0899465fccc316e2,L-primary,"{""archive"":""none"",""capacity_bytes"":1048576,""checkpoint"":""2026-07-15T00:00:00Z"",""delay_us"":0,""feed_lag_us"":5000000,""feed_poll_interval_us"":60000000,""interval_us"":900000000,""order"":""forward"",""phase"":14,""phase_us"":210000000,""policy"":""PCD"",""q"":null}"
136,9ae5db4f7b254af96faf8b9e6f9c8b5917945d2c6503c71c6c98f5393f61b803,L-primary,"{""archive"":""none"",""capacity_bytes"":1048576,""checkpoint"":""2026-07-15T00:00:00Z"",""delay_us"":0,""feed_lag_us"":5000000,""feed_poll_interval_us"":60000000,""interval_us"":900000000,""order"":""forward"",""phase"":15,""phase_us"":225000000,""policy"":""PCD"",""q"":null}"
137,9697f3de580f1c53c11595056cabbc4f9ad71ae1e8cb474b464ca00231647841,L-primary,"{""archive"":""none"",""capacity_bytes"":1048576,""checkpoint"":""2026-07-15T00:00:00Z"",""delay_us"":0,""feed_lag_us"":5000000,""feed_poll_interval_us"":60000000,""interval_us"":900000000,""order"":""forward"",""phase"":16,""phase_us"":240000000,""policy"":""PCD"",""q"":null}"
138,4cd75a12f6c6f4732b2dcfa1b9f7301eb76a4c21c9aaa773963d0d018b8f484f,L-primary,"{""archive"":""none"",""capacity_bytes"":1048576,""checkpoint"":""2026-07-15T00:00:00Z"",""delay_us"":0,""feed_lag_us"":5000000,""feed_poll_interval_us"":60000000,""interval_us"":900000000,""order"":""forward"",""phase"":17,""phase_us"":255000000,""policy"":""PCD"",""q"":null}"
139,74f9ba0e88a8895566347e5edb4d6feed554dfb3f20a56a0aa217b7afbacb89c,L-primary,"{""archive"":""none"",""capacity_bytes"":1048576,""checkpoint"":""2026-07-15T00:00:00Z"",""delay_us"":0,""feed_lag_us"":5000000,""feed_poll_interval_us"":60000000,""interval_us"":900000000,""order"":""forward"",""phase"":18,""phase_us"":270000000,""policy"":""PCD"",""q"":null}"
140,2afe9d19974d19a409c3732f8d2d18772b212ed98eb722b4395a14a6a64e152f,L-primary,"{""archive"":""none"",""capacity_bytes"":1048576,""checkpoint"":""2026-07-15T00:00:00Z"",""delay_us"":0,""feed_lag_us"":5000000,""feed_poll_interval_us"":60000000,""interval_us"":900000000,""order"":""forward"",""phase"":19,""phase_us"":285000000,""policy"":""PCD"",""q"":null}"
141,b41eedd586c560096fb3a1f482e52b24ac512a4d274dc7d67c50077b64296d59,L-primary,"{""archive"":""none"",""capacity_bytes"":1048576,""checkpoint"":""2026-07-15T00:00:00Z"",""delay_us"":0,""feed_lag_us"":5000000,""feed_poll_interval_us"":60000000,""interval_us"":900000000,""order"":""forward"",""phase"":20,""phase_us"":300000000,""policy"":""PCD"",""q"":null}"
142,3fe850be399ec8cb427bcb7abaa74715b4383c7f72e4d8072df97a335da79cdd,L-primary,"{""archive"":""none"",""capacity_bytes"":1048576,""checkpoint"":""2026-07-15T00:00:00Z"",""delay_us"":0,""feed_lag_us"":5000000,""feed_poll_interval_us"":60000000,""interval_us"":900000000,""order"":""forward"",""phase"":21,""phase_us"":315000000,""policy"":""PCD"",""q"":null}"
143,7c094b3d9c6079fb088207934d0778a0bd61839d117af3bf9b1c447d0f6a0b80,L-primary,"{""archive"":""none"",""capacity_bytes"":1048576,""checkpoint"":""2026-07-15T00:00:00Z"",""delay_us"":0,""feed_lag_us"":5000000,""feed_poll_interval_us"":60000000,""interval_us"":900000000,""order"":""forward"",""phase"":22,""phase_us"":330000000,""policy"":""PCD"",""q"":null}"
144,8abd063f37c3fc5165771ce61d210f95b1e7fb1523517684d5b4569d2304b404,L-primary,"{""archive"":""none"",""capacity_bytes"":1048576,""checkpoint"":""2026-07-15T00:00:00Z"",""delay_us"":0,""feed_lag_us"":5000000,""feed_poll_interval_us"":60000000,""interval_us"":900000000,""order"":""forward"",""phase"":23,""phase_us"":345000000,""policy"":""PCD"",""q"":null}"
145,b2f9e1483bce5f1cb00e46db504957862b05afb0e37b46eccf9e3171e51cfeed,L-primary,"{""archive"":""none"",""capacity_bytes"":1048576,""checkpoint"":""2026-07-15T00:00:00Z"",""delay_us"":0,""feed_lag_us"":5000000,""feed_poll_interval_us"":60000000,""interval_us"":900000000,""order"":""forward"",""phase"":24,""phase_us"":360000000,""policy"":""PCD"",""q"":null}"
146,06243a29d97c23210a71006ec2aa19bc359824c5dce264025c15657f8a9c821d,L-primary,"{""archive"":""none"",""capacity_bytes"":1048576,""checkpoint"":""2026-07-15T00:00:00Z"",""delay_us"":0,""feed_lag_us"":5000000,""feed_poll_interval_us"":60000000,""interval_us"":900000000,""order"":""forward"",""phase"":25,""phase_us"":375000000,""policy"":""PCD"",""q"":null}"
147,7f4cd58b09591d1675a4888383c2978200dab96ac1f0563be8462f0740bbe03d,L-primary,"{""archive"":""none"",""capacity_bytes"":1048576,""checkpoint"":""2026-07-15T00:00:00Z"",""delay_us"":0,""feed_lag_us"":5000000,""feed_poll_interval_us"":60000000,""interval_us"":900000000,""order"":""forward"",""phase"":26,""phase_us"":390000000,""policy"":""PCD"",""q"":null}"
148,b56a6da50f729e09abe0a1a8656ecb3052c0043cc18153836275fe11671f4593,L-primary,"{""archive"":""none"",""capacity_bytes"":1048576,""checkpoint"":""2026-07-15T00:00:00Z"",""delay_us"":0,""feed_lag_us"":5000000,""feed_poll_interval_us"":60000000,""interval_us"":900000000,""order"":""forward"",""phase"":27,""phase_us"":405000000,""policy"":""PCD"",""q"":null}"
149,4c1b18897940304f209bd877974b6a6d126764c4169442c3d8240bf8265e6581,L-primary,"{""archive"":""none"",""capacity_bytes"":1048576,""checkpoint"":""2026-07-15T00:00:00Z"",""delay_us"":0,""feed_lag_us"":5000000,""feed_poll_interval_us"":60000000,""interval_us"":900000000,""order"":""forward"",""phase"":28,""phase_us"":420000000,""policy"":""PCD"",""q"":null}"
150,aaaeeacb49961170a3b67e83606c92136aafd1b79c97d037544d6ddbca09c39d,L-primary,"{""archive"":""none"",""capacity_bytes"":1048576,""checkpoint"":""2026-07-15T00:00:00Z"",""delay_us"":0,""feed_lag_us"":5000000,""feed_poll_interval_us"":60000000,""interval_us"":900000000,""order"":""forward"",""phase"":29,""phase_us"":435000000,""policy"":""PCD"",""q"":null}"
151,bcf8cef436160a4a56517a3ebed2ae33dc951f08f2cb93772fdb08104ceace87,L-primary,"{""archive"":""none"",""capacity_bytes"":1048576,""checkpoint"":""2026-07-15T00:00:00Z"",""delay_us"":0,""feed_lag_us"":5000000,""feed_poll_interval_us"":60000000,""interval_us"":900000000,""order"":""forward"",""phase"":30,""phase_us"":450000000,""policy"":""PCD"",""q"":null}"
152,44c894f180cee95bc572c4f195e7b16e1fdf6092833f6ea6471c3d9b54018188,L-primary,"{""archive"":""none"",""capacity_bytes"":1048576,""checkpoint"":""2026-07-15T00:00:00Z"",""delay_us"":0,""feed_lag_us"":5000000,""feed_poll_interval_us"":60000000,""interval_us"":900000000,""order"":""forward"",""phase"":31,""phase_us"":465000000,""policy"":""PCD"",""q"":null}"
153,80cfbe89b0715eef4ce79d51a7d72830d6cebe82a1010deb7f39b34a8a6b3581,L-primary,"{""archive"":""none"",""capacity_bytes"":1048576,""checkpoint"":""2026-07-15T00:00:00Z"",""delay_us"":0,""feed_lag_us"":5000000,""feed_poll_interval_us"":60000000,""interval_us"":900000000,""order"":""forward"",""phase"":32,""phase_us"":480000000,""policy"":""PCD"",""q"":null}"
154,b1820185790e43eb9f101ea74ee4e061eb3f45c5cb262cdc0a431ea421869544,L-primary,"{""archive"":""none"",""capacity_bytes"":1048576,""checkpoint"":""2026-07-15T00:00:00Z"",""delay_us"":0,""feed_lag_us"":5000000,""feed_poll_interval_us"":60000000,""interval_us"":900000000,""order"":""forward"",""phase"":33,""phase_us"":495000000,""policy"":""PCD"",""q"":null}"
155,472c7464e80defad3822b103d028c95da2a112b4b58d815928fc94ad4277e11b,L-primary,"{""archive"":""none"",""capacity_bytes"":1048576,""checkpoint"":""2026-07-15T00:00:00Z"",""delay_us"":0,""feed_lag_us"":5000000,""feed_poll_interval_us"":60000000,""interval_us"":900000000,""order"":""forward"",""phase"":34,""phase_us"":510000000,""policy"":""PCD"",""q"":null}"
156,838c0e3df6ee2e530e4721b793a334a2fe4d76ed0cd00e5437cf54fdc48c6078,L-primary,"{""archive"":""none"",""capacity_bytes"":1048576,""checkpoint"":""2026-07-15T00:00:00Z"",""delay_us"":0,""feed_lag_us"":5000000,""feed_poll_interval_us"":60000000,""interval_us"":900000000,""order"":""forward"",""phase"":35,""phase_us"":525000000,""policy"":""PCD"",""q"":null}"
157,21779ab5ecc068349fad8cbaf7225403729808d6d29f9b2d0058dfdeb4093df6,L-primary,"{""archive"":""none"",""capacity_bytes"":1048576,""checkpoint"":""2026-07-15T00:00:00Z"",""delay_us"":0,""feed_lag_us"":5000000,""feed_poll_interval_us"":60000000,""interval_us"":900000000,""order"":""forward"",""phase"":36,""phase_us"":540000000,""policy"":""PCD"",""q"":null}"
158,0aa1e7bea42dcbfb0ebe2310f3826a4905277fdc13babac3c6dc9bdf7d057fdc,L-primary,"{""archive"":""none"",""capacity_bytes"":1048576,""checkpoint"":""2026-07-15T00:00:00Z"",""delay_us"":0,""feed_lag_us"":5000000,""feed_poll_interval_us"":60000000,""interval_us"":900000000,""order"":""forward"",""phase"":37,""phase_us"":555000000,""policy"":""PCD"",""q"":null}"
159,01142759fe1fe9cd29a4a946dbc239261fb326d62c46cc36853efd5d24a678c5,L-primary,"{""archive"":""none"",""capacity_bytes"":1048576,""checkpoint"":""2026-07-15T00:00:00Z"",""delay_us"":0,""feed_lag_us"":5000000,""feed_poll_interval_us"":60000000,""interval_us"":900000000,""order"":""forward"",""phase"":38,""phase_us"":570000000,""policy"":""PCD"",""q"":null}"
160,78899583a0dfe7864615c2733f35a931068b6c1aed6c67273fa301e4078e6f36,L-primary,"{""archive"":""none"",""capacity_bytes"":1048576,""checkpoint"":""2026-07-15T00:00:00Z"",""delay_us"":0,""feed_lag_us"":5000000,""feed_poll_interval_us"":60000000,""interval_us"":900000000,""order"":""forward"",""phase"":39,""phase_us"":585000000,""policy"":""PCD"",""q"":null}"
161,32f160adec74b95281e4dc0195314908486a54e8b6df7c4b84a737dfefab6b40,L-primary,"{""archive"":""none"",""capacity_bytes"":1048576,""checkpoint"":""2026-07-15T00:00:00Z"",""delay_us"":0,""feed_lag_us"":5000000,""feed_poll_interval_us"":60000000,""interval_us"":900000000,""order"":""forward"",""phase"":40,""phase_us"":600000000,""policy"":""PCD"",""q"":null}"
162,03fbc183f2ad9619e22da2557691994b8e0bdad81d5a23621e40cd6944caf61c,L-primary,"{""archive"":""none"",""capacity_bytes"":1048576,""checkpoint"":""2026-07-15T00:00:00Z"",""delay_us"":0,""feed_lag_us"":5000000,""feed_poll_interval_us"":60000000,""interval_us"":900000000,""order"":""forward"",""phase"":41,""phase_us"":615000000,""policy"":""PCD"",""q"":null}"
163,355fb2dab55fdd1233b9a002d54cca4a3f213285a478df276149356f7433771f,L-primary,"{""archive"":""none"",""capacity_bytes"":1048576,""checkpoint"":""2026-07-15T00:00:00Z"",""delay_us"":0,""feed_lag_us"":5000000,""feed_poll_interval_us"":60000000,""interval_us"":900000000,""order"":""forward"",""phase"":42,""phase_us"":630000000,""policy"":""PCD"",""q"":null}"
164,fd353170b6bc6fc9a9f0e90bc91e535508ac3e73691c414741088d20e0b36077,L-primary,"{""archive"":""none"",""capacity_bytes"":1048576,""checkpoint"":""2026-07-15T00:00:00Z"",""delay_us"":0,""feed_lag_us"":5000000,""feed_poll_interval_us"":60000000,""interval_us"":900000000,""order"":""forward"",""phase"":43,""phase_us"":645000000,""policy"":""PCD"",""q"":null}"
165,a5d3d3ce2118b15afcf6e66975f0d7209d6e6d456c9c70465d1225deeb492032,L-primary,"{""archive"":""none"",""capacity_bytes"":1048576,""checkpoint"":""2026-07-15T00:00:00Z"",""delay_us"":0,""feed_lag_us"":5000000,""feed_poll_interval_us"":60000000,""interval_us"":900000000,""order"":""forward"",""phase"":44,""phase_us"":660000000,""policy"":""PCD"",""q"":null}"
166,d734328d230022dbae0cf0de10ae15118c9de901bffabe680440acb8a9a8bda8,L-primary,"{""archive"":""none"",""capacity_bytes"":1048576,""checkpoint"":""2026-07-15T00:00:00Z"",""delay_us"":0,""feed_lag_us"":5000000,""feed_poll_interval_us"":60000000,""interval_us"":900000000,""order"":""forward"",""phase"":45,""phase_us"":675000000,""policy"":""PCD"",""q"":null}"
167,3d056466c35a9fa4b44be988c8a9ae6fea6d1ebb242e6dd8c4428126cd57d32f,L-primary,"{""archive"":""none"",""capacity_bytes"":1048576,""checkpoint"":""2026-07-15T00:00:00Z"",""delay_us"":0,""feed_lag_us"":5000000,""feed_poll_interval_us"":60000000,""interval_us"":900000000,""order"":""forward"",""phase"":46,""phase_us"":690000000,""policy"":""PCD"",""q"":null}"
168,da8b68d3d97f2fbf8b5f2c4e48744146692712a87c8bd2219693c5c3ae11ee2c,L-primary,"{""archive"":""none"",""capacity_bytes"":1048576,""checkpoint"":""2026-07-15T00:00:00Z"",""delay_us"":0,""feed_lag_us"":5000000,""feed_poll_interval_us"":60000000,""interval_us"":900000000,""order"":""forward"",""phase"":47,""phase_us"":705000000,""policy"":""PCD"",""q"":null}"
169,3b5bd4258d87693c118bf2e0f3e69471b828a5857937479e59b9145f526e195f,L-primary,"{""archive"":""none"",""capacity_bytes"":1048576,""checkpoint"":""2026-07-15T00:00:00Z"",""delay_us"":0,""feed_lag_us"":5000000,""feed_poll_interval_us"":60000000,""interval_us"":900000000,""order"":""forward"",""phase"":48,""phase_us"":720000000,""policy"":""PCD"",""q"":null}"
170,c2bf6cb99662c0666a260a46eaa4c5d76421a0fca8a7a07edb5cb398576bd91f,L-primary,"{""archive"":""none"",""capacity_bytes"":1048576,""checkpoint"":""2026-07-15T00:00:00Z"",""delay_us"":0,""feed_lag_us"":5000000,""feed_poll_interval_us"":60000000,""interval_us"":900000000,""order"":""forward"",""phase"":49,""phase_us"":735000000,""policy"":""PCD"",""q"":null}"
171,8790847e551a2f57abf0558019827f45a9e00395c6bfb35a241383666cca090b,L-primary,"{""archive"":""none"",""capacity_bytes"":1048576,""checkpoint"":""2026-07-15T00:00:00Z"",""delay_us"":0,""feed_lag_us"":5000000,""feed_poll_interval_us"":60000000,""interval_us"":900000000,""order"":""forward"",""phase"":50,""phase_us"":750000000,""policy"":""PCD"",""q"":null}"
172,dc167183ee7174c11abbf980f6d680fed5580a87c76fedcecd8769a014886bf5,L-primary,"{""archive"":""none"",""capacity_bytes"":1048576,""checkpoint"":""2026-07-15T00:00:00Z"",""delay_us"":0,""feed_lag_us"":5000000,""feed_poll_interval_us"":60000000,""interval_us"":900000000,""order"":""forward"",""phase"":51,""phase_us"":765000000,""policy"":""PCD"",""q"":null}"
173,5bf143e5db3dc93555f87f5df5efc3cee6326a875dd45c96ba2573a2376188a1,L-primary,"{""archive"":""none"",""capacity_bytes"":1048576,""checkpoint"":""2026-07-15T00:00:00Z"",""delay_us"":0,""feed_lag_us"":5000000,""feed_poll_interval_us"":60000000,""interval_us"":900000000,""order"":""forward"",""phase"":52,""phase_us"":780000000,""policy"":""PCD"",""q"":null}"
174,21e9da40e40704929c5c88dca97be9f1d2b3903e53de4e219851d1a8cc446dbd,L-primary,"{""archive"":""none"",""capacity_bytes"":1048576,""checkpoint"":""2026-07-15T00:00:00Z"",""delay_us"":0,""feed_lag_us"":5000000,""feed_poll_interval_us"":60000000,""interval_us"":900000000,""order"":""forward"",""phase"":53,""phase_us"":795000000,""policy"":""PCD"",""q"":null}"
175,56651ac0f554fb10d113c5e0a2259b1a5bafe548f388a521e87e1a32440032e0,L-primary,"{""archive"":""none"",""capacity_bytes"":1048576,""checkpoint"":""2026-07-15T00:00:00Z"",""delay_us"":0,""feed_lag_us"":5000000,""feed_poll_interval_us"":60000000,""interval_us"":900000000,""order"":""forward"",""phase"":54,""phase_us"":810000000,""policy"":""PCD"",""q"":null}"
176,0fe75794ae30c4cb6888458437eb597f4fa16c31d13dfe3446bb16b5e4e0d706,L-primary,"{""archive"":""none"",""capacity_bytes"":1048576,""checkpoint"":""2026-07-15T00:00:00Z"",""delay_us"":0,""feed_lag_us"":5000000,""feed_poll_interval_us"":60000000,""interval_us"":900000000,""order"":""forward"",""phase"":55,""phase_us"":825000000,""policy"":""PCD"",""q"":null}"
177,a2016f3aaa9afc637865d6f975c084d1554fcaae0dd2bb1f40e6d2d2183c9768,L-primary,"{""archive"":""none"",""capacity_bytes"":1048576,""checkpoint"":""2026-07-15T00:00:00Z"",""delay_us"":0,""feed_lag_us"":5000000,""feed_poll_interval_us"":60000000,""interval_us"":900000000,""order"":""forward"",""phase"":56,""phase_us"":840000000,""policy"":""PCD"",""q"":null}"
178,2c84b7866a6a83f84cf6e3dc211244fa24d2aa082c2cc2b6a3d967af12bb4c73,L-primary,"{""archive"":""none"",""capacity_bytes"":1048576,""checkpoint"":""2026-07-15T00:00:00Z"",""delay_us"":0,""feed_lag_us"":5000000,""feed_poll_interval_us"":60000000,""interval_us"":900000000,""order"":""forward"",""phase"":57,""phase_us"":855000000,""policy"":""PCD"",""q"":null}"
179,861aacbff1938d53e922e9acaa6284c2787e5b43bcde31f10ec6c736be40e27a,L-primary,"{""archive"":""none"",""capacity_bytes"":1048576,""checkpoint"":""2026-07-15T00:00:00Z"",""delay_us"":0,""feed_lag_us"":5000000,""feed_poll_interval_us"":60000000,""interval_us"":900000000,""order"":""forward"",""phase"":58,""phase_us"":870000000,""policy"":""PCD"",""q"":null}"
180,4479ae9d1c9e4b664d619e9cde45a322af863ffc4548f34bfb027528b0124ff9,L-primary,"{""archive"":""none"",""capacity_bytes"":1048576,""checkpoint"":""2026-07-15T00:00:00Z"",""delay_us"":0,""feed_lag_us"":5000000,""feed_poll_interval_us"":60000000,""interval_us"":900000000,""order"":""forward"",""phase"":59,""phase_us"":885000000,""policy"":""PCD"",""q"":null}"
181,4e63138cf0ee859ae92e543f4c27b1437f852fee992e1a8d3c645834e45ef820,L-primary,"{""archive"":""none"",""capacity_bytes"":1048576,""checkpoint"":""2026-07-15T00:00:00Z"",""delay_us"":0,""feed_lag_us"":5000000,""feed_poll_interval_us"":60000000,""interval_us"":null,""order"":""forward"",""phase"":null,""phase_us"":null,""policy"":""E"",""q"":30}"
182,daddc642298c90a0a51b822a2dcd3d92f9a633735e368720f7ed15b7710b8bf4,L-primary,"{""archive"":""none"",""capacity_bytes"":1048576,""checkpoint"":""2026-07-15T00:00:00Z"",""delay_us"":0,""feed_lag_us"":5000000,""feed_poll_interval_us"":60000000,""interval_us"":null,""order"":""forward"",""phase"":null,""phase_us"":null,""policy"":""E"",""q"":100}"
183,993dac175c6a6c6ea3b286fd773dac68db35c16f183fe6ed45aad90e0e729b43,L-primary,"{""archive"":""none"",""capacity_bytes"":1048576,""checkpoint"":""2026-07-15T00:00:00Z"",""delay_us"":0,""feed_lag_us"":5000000,""feed_poll_interval_us"":60000000,""interval_us"":null,""order"":""forward"",""phase"":null,""phase_us"":null,""policy"":""E"",""q"":300}"
184,8b84d7e65ffab005d1eaf7ac3f8a462b33682ba3afa54f132da2d74c4e020f5f,L-interval,"{""archive"":""none"",""capacity_bytes"":1048576,""checkpoint"":""2026-07-15T00:00:00Z"",""delay_us"":0,""feed_lag_us"":5000000,""feed_poll_interval_us"":60000000,""interval_us"":300000000,""order"":""forward"",""phase"":0,""phase_us"":0,""policy"":""PCD"",""q"":null}"
185,8f57037e67ab00849ba0a710177284d4e9cca29c9a79831d4f4f3b8d73b64626,L-interval,"{""archive"":""none"",""capacity_bytes"":1048576,""checkpoint"":""2026-07-15T00:00:00Z"",""delay_us"":0,""feed_lag_us"":5000000,""feed_poll_interval_us"":60000000,""interval_us"":300000000,""order"":""forward"",""phase"":1,""phase_us"":5000000,""policy"":""PCD"",""q"":null}"
186,44139dd12f915dc163c9290382de6dccb89d2a38dddbbdc31e1945fcfafc4bfb,L-interval,"{""archive"":""none"",""capacity_bytes"":1048576,""checkpoint"":""2026-07-15T00:00:00Z"",""delay_us"":0,""feed_lag_us"":5000000,""feed_poll_interval_us"":60000000,""interval_us"":300000000,""order"":""forward"",""phase"":2,""phase_us"":10000000,""policy"":""PCD"",""q"":null}"
187,f2ffe02e00443efb9ce77ef0978785b8acb9163536638f977333e308efbe3ef9,L-interval,"{""archive"":""none"",""capacity_bytes"":1048576,""checkpoint"":""2026-07-15T00:00:00Z"",""delay_us"":0,""feed_lag_us"":5000000,""feed_poll_interval_us"":60000000,""interval_us"":300000000,""order"":""forward"",""phase"":3,""phase_us"":15000000,""policy"":""PCD"",""q"":null}"
188,8a5241352d53944b163b17e298cbe33979ca799d4744bac6db1c91ae947ed13b,L-interval,"{""archive"":""none"",""capacity_bytes"":1048576,""checkpoint"":""2026-07-15T00:00:00Z"",""delay_us"":0,""feed_lag_us"":5000000,""feed_poll_interval_us"":60000000,""interval_us"":300000000,""order"":""forward"",""phase"":4,""phase_us"":20000000,""policy"":""PCD"",""q"":null}"
189,a5908d6f827d79951e1f678d6e53ff11c53ba68911662ae1350c6bd0905424e9,L-interval,"{""archive"":""none"",""capacity_bytes"":1048576,""checkpoint"":""2026-07-15T00:00:00Z"",""delay_us"":0,""feed_lag_us"":5000000,""feed_poll_interval_us"":60000000,""interval_us"":300000000,""order"":""forward"",""phase"":5,""phase_us"":25000000,""policy"":""PCD"",""q"":null}"
190,7e1e93c0232b1de6cf72f1c986488d97140a09d2c8b14edd2c472b5e9b99f7cb,L-interval,"{""archive"":""none"",""capacity_bytes"":1048576,""checkpoint"":""2026-07-15T00:00:00Z"",""delay_us"":0,""feed_lag_us"":5000000,""feed_poll_interval_us"":60000000,""interval_us"":300000000,""order"":""forward"",""phase"":6,""phase_us"":30000000,""policy"":""PCD"",""q"":null}"
191,ce8ba57864a52e6f2ac267f9072e435ccd26b497893b76606cdf0fa847eeb359,L-interval,"{""archive"":""none"",""capacity_bytes"":1048576,""checkpoint"":""2026-07-15T00:00:00Z"",""delay_us"":0,""feed_lag_us"":5000000,""feed_poll_interval_us"":60000000,""interval_us"":300000000,""order"":""forward"",""phase"":7,""phase_us"":35000000,""policy"":""PCD"",""q"":null}"
192,b4da112eb3b66c07f15a1369d737e24eca5a581076fbb2d58e274a1abcd82a1d,L-interval,"{""archive"":""none"",""capacity_bytes"":1048576,""checkpoint"":""2026-07-15T00:00:00Z"",""delay_us"":0,""feed_lag_us"":5000000,""feed_poll_interval_us"":60000000,""interval_us"":300000000,""order"":""forward"",""phase"":8,""phase_us"":40000000,""policy"":""PCD"",""q"":null}"
193,d9b7e7a52a6600393dc120e3ed64ce9dd3bd76831c5b140db8c56060b918cb20,L-interval,"{""archive"":""none"",""capacity_bytes"":1048576,""checkpoint"":""2026-07-15T00:00:00Z"",""delay_us"":0,""feed_lag_us"":5000000,""feed_poll_interval_us"":60000000,""interval_us"":300000000,""order"":""forward"",""phase"":9,""phase_us"":45000000,""policy"":""PCD"",""q"":null}"
194,cae53a784283d875de8d4d499716cc8331c617c9d1356b61874d6011af9555be,L-interval,"{""archive"":""none"",""capacity_bytes"":1048576,""checkpoint"":""2026-07-15T00:00:00Z"",""delay_us"":0,""feed_lag_us"":5000000,""feed_poll_interval_us"":60000000,""interval_us"":300000000,""order"":""forward"",""phase"":10,""phase_us"":50000000,""policy"":""PCD"",""q"":null}"
195,e46b0ba3ef4d71b0bf9ad649f2f6daede9353f2cb46d8389aa01707387ec0a0e,L-interval,"{""archive"":""none"",""capacity_bytes"":1048576,""checkpoint"":""2026-07-15T00:00:00Z"",""delay_us"":0,""feed_lag_us"":5000000,""feed_poll_interval_us"":60000000,""interval_us"":300000000,""order"":""forward"",""phase"":11,""phase_us"":55000000,""policy"":""PCD"",""q"":null}"
196,9558a8d593b31d928026e88dc669b2fb70386c4c34bd3d4d8a644ce9f3dee729,L-interval,"{""archive"":""none"",""capacity_bytes"":1048576,""checkpoint"":""2026-07-15T00:00:00Z"",""delay_us"":0,""feed_lag_us"":5000000,""feed_poll_interval_us"":60000000,""interval_us"":300000000,""order"":""forward"",""phase"":12,""phase_us"":60000000,""policy"":""PCD"",""q"":null}"
197,131c0cfea39da85230ce2d0fd3b2e55ff53267bd8b0ff91e58d21086a142e4c9,L-interval,"{""archive"":""none"",""capacity_bytes"":1048576,""checkpoint"":""2026-07-15T00:00:00Z"",""delay_us"":0,""feed_lag_us"":5000000,""feed_poll_interval_us"":60000000,""interval_us"":300000000,""order"":""forward"",""phase"":13,""phase_us"":65000000,""policy"":""PCD"",""q"":null}"
198,d5017e7fdd98403520f3c15a8e545847533ea5b667d35e23be476ca1a5fd05ea,L-interval,"{""archive"":""none"",""capacity_bytes"":1048576,""checkpoint"":""2026-07-15T00:00:00Z"",""delay_us"":0,""feed_lag_us"":5000000,""feed_poll_interval_us"":60000000,""interval_us"":300000000,""order"":""forward"",""phase"":14,""phase_us"":70000000,""policy"":""PCD"",""q"":null}"
199,ea77a8e9010df560e698606243db7e2feeeed7b1d27286786e54a2090e08e376,L-interval,"{""archive"":""none"",""capacity_bytes"":1048576,""checkpoint"":""2026-07-15T00:00:00Z"",""delay_us"":0,""feed_lag_us"":5000000,""feed_poll_interval_us"":60000000,""interval_us"":300000000,""order"":""forward"",""phase"":15,""phase_us"":75000000,""policy"":""PCD"",""q"":null}"
200,858bc6dd4bee1da21f6c306a10b7b2999e2ae24692cb18787276c5efd68cfc65,L-interval,"{""archive"":""none"",""capacity_bytes"":1048576,""checkpoint"":""2026-07-15T00:00:00Z"",""delay_us"":0,""feed_lag_us"":5000000,""feed_poll_interval_us"":60000000,""interval_us"":300000000,""order"":""forward"",""phase"":16,""phase_us"":80000000,""policy"":""PCD"",""q"":null}"
201,6d14f01b622d427dc62fcd34239c5351fcc26691655da8820113c9065f9127c7,L-interval,"{""archive"":""none"",""capacity_bytes"":1048576,""checkpoint"":""2026-07-15T00:00:00Z"",""delay_us"":0,""feed_lag_us"":5000000,""feed_poll_interval_us"":60000000,""interval_us"":300000000,""order"":""forward"",""phase"":17,""phase_us"":85000000,""policy"":""PCD"",""q"":null}"
202,434cf63a883d674d2424b36f40d5e2c0e2da9fc27bf3bab6ddc9b75d46643204,L-interval,"{""archive"":""none"",""capacity_bytes"":1048576,""checkpoint"":""2026-07-15T00:00:00Z"",""delay_us"":0,""feed_lag_us"":5000000,""feed_poll_interval_us"":60000000,""interval_us"":300000000,""order"":""forward"",""phase"":18,""phase_us"":90000000,""policy"":""PCD"",""q"":null}"
203,8341b5ff5e0f4f6df8e74b348dac66deba175543d41a41893bda9f109c51cfc2,L-interval,"{""archive"":""none"",""capacity_bytes"":1048576,""checkpoint"":""2026-07-15T00:00:00Z"",""delay_us"":0,""feed_lag_us"":5000000,""feed_poll_interval_us"":60000000,""interval_us"":300000000,""order"":""forward"",""phase"":19,""phase_us"":95000000,""policy"":""PCD"",""q"":null}"
204,cf6b12765c4ef7d40c1ae947a37a9bd807cb814383d2739582c8f67d02e1f68c,L-interval,"{""archive"":""none"",""capacity_bytes"":1048576,""checkpoint"":""2026-07-15T00:00:00Z"",""delay_us"":0,""feed_lag_us"":5000000,""feed_poll_interval_us"":60000000,""interval_us"":300000000,""order"":""forward"",""phase"":20,""phase_us"":100000000,""policy"":""PCD"",""q"":null}"
205,532b975403b9a57fa075c270c739a3b6ad08a8c170a58efecc6e41f617b4405b,L-interval,"{""archive"":""none"",""capacity_bytes"":1048576,""checkpoint"":""2026-07-15T00:00:00Z"",""delay_us"":0,""feed_lag_us"":5000000,""feed_poll_interval_us"":60000000,""interval_us"":300000000,""order"":""forward"",""phase"":21,""phase_us"":105000000,""policy"":""PCD"",""q"":null}"
206,4b814f6226fa666f079c2df71e0871e8cc405512c6d191b61969fe1604d70e8b,L-interval,"{""archive"":""none"",""capacity_bytes"":1048576,""checkpoint"":""2026-07-15T00:00:00Z"",""delay_us"":0,""feed_lag_us"":5000000,""feed_poll_interval_us"":60000000,""interval_us"":300000000,""order"":""forward"",""phase"":22,""phase_us"":110000000,""policy"":""PCD"",""q"":null}"
207,2e066fa42a8864d37bd1db1f48a63f5abede8e9111f3edf145e7ccb62c2ac1b5,L-interval,"{""archive"":""none"",""capacity_bytes"":1048576,""checkpoint"":""2026-07-15T00:00:00Z"",""delay_us"":0,""feed_lag_us"":5000000,""feed_poll_interval_us"":60000000,""interval_us"":300000000,""order"":""forward"",""phase"":23,""phase_us"":115000000,""policy"":""PCD"",""q"":null}"
208,3f564228ed9e2632a906d48333a0db04e18d23b1bf69a966f2f280f16dac4078,L-interval,"{""archive"":""none"",""capacity_bytes"":1048576,""checkpoint"":""2026-07-15T00:00:00Z"",""delay_us"":0,""feed_lag_us"":5000000,""feed_poll_interval_us"":60000000,""interval_us"":300000000,""order"":""forward"",""phase"":24,""phase_us"":120000000,""policy"":""PCD"",""q"":null}"
209,964e97d793270644ffa914095b1cebc46d2f46c1264c90210c94cb14b93adafc,L-interval,"{""archive"":""none"",""capacity_bytes"":1048576,""checkpoint"":""2026-07-15T00:00:00Z"",""delay_us"":0,""feed_lag_us"":5000000,""feed_poll_interval_us"":60000000,""interval_us"":300000000,""order"":""forward"",""phase"":25,""phase_us"":125000000,""policy"":""PCD"",""q"":null}"
210,8cda21fbaf51156fa5f86d312d88ef9caed6492abef130a3c21fda2321256161,L-interval,"{""archive"":""none"",""capacity_bytes"":1048576,""checkpoint"":""2026-07-15T00:00:00Z"",""delay_us"":0,""feed_lag_us"":5000000,""feed_poll_interval_us"":60000000,""interval_us"":300000000,""order"":""forward"",""phase"":26,""phase_us"":130000000,""policy"":""PCD"",""q"":null}"
211,9f124915399b6c088287318db8c89f1ba61b649f099c53b4fe719da816f00a7d,L-interval,"{""archive"":""none"",""capacity_bytes"":1048576,""checkpoint"":""2026-07-15T00:00:00Z"",""delay_us"":0,""feed_lag_us"":5000000,""feed_poll_interval_us"":60000000,""interval_us"":300000000,""order"":""forward"",""phase"":27,""phase_us"":135000000,""policy"":""PCD"",""q"":null}"
212,d1f266f3442a12550d9a79a8968406446a1ec5ddeaf49c10fb14bad58433d9a0,L-interval,"{""archive"":""none"",""capacity_bytes"":1048576,""checkpoint"":""2026-07-15T00:00:00Z"",""delay_us"":0,""feed_lag_us"":5000000,""feed_poll_interval_us"":60000000,""interval_us"":300000000,""order"":""forward"",""phase"":28,""phase_us"":140000000,""policy"":""PCD"",""q"":null}"
213,71932831e08901eea0e567bb4bf944b060c7b9a6d934f8cec65b12aaf017a7ac,L-interval,"{""archive"":""none"",""capacity_bytes"":1048576,""checkpoint"":""2026-07-15T00:00:00Z"",""delay_us"":0,""feed_lag_us"":5000000,""feed_poll_interval_us"":60000000,""interval_us"":300000000,""order"":""forward"",""phase"":29,""phase_us"":145000000,""policy"":""PCD"",""q"":null}"
214,5843319c0149b5531658e689a69c01278da6909426f262eb7e7c599d6ed2b2cb,L-interval,"{""archive"":""none"",""capacity_bytes"":1048576,""checkpoint"":""2026-07-15T00:00:00Z"",""delay_us"":0,""feed_lag_us"":5000000,""feed_poll_interval_us"":60000000,""interval_us"":300000000,""order"":""forward"",""phase"":30,""phase_us"":150000000,""policy"":""PCD"",""q"":null}"
215,b757515d2298947bece691be8577718801ecd7d4535ea612455888468ee0f5b7,L-interval,"{""archive"":""none"",""capacity_bytes"":1048576,""checkpoint"":""2026-07-15T00:00:00Z"",""delay_us"":0,""feed_lag_us"":5000000,""feed_poll_interval_us"":60000000,""interval_us"":300000000,""order"":""forward"",""phase"":31,""phase_us"":155000000,""policy"":""PCD"",""q"":null}"
216,327f6ab93327b4260b4996f6a057f52a575d03bab2d01d33ce0d915594cc5a83,L-interval,"{""archive"":""none"",""capacity_bytes"":1048576,""checkpoint"":""2026-07-15T00:00:00Z"",""delay_us"":0,""feed_lag_us"":5000000,""feed_poll_interval_us"":60000000,""interval_us"":300000000,""order"":""forward"",""phase"":32,""phase_us"":160000000,""policy"":""PCD"",""q"":null}"
217,14ac264eb0cf3f56747cae4414c53af00c211c2721eac7b8d881a2bc2845b672,L-interval,"{""archive"":""none"",""capacity_bytes"":1048576,""checkpoint"":""2026-07-15T00:00:00Z"",""delay_us"":0,""feed_lag_us"":5000000,""feed_poll_interval_us"":60000000,""interval_us"":300000000,""order"":""forward"",""phase"":33,""phase_us"":165000000,""policy"":""PCD"",""q"":null}"
218,66ab342449daa1de5449bee59c06621bc7d73a1ec19e99670168e966424a5e6b,L-interval,"{""archive"":""none"",""capacity_bytes"":1048576,""checkpoint"":""2026-07-15T00:00:00Z"",""delay_us"":0,""feed_lag_us"":5000000,""feed_poll_interval_us"":60000000,""interval_us"":300000000,""order"":""forward"",""phase"":34,""phase_us"":170000000,""policy"":""PCD"",""q"":null}"
219,f6d7800d371d98be677d0d34587886ce6fd56a0018ba23745173e50c55ee34e1,L-interval,"{""archive"":""none"",""capacity_bytes"":1048576,""checkpoint"":""2026-07-15T00:00:00Z"",""delay_us"":0,""feed_lag_us"":5000000,""feed_poll_interval_us"":60000000,""interval_us"":300000000,""order"":""forward"",""phase"":35,""phase_us"":175000000,""policy"":""PCD"",""q"":null}"
220,720bae9247934c65888dcbe4629cb22c4eb0fa9458fac2b113c30294f0ab8256,L-interval,"{""archive"":""none"",""capacity_bytes"":1048576,""checkpoint"":""2026-07-15T00:00:00Z"",""delay_us"":0,""feed_lag_us"":5000000,""feed_poll_interval_us"":60000000,""interval_us"":300000000,""order"":""forward"",""phase"":36,""phase_us"":180000000,""policy"":""PCD"",""q"":null}"
221,bdd67aba1fb3576fa173f0f5a97c0e7f00574776eca0eb53396a2d2923aff789,L-interval,"{""archive"":""none"",""capacity_bytes"":1048576,""checkpoint"":""2026-07-15T00:00:00Z"",""delay_us"":0,""feed_lag_us"":5000000,""feed_poll_interval_us"":60000000,""interval_us"":300000000,""order"":""forward"",""phase"":37,""phase_us"":185000000,""policy"":""PCD"",""q"":null}"
222,957af11518fa81987203ed8fc5ce0d368472c9448d2e5f1b28540ebcf17adbda,L-interval,"{""archive"":""none"",""capacity_bytes"":1048576,""checkpoint"":""2026-07-15T00:00:00Z"",""delay_us"":0,""feed_lag_us"":5000000,""feed_poll_interval_us"":60000000,""interval_us"":300000000,""order"":""forward"",""phase"":38,""phase_us"":190000000,""policy"":""PCD"",""q"":null}"
223,382cd710ef2651f82940342d9cff46f91d99871273f2b67780499be51f7ebfa5,L-interval,"{""archive"":""none"",""capacity_bytes"":1048576,""checkpoint"":""2026-07-15T00:00:00Z"",""delay_us"":0,""feed_lag_us"":5000000,""feed_poll_interval_us"":60000000,""interval_us"":300000000,""order"":""forward"",""phase"":39,""phase_us"":195000000,""policy"":""PCD"",""q"":null}"
224,a0fc8d1dde435e7bae359415ba820eb15741fb5c8cd49aff4d8f723d7bac566e,L-interval,"{""archive"":""none"",""capacity_bytes"":1048576,""checkpoint"":""2026-07-15T00:00:00Z"",""delay_us"":0,""feed_lag_us"":5000000,""feed_poll_interval_us"":60000000,""interval_us"":300000000,""order"":""forward"",""phase"":40,""phase_us"":200000000,""policy"":""PCD"",""q"":null}"
225,e7dd03d8d25282631cbe4e1775921e5ca241be954210b743bd96b5f347009892,L-interval,"{""archive"":""none"",""capacity_bytes"":1048576,""checkpoint"":""2026-07-15T00:00:00Z"",""delay_us"":0,""feed_lag_us"":5000000,""feed_poll_interval_us"":60000000,""interval_us"":300000000,""order"":""forward"",""phase"":41,""phase_us"":205000000,""policy"":""PCD"",""q"":null}"
226,10322c47d8557567cc6142bc58a0e2a9b637df97b651df9029c6c8527632785a,L-interval,"{""archive"":""none"",""capacity_bytes"":1048576,""checkpoint"":""2026-07-15T00:00:00Z"",""delay_us"":0,""feed_lag_us"":5000000,""feed_poll_interval_us"":60000000,""interval_us"":300000000,""order"":""forward"",""phase"":42,""phase_us"":210000000,""policy"":""PCD"",""q"":null}"
227,b37855ebd8cfcd5f129abfdf01b519d8a61897656fca770f97974754944d9960,L-interval,"{""archive"":""none"",""capacity_bytes"":1048576,""checkpoint"":""2026-07-15T00:00:00Z"",""delay_us"":0,""feed_lag_us"":5000000,""feed_poll_interval_us"":60000000,""interval_us"":300000000,""order"":""forward"",""phase"":43,""phase_us"":215000000,""policy"":""PCD"",""q"":null}"
228,c0895c51d1aad20aaa8d4bfbd90978e296e2fb06482c403d1e7ec8108b3eda6b,L-interval,"{""archive"":""none"",""capacity_bytes"":1048576,""checkpoint"":""2026-07-15T00:00:00Z"",""delay_us"":0,""feed_lag_us"":5000000,""feed_poll_interval_us"":60000000,""interval_us"":300000000,""order"":""forward"",""phase"":44,""phase_us"":220000000,""policy"":""PCD"",""q"":null}"
229,bebc6248908a4e69c2595eb1064954d3e0ffa4f2d4f0605311d2f99928e1d732,L-interval,"{""archive"":""none"",""capacity_bytes"":1048576,""checkpoint"":""2026-07-15T00:00:00Z"",""delay_us"":0,""feed_lag_us"":5000000,""feed_poll_interval_us"":60000000,""interval_us"":300000000,""order"":""forward"",""phase"":45,""phase_us"":225000000,""policy"":""PCD"",""q"":null}"
230,5d74e7c912db2b80cfd9a4b341512c939c0fb44d7c90ec7a236ee85e0966e8c0,L-interval,"{""archive"":""none"",""capacity_bytes"":1048576,""checkpoint"":""2026-07-15T00:00:00Z"",""delay_us"":0,""feed_lag_us"":5000000,""feed_poll_interval_us"":60000000,""interval_us"":300000000,""order"":""forward"",""phase"":46,""phase_us"":230000000,""policy"":""PCD"",""q"":null}"
231,71e98c222e72c301f35a22c91b7932da30d7110cabbf0b5967a522cff24f6ba8,L-interval,"{""archive"":""none"",""capacity_bytes"":1048576,""checkpoint"":""2026-07-15T00:00:00Z"",""delay_us"":0,""feed_lag_us"":5000000,""feed_poll_interval_us"":60000000,""interval_us"":300000000,""order"":""forward"",""phase"":47,""phase_us"":235000000,""policy"":""PCD"",""q"":null}"
232,919df25c55a71d3c735c2b0ec85d762c22b21f6738e6a80ec49f060e1b12e24c,L-interval,"{""archive"":""none"",""capacity_bytes"":1048576,""checkpoint"":""2026-07-15T00:00:00Z"",""delay_us"":0,""feed_lag_us"":5000000,""feed_poll_interval_us"":60000000,""interval_us"":300000000,""order"":""forward"",""phase"":48,""phase_us"":240000000,""policy"":""PCD"",""q"":null}"
233,51f2d13e423b8b87474228b069bf230612ce3a3afcef716611cf9f8379c80fea,L-interval,"{""archive"":""none"",""capacity_bytes"":1048576,""checkpoint"":""2026-07-15T00:00:00Z"",""delay_us"":0,""feed_lag_us"":5000000,""feed_poll_interval_us"":60000000,""interval_us"":300000000,""order"":""forward"",""phase"":49,""phase_us"":245000000,""policy"":""PCD"",""q"":null}"
234,a4e950d15821d6cc20581ffc2c24f7ed90c2c83477a086cd02c4311227cb9a9c,L-interval,"{""archive"":""none"",""capacity_bytes"":1048576,""checkpoint"":""2026-07-15T00:00:00Z"",""delay_us"":0,""feed_lag_us"":5000000,""feed_poll_interval_us"":60000000,""interval_us"":300000000,""order"":""forward"",""phase"":50,""phase_us"":250000000,""policy"":""PCD"",""q"":null}"
235,6cbd4839d4331b9e8acdbf02606cdf35f7cbd0f780d7797876d836e72316f742,L-interval,"{""archive"":""none"",""capacity_bytes"":1048576,""checkpoint"":""2026-07-15T00:00:00Z"",""delay_us"":0,""feed_lag_us"":5000000,""feed_poll_interval_us"":60000000,""interval_us"":300000000,""order"":""forward"",""phase"":51,""phase_us"":255000000,""policy"":""PCD"",""q"":null}"
236,746ee8d8f654c5335e23b58c45fbe3d215b1c10e74158054e88cf5c4d1021eef,L-interval,"{""archive"":""none"",""capacity_bytes"":1048576,""checkpoint"":""2026-07-15T00:00:00Z"",""delay_us"":0,""feed_lag_us"":5000000,""feed_poll_interval_us"":60000000,""interval_us"":300000000,""order"":""forward"",""phase"":52,""phase_us"":260000000,""policy"":""PCD"",""q"":null}"
237,8921a3d37fd10be57ca7a236760c315e8e00f0665b7837931f47442c95366ae0,L-interval,"{""archive"":""none"",""capacity_bytes"":1048576,""checkpoint"":""2026-07-15T00:00:00Z"",""delay_us"":0,""feed_lag_us"":5000000,""feed_poll_interval_us"":60000000,""interval_us"":300000000,""order"":""forward"",""phase"":53,""phase_us"":265000000,""policy"":""PCD"",""q"":null}"
238,cfd3efb9e1a6b1ee8e1eace2ffd42b97c8a4e58a20d54f5d9606bd834d1b41d7,L-interval,"{""archive"":""none"",""capacity_bytes"":1048576,""checkpoint"":""2026-07-15T00:00:00Z"",""delay_us"":0,""feed_lag_us"":5000000,""feed_poll_interval_us"":60000000,""interval_us"":300000000,""order"":""forward"",""phase"":54,""phase_us"":270000000,""policy"":""PCD"",""q"":null}"
239,62864734e603d4f36d4ed18fea86c681867af1b52d45f9c1fd4a1f1a196508fd,L-interval,"{""archive"":""none"",""capacity_bytes"":1048576,""checkpoint"":""2026-07-15T00:00:00Z"",""delay_us"":0,""feed_lag_us"":5000000,""feed_poll_interval_us"":60000000,""interval_us"":300000000,""order"":""forward"",""phase"":55,""phase_us"":275000000,""policy"":""PCD"",""q"":null}"
240,c61072720e62b171d9ca0caf34c3e0dfab747d79ed7abe19f4c645f4b2af54f3,L-interval,"{""archive"":""none"",""capacity_bytes"":1048576,""checkpoint"":""2026-07-15T00:00:00Z"",""delay_us"":0,""feed_lag_us"":5000000,""feed_poll_interval_us"":60000000,""interval_us"":300000000,""order"":""forward"",""phase"":56,""phase_us"":280000000,""policy"":""PCD"",""q"":null}"
241,8473931e06c220d7c90291df151f38987e97239ad529e8494b6a22623fe931fe,L-interval,"{""archive"":""none"",""capacity_bytes"":1048576,""checkpoint"":""2026-07-15T00:00:00Z"",""delay_us"":0,""feed_lag_us"":5000000,""feed_poll_interval_us"":60000000,""interval_us"":300000000,""order"":""forward"",""phase"":57,""phase_us"":285000000,""policy"":""PCD"",""q"":null}"
242,47354f8276939ddf1486438b20b1a50108f8334b3f2a462e92cd00f9cef0f257,L-interval,"{""archive"":""none"",""capacity_bytes"":1048576,""checkpoint"":""2026-07-15T00:00:00Z"",""delay_us"":0,""feed_lag_us"":5000000,""feed_poll_interval_us"":60000000,""interval_us"":300000000,""order"":""forward"",""phase"":58,""phase_us"":290000000,""policy"":""PCD"",""q"":null}"
243,1b09c2f2528f78e8a465342938d4acd9e1dde3f792d6ca85a7446d0f00c98afb,L-interval,"{""archive"":""none"",""capacity_bytes"":1048576,""checkpoint"":""2026-07-15T00:00:00Z"",""delay_us"":0,""feed_lag_us"":5000000,""feed_poll_interval_us"":60000000,""interval_us"":300000000,""order"":""forward"",""phase"":59,""phase_us"":295000000,""policy"":""PCD"",""q"":null}"
244,1a1d428f8e1da8358f2ea1b5155840c38b644d10d8edfa4073e395bbb5cf242b,L-interval,"{""archive"":""none"",""capacity_bytes"":1048576,""checkpoint"":""2026-07-15T00:00:00Z"",""delay_us"":0,""feed_lag_us"":5000000,""feed_poll_interval_us"":60000000,""interval_us"":3600000000,""order"":""forward"",""phase"":0,""phase_us"":0,""policy"":""PCD"",""q"":null}"
245,0be40c81546488f370759c88fd78f0a7278e8e2eb07eeb1f0d669844db49dffb,L-interval,"{""archive"":""none"",""capacity_bytes"":1048576,""checkpoint"":""2026-07-15T00:00:00Z"",""delay_us"":0,""feed_lag_us"":5000000,""feed_poll_interval_us"":60000000,""interval_us"":3600000000,""order"":""forward"",""phase"":1,""phase_us"":60000000,""policy"":""PCD"",""q"":null}"
246,dc2812328339b52b401d36b13b7add61975a0128779430b163077f1271fbc248,L-interval,"{""archive"":""none"",""capacity_bytes"":1048576,""checkpoint"":""2026-07-15T00:00:00Z"",""delay_us"":0,""feed_lag_us"":5000000,""feed_poll_interval_us"":60000000,""interval_us"":3600000000,""order"":""forward"",""phase"":2,""phase_us"":120000000,""policy"":""PCD"",""q"":null}"
247,0890e9140a9d0c0a84bd78b8f896bbd840366183e8ac09e507581ebd22f62095,L-interval,"{""archive"":""none"",""capacity_bytes"":1048576,""checkpoint"":""2026-07-15T00:00:00Z"",""delay_us"":0,""feed_lag_us"":5000000,""feed_poll_interval_us"":60000000,""interval_us"":3600000000,""order"":""forward"",""phase"":3,""phase_us"":180000000,""policy"":""PCD"",""q"":null}"
248,f9b2342bc5b23cceaa341c6380826ff3621b9bd3f317c85ffa193ba46d6a2bbd,L-interval,"{""archive"":""none"",""capacity_bytes"":1048576,""checkpoint"":""2026-07-15T00:00:00Z"",""delay_us"":0,""feed_lag_us"":5000000,""feed_poll_interval_us"":60000000,""interval_us"":3600000000,""order"":""forward"",""phase"":4,""phase_us"":240000000,""policy"":""PCD"",""q"":null}"
249,e233f26f6558692dd2213c33f5fbfc9415633e9e2911a06565937ad103038406,L-interval,"{""archive"":""none"",""capacity_bytes"":1048576,""checkpoint"":""2026-07-15T00:00:00Z"",""delay_us"":0,""feed_lag_us"":5000000,""feed_poll_interval_us"":60000000,""interval_us"":3600000000,""order"":""forward"",""phase"":5,""phase_us"":300000000,""policy"":""PCD"",""q"":null}"
250,a3a9373b11b926581868bc5ff56a8fa7b2ed1dab5ecdd429dc94540283dfb6f4,L-interval,"{""archive"":""none"",""capacity_bytes"":1048576,""checkpoint"":""2026-07-15T00:00:00Z"",""delay_us"":0,""feed_lag_us"":5000000,""feed_poll_interval_us"":60000000,""interval_us"":3600000000,""order"":""forward"",""phase"":6,""phase_us"":360000000,""policy"":""PCD"",""q"":null}"
251,f68cdec9f552d7a532e78aafe06bb3928161f570917344622c696be28e8566cf,L-interval,"{""archive"":""none"",""capacity_bytes"":1048576,""checkpoint"":""2026-07-15T00:00:00Z"",""delay_us"":0,""feed_lag_us"":5000000,""feed_poll_interval_us"":60000000,""interval_us"":3600000000,""order"":""forward"",""phase"":7,""phase_us"":420000000,""policy"":""PCD"",""q"":null}"
252,50f0b1cb09d1a4b2edbce7ee08e2b70d67f61f3dbc776a6adf8f90f6b6b958c8,L-interval,"{""archive"":""none"",""capacity_bytes"":1048576,""checkpoint"":""2026-07-15T00:00:00Z"",""delay_us"":0,""feed_lag_us"":5000000,""feed_poll_interval_us"":60000000,""interval_us"":3600000000,""order"":""forward"",""phase"":8,""phase_us"":480000000,""policy"":""PCD"",""q"":null}"
253,234321a282cd4234343925069c67fd21932b4462d1bbe68bdc0e21ac5a38cb43,L-interval,"{""archive"":""none"",""capacity_bytes"":1048576,""checkpoint"":""2026-07-15T00:00:00Z"",""delay_us"":0,""feed_lag_us"":5000000,""feed_poll_interval_us"":60000000,""interval_us"":3600000000,""order"":""forward"",""phase"":9,""phase_us"":540000000,""policy"":""PCD"",""q"":null}"
254,6b84892cd997a5c61cd02e75ba918e869e13a2c88b9e5d08370e3d63b5394281,L-interval,"{""archive"":""none"",""capacity_bytes"":1048576,""checkpoint"":""2026-07-15T00:00:00Z"",""delay_us"":0,""feed_lag_us"":5000000,""feed_poll_interval_us"":60000000,""interval_us"":3600000000,""order"":""forward"",""phase"":10,""phase_us"":600000000,""policy"":""PCD"",""q"":null}"
255,6e890c06188af84db395c2c01691e804d69df1acbb9d6b740281e4eaa0e8597b,L-interval,"{""archive"":""none"",""capacity_bytes"":1048576,""checkpoint"":""2026-07-15T00:00:00Z"",""delay_us"":0,""feed_lag_us"":5000000,""feed_poll_interval_us"":60000000,""interval_us"":3600000000,""order"":""forward"",""phase"":11,""phase_us"":660000000,""policy"":""PCD"",""q"":null}"
256,6afc64854186de3d6e62568b412743858734960dae7cd5cbf714335f3dfa9c9f,L-interval,"{""archive"":""none"",""capacity_bytes"":1048576,""checkpoint"":""2026-07-15T00:00:00Z"",""delay_us"":0,""feed_lag_us"":5000000,""feed_poll_interval_us"":60000000,""interval_us"":3600000000,""order"":""forward"",""phase"":12,""phase_us"":720000000,""policy"":""PCD"",""q"":null}"
257,d2b0cde34236b725ff73f8f20dcbdf9f19a37fbf12e951d4cb8fe9f287280742,L-interval,"{""archive"":""none"",""capacity_bytes"":1048576,""checkpoint"":""2026-07-15T00:00:00Z"",""delay_us"":0,""feed_lag_us"":5000000,""feed_poll_interval_us"":60000000,""interval_us"":3600000000,""order"":""forward"",""phase"":13,""phase_us"":780000000,""policy"":""PCD"",""q"":null}"
258,1c62b20c30d3e80fcb97f73633ab29994d09ed4332f7f426b2f383476114f0e2,L-interval,"{""archive"":""none"",""capacity_bytes"":1048576,""checkpoint"":""2026-07-15T00:00:00Z"",""delay_us"":0,""feed_lag_us"":5000000,""feed_poll_interval_us"":60000000,""interval_us"":3600000000,""order"":""forward"",""phase"":14,""phase_us"":840000000,""policy"":""PCD"",""q"":null}"
259,1ca27f991c0945211a2d5efb0fae90e90fe4fb3c5131448e8f4aa065c5ff172c,L-interval,"{""archive"":""none"",""capacity_bytes"":1048576,""checkpoint"":""2026-07-15T00:00:00Z"",""delay_us"":0,""feed_lag_us"":5000000,""feed_poll_interval_us"":60000000,""interval_us"":3600000000,""order"":""forward"",""phase"":15,""phase_us"":900000000,""policy"":""PCD"",""q"":null}"
260,9b852ace3ddcc2c3ed338a809a8e89969932e726eab21abbbae69386762ef84d,L-interval,"{""archive"":""none"",""capacity_bytes"":1048576,""checkpoint"":""2026-07-15T00:00:00Z"",""delay_us"":0,""feed_lag_us"":5000000,""feed_poll_interval_us"":60000000,""interval_us"":3600000000,""order"":""forward"",""phase"":16,""phase_us"":960000000,""policy"":""PCD"",""q"":null}"
261,d4de84b25a1233f534a0131ac6eca24c659d94a5ed818791161258d4f02c53f8,L-interval,"{""archive"":""none"",""capacity_bytes"":1048576,""checkpoint"":""2026-07-15T00:00:00Z"",""delay_us"":0,""feed_lag_us"":5000000,""feed_poll_interval_us"":60000000,""interval_us"":3600000000,""order"":""forward"",""phase"":17,""phase_us"":1020000000,""policy"":""PCD"",""q"":null}"
262,70a101060f1e79ec6ea8d9345dc651b20c310f0a162924db54b4cc7eebf2f4a3,L-interval,"{""archive"":""none"",""capacity_bytes"":1048576,""checkpoint"":""2026-07-15T00:00:00Z"",""delay_us"":0,""feed_lag_us"":5000000,""feed_poll_interval_us"":60000000,""interval_us"":3600000000,""order"":""forward"",""phase"":18,""phase_us"":1080000000,""policy"":""PCD"",""q"":null}"
263,7d41078ff09c34421f0922a4e8af9ec297bda6d5c0a1d631244fdd023b67b17a,L-interval,"{""archive"":""none"",""capacity_bytes"":1048576,""checkpoint"":""2026-07-15T00:00:00Z"",""delay_us"":0,""feed_lag_us"":5000000,""feed_poll_interval_us"":60000000,""interval_us"":3600000000,""order"":""forward"",""phase"":19,""phase_us"":1140000000,""policy"":""PCD"",""q"":null}"
264,ddfa1a6c8c06aad71ae3ff0c3077e67793608efc3462338431fa4044c4a7dfb9,L-interval,"{""archive"":""none"",""capacity_bytes"":1048576,""checkpoint"":""2026-07-15T00:00:00Z"",""delay_us"":0,""feed_lag_us"":5000000,""feed_poll_interval_us"":60000000,""interval_us"":3600000000,""order"":""forward"",""phase"":20,""phase_us"":1200000000,""policy"":""PCD"",""q"":null}"
265,32a996684deadbb391230ce02c21625c36fe13b87f7cec134f6686ab652afcc7,L-interval,"{""archive"":""none"",""capacity_bytes"":1048576,""checkpoint"":""2026-07-15T00:00:00Z"",""delay_us"":0,""feed_lag_us"":5000000,""feed_poll_interval_us"":60000000,""interval_us"":3600000000,""order"":""forward"",""phase"":21,""phase_us"":1260000000,""policy"":""PCD"",""q"":null}"
266,d6db19ef7507ffbcce22c62365a14e6ece01f2583d76f946e232e293f59ef107,L-interval,"{""archive"":""none"",""capacity_bytes"":1048576,""checkpoint"":""2026-07-15T00:00:00Z"",""delay_us"":0,""feed_lag_us"":5000000,""feed_poll_interval_us"":60000000,""interval_us"":3600000000,""order"":""forward"",""phase"":22,""phase_us"":1320000000,""policy"":""PCD"",""q"":null}"
267,40fe6926f1a7ab145e4e48326093c1771719e13352777ad3539959f42f18c321,L-interval,"{""archive"":""none"",""capacity_bytes"":1048576,""checkpoint"":""2026-07-15T00:00:00Z"",""delay_us"":0,""feed_lag_us"":5000000,""feed_poll_interval_us"":60000000,""interval_us"":3600000000,""order"":""forward"",""phase"":23,""phase_us"":1380000000,""policy"":""PCD"",""q"":null}"
268,c18fa70aa564ec581b4dc7b346d3ead5fa83511290ef212d4356c4cefbfa6be1,L-interval,"{""archive"":""none"",""capacity_bytes"":1048576,""checkpoint"":""2026-07-15T00:00:00Z"",""delay_us"":0,""feed_lag_us"":5000000,""feed_poll_interval_us"":60000000,""interval_us"":3600000000,""order"":""forward"",""phase"":24,""phase_us"":1440000000,""policy"":""PCD"",""q"":null}"
269,df46ef4b65c09e5cd35bcebe745e22264834e5695c7720c039dcd31cbce50d6a,L-interval,"{""archive"":""none"",""capacity_bytes"":1048576,""checkpoint"":""2026-07-15T00:00:00Z"",""delay_us"":0,""feed_lag_us"":5000000,""feed_poll_interval_us"":60000000,""interval_us"":3600000000,""order"":""forward"",""phase"":25,""phase_us"":1500000000,""policy"":""PCD"",""q"":null}"
270,aa20903f1fc54a277fc0305a356dbd5f80e6ab2cf17676084302b9f9e27109b3,L-interval,"{""archive"":""none"",""capacity_bytes"":1048576,""checkpoint"":""2026-07-15T00:00:00Z"",""delay_us"":0,""feed_lag_us"":5000000,""feed_poll_interval_us"":60000000,""interval_us"":3600000000,""order"":""forward"",""phase"":26,""phase_us"":1560000000,""policy"":""PCD"",""q"":null}"
271,92b816a1011578235fbd88dc839e4f4b7b52772e55ef932cee4dc0be7c319834,L-interval,"{""archive"":""none"",""capacity_bytes"":1048576,""checkpoint"":""2026-07-15T00:00:00Z"",""delay_us"":0,""feed_lag_us"":5000000,""feed_poll_interval_us"":60000000,""interval_us"":3600000000,""order"":""forward"",""phase"":27,""phase_us"":1620000000,""policy"":""PCD"",""q"":null}"
272,a5309fbd61e3090ee48d32f9f3ea2c09f2dbb248ea0222c31570ad5e6d4fd3b4,L-interval,"{""archive"":""none"",""capacity_bytes"":1048576,""checkpoint"":""2026-07-15T00:00:00Z"",""delay_us"":0,""feed_lag_us"":5000000,""feed_poll_interval_us"":60000000,""interval_us"":3600000000,""order"":""forward"",""phase"":28,""phase_us"":1680000000,""policy"":""PCD"",""q"":null}"
273,907bd92d8d073033b7deeb63975ceef0824eeb6ec67be7602f04285bec91f457,L-interval,"{""archive"":""none"",""capacity_bytes"":1048576,""checkpoint"":""2026-07-15T00:00:00Z"",""delay_us"":0,""feed_lag_us"":5000000,""feed_poll_interval_us"":60000000,""interval_us"":3600000000,""order"":""forward"",""phase"":29,""phase_us"":1740000000,""policy"":""PCD"",""q"":null}"
274,487bf6d4bd57e621e680177f207f1e86cac8e9d248b7fdc4f7bf16b2c0b8d2cb,L-interval,"{""archive"":""none"",""capacity_bytes"":1048576,""checkpoint"":""2026-07-15T00:00:00Z"",""delay_us"":0,""feed_lag_us"":5000000,""feed_poll_interval_us"":60000000,""interval_us"":3600000000,""order"":""forward"",""phase"":30,""phase_us"":1800000000,""policy"":""PCD"",""q"":null}"
275,d30502f730c8a9a62561e472be1564259a79debb60d814970d1bc1c29234fc13,L-interval,"{""archive"":""none"",""capacity_bytes"":1048576,""checkpoint"":""2026-07-15T00:00:00Z"",""delay_us"":0,""feed_lag_us"":5000000,""feed_poll_interval_us"":60000000,""interval_us"":3600000000,""order"":""forward"",""phase"":31,""phase_us"":1860000000,""policy"":""PCD"",""q"":null}"
276,d55bafc926c5a3c69d6336d2624a9cf01941934bb9cf921fb8a5bf90d5dc64c4,L-interval,"{""archive"":""none"",""capacity_bytes"":1048576,""checkpoint"":""2026-07-15T00:00:00Z"",""delay_us"":0,""feed_lag_us"":5000000,""feed_poll_interval_us"":60000000,""interval_us"":3600000000,""order"":""forward"",""phase"":32,""phase_us"":1920000000,""policy"":""PCD"",""q"":null}"
277,73815aebe71b42554ec402de43e85ae6205bd78cf065949bed97c2c4f62e99d0,L-interval,"{""archive"":""none"",""capacity_bytes"":1048576,""checkpoint"":""2026-07-15T00:00:00Z"",""delay_us"":0,""feed_lag_us"":5000000,""feed_poll_interval_us"":60000000,""interval_us"":3600000000,""order"":""forward"",""phase"":33,""phase_us"":1980000000,""policy"":""PCD"",""q"":null}"
278,4f62fdaf70b13ce8fc27749f4daa67eb03bf91864907a3bef9c32cdaee25ee48,L-interval,"{""archive"":""none"",""capacity_bytes"":1048576,""checkpoint"":""2026-07-15T00:00:00Z"",""delay_us"":0,""feed_lag_us"":5000000,""feed_poll_interval_us"":60000000,""interval_us"":3600000000,""order"":""forward"",""phase"":34,""phase_us"":2040000000,""policy"":""PCD"",""q"":null}"
279,d294530ee6aa715260b0153fe2d42301f1243316894ddd582f45556cc6b2b450,L-interval,"{""archive"":""none"",""capacity_bytes"":1048576,""checkpoint"":""2026-07-15T00:00:00Z"",""delay_us"":0,""feed_lag_us"":5000000,""feed_poll_interval_us"":60000000,""interval_us"":3600000000,""order"":""forward"",""phase"":35,""phase_us"":2100000000,""policy"":""PCD"",""q"":null}"
280,e427f50be4cbdc56bcb3d5468c38bc32551e7fbc9b67d9fcee66ac9f0e20f866,L-interval,"{""archive"":""none"",""capacity_bytes"":1048576,""checkpoint"":""2026-07-15T00:00:00Z"",""delay_us"":0,""feed_lag_us"":5000000,""feed_poll_interval_us"":60000000,""interval_us"":3600000000,""order"":""forward"",""phase"":36,""phase_us"":2160000000,""policy"":""PCD"",""q"":null}"
281,a2f38d5bb713fcb25e2233480619ac6d9e2c5a7853f623ffe2cf72b608e6074d,L-interval,"{""archive"":""none"",""capacity_bytes"":1048576,""checkpoint"":""2026-07-15T00:00:00Z"",""delay_us"":0,""feed_lag_us"":5000000,""feed_poll_interval_us"":60000000,""interval_us"":3600000000,""order"":""forward"",""phase"":37,""phase_us"":2220000000,""policy"":""PCD"",""q"":null}"
282,04e98edc3fe349f31ce1dd72342ed2f34eaabeb2aa3eab24ca1d1f32b48e8dfc,L-interval,"{""archive"":""none"",""capacity_bytes"":1048576,""checkpoint"":""2026-07-15T00:00:00Z"",""delay_us"":0,""feed_lag_us"":5000000,""feed_poll_interval_us"":60000000,""interval_us"":3600000000,""order"":""forward"",""phase"":38,""phase_us"":2280000000,""policy"":""PCD"",""q"":null}"
283,1a85c96df68a061750b5e788b41aa8434d86260fc0b0378d2736d9e8e1c8e896,L-interval,"{""archive"":""none"",""capacity_bytes"":1048576,""checkpoint"":""2026-07-15T00:00:00Z"",""delay_us"":0,""feed_lag_us"":5000000,""feed_poll_interval_us"":60000000,""interval_us"":3600000000,""order"":""forward"",""phase"":39,""phase_us"":2340000000,""policy"":""PCD"",""q"":null}"
284,da5dff346619444139c4c41e8ad16e1a9f3d9098560d18918f2cc3abbebbf788,L-interval,"{""archive"":""none"",""capacity_bytes"":1048576,""checkpoint"":""2026-07-15T00:00:00Z"",""delay_us"":0,""feed_lag_us"":5000000,""feed_poll_interval_us"":60000000,""interval_us"":3600000000,""order"":""forward"",""phase"":40,""phase_us"":2400000000,""policy"":""PCD"",""q"":null}"
285,a7221379b04f069b55d4c9a12bfa884e0bfcab10255e570d131e52a0554b60fd,L-interval,"{""archive"":""none"",""capacity_bytes"":1048576,""checkpoint"":""2026-07-15T00:00:00Z"",""delay_us"":0,""feed_lag_us"":5000000,""feed_poll_interval_us"":60000000,""interval_us"":3600000000,""order"":""forward"",""phase"":41,""phase_us"":2460000000,""policy"":""PCD"",""q"":null}"
286,2a1688dd92510bf92bcca571eae4b67e1a3bda8322512c1d5f62f2df756fb286,L-interval,"{""archive"":""none"",""capacity_bytes"":1048576,""checkpoint"":""2026-07-15T00:00:00Z"",""delay_us"":0,""feed_lag_us"":5000000,""feed_poll_interval_us"":60000000,""interval_us"":3600000000,""order"":""forward"",""phase"":42,""phase_us"":2520000000,""policy"":""PCD"",""q"":null}"
287,4d08515eb5ac8398ce761d6513d976f3eeaf1c73e848baae94409acde4ea504c,L-interval,"{""archive"":""none"",""capacity_bytes"":1048576,""checkpoint"":""2026-07-15T00:00:00Z"",""delay_us"":0,""feed_lag_us"":5000000,""feed_poll_interval_us"":60000000,""interval_us"":3600000000,""order"":""forward"",""phase"":43,""phase_us"":2580000000,""policy"":""PCD"",""q"":null}"
288,505edde9f1ad8682bec3a2f28dfaac2197783e83934e5fd6942f9ee6c585f395,L-interval,"{""archive"":""none"",""capacity_bytes"":1048576,""checkpoint"":""2026-07-15T00:00:00Z"",""delay_us"":0,""feed_lag_us"":5000000,""feed_poll_interval_us"":60000000,""interval_us"":3600000000,""order"":""forward"",""phase"":44,""phase_us"":2640000000,""policy"":""PCD"",""q"":null}"
289,18f8dce21098eb20cb0d4f546d67747f06c423bfcb826012f02088dc3dc44e25,L-interval,"{""archive"":""none"",""capacity_bytes"":1048576,""checkpoint"":""2026-07-15T00:00:00Z"",""delay_us"":0,""feed_lag_us"":5000000,""feed_poll_interval_us"":60000000,""interval_us"":3600000000,""order"":""forward"",""phase"":45,""phase_us"":2700000000,""policy"":""PCD"",""q"":null}"
290,7f83092cf48d11b3d80892902b35a2bbcf3bd70fc92e442c51e9eb5e4c0d2162,L-interval,"{""archive"":""none"",""capacity_bytes"":1048576,""checkpoint"":""2026-07-15T00:00:00Z"",""delay_us"":0,""feed_lag_us"":5000000,""feed_poll_interval_us"":60000000,""interval_us"":3600000000,""order"":""forward"",""phase"":46,""phase_us"":2760000000,""policy"":""PCD"",""q"":null}"
291,e9a3354f64c67f3aed9e0bf196479f6dd8560a6b2c1abcfd47056ee6a18b975a,L-interval,"{""archive"":""none"",""capacity_bytes"":1048576,""checkpoint"":""2026-07-15T00:00:00Z"",""delay_us"":0,""feed_lag_us"":5000000,""feed_poll_interval_us"":60000000,""interval_us"":3600000000,""order"":""forward"",""phase"":47,""phase_us"":2820000000,""policy"":""PCD"",""q"":null}"
292,50e4537fdab7742d4daaf59804f93feb38313dadb7497e865312a40d00848a82,L-interval,"{""archive"":""none"",""capacity_bytes"":1048576,""checkpoint"":""2026-07-15T00:00:00Z"",""delay_us"":0,""feed_lag_us"":5000000,""feed_poll_interval_us"":60000000,""interval_us"":3600000000,""order"":""forward"",""phase"":48,""phase_us"":2880000000,""policy"":""PCD"",""q"":null}"
293,7d52364e115e0a177ea7f17f581413330bbf998023fcede5f8dc1925e88ef177,L-interval,"{""archive"":""none"",""capacity_bytes"":1048576,""checkpoint"":""2026-07-15T00:00:00Z"",""delay_us"":0,""feed_lag_us"":5000000,""feed_poll_interval_us"":60000000,""interval_us"":3600000000,""order"":""forward"",""phase"":49,""phase_us"":2940000000,""policy"":""PCD"",""q"":null}"
294,c7ac6c4744f30d679084227178ca85b4f2895d4ecf887e3984ef1228d54c8468,L-interval,"{""archive"":""none"",""capacity_bytes"":1048576,""checkpoint"":""2026-07-15T00:00:00Z"",""delay_us"":0,""feed_lag_us"":5000000,""feed_poll_interval_us"":60000000,""interval_us"":3600000000,""order"":""forward"",""phase"":50,""phase_us"":3000000000,""policy"":""PCD"",""q"":null}"
295,9ff0c963ea10a972fcfbaabadbf622eb9674620e3b80db70625d6499d5e6fa76,L-interval,"{""archive"":""none"",""capacity_bytes"":1048576,""checkpoint"":""2026-07-15T00:00:00Z"",""delay_us"":0,""feed_lag_us"":5000000,""feed_poll_interval_us"":60000000,""interval_us"":3600000000,""order"":""forward"",""phase"":51,""phase_us"":3060000000,""policy"":""PCD"",""q"":null}"
296,71ce4719504c5f71b7ded8bc32337f9130a0c20352c3dfc3b49b6bf0f670d98d,L-interval,"{""archive"":""none"",""capacity_bytes"":1048576,""checkpoint"":""2026-07-15T00:00:00Z"",""delay_us"":0,""feed_lag_us"":5000000,""feed_poll_interval_us"":60000000,""interval_us"":3600000000,""order"":""forward"",""phase"":52,""phase_us"":3120000000,""policy"":""PCD"",""q"":null}"
297,673c92cfd0165aa552e5c34bc1f2c4be3503e734b2a183a325c35c9571c8318c,L-interval,"{""archive"":""none"",""capacity_bytes"":1048576,""checkpoint"":""2026-07-15T00:00:00Z"",""delay_us"":0,""feed_lag_us"":5000000,""feed_poll_interval_us"":60000000,""interval_us"":3600000000,""order"":""forward"",""phase"":53,""phase_us"":3180000000,""policy"":""PCD"",""q"":null}"
298,9c8578c4a050c9bce9501897f0b760f30186f79a2096f539511f809fcdee82f7,L-interval,"{""archive"":""none"",""capacity_bytes"":1048576,""checkpoint"":""2026-07-15T00:00:00Z"",""delay_us"":0,""feed_lag_us"":5000000,""feed_poll_interval_us"":60000000,""interval_us"":3600000000,""order"":""forward"",""phase"":54,""phase_us"":3240000000,""policy"":""PCD"",""q"":null}"
299,1b25dcb425ce773d10653137aa84f8411ceb363b3b3579dddb1fdbc0882ca0a5,L-interval,"{""archive"":""none"",""capacity_bytes"":1048576,""checkpoint"":""2026-07-15T00:00:00Z"",""delay_us"":0,""feed_lag_us"":5000000,""feed_poll_interval_us"":60000000,""interval_us"":3600000000,""order"":""forward"",""phase"":55,""phase_us"":3300000000,""policy"":""PCD"",""q"":null}"
300,1b41c6cf47d974eddcf5c43cccece83f8a5b37553173d079584fbd5f892744b5,L-interval,"{""archive"":""none"",""capacity_bytes"":1048576,""checkpoint"":""2026-07-15T00:00:00Z"",""delay_us"":0,""feed_lag_us"":5000000,""feed_poll_interval_us"":60000000,""interval_us"":3600000000,""order"":""forward"",""phase"":56,""phase_us"":3360000000,""policy"":""PCD"",""q"":null}"
301,ab2bd5706b17c33e971ba2f18a69a31ed51c7ab14908605e051872995300082f,L-interval,"{""archive"":""none"",""capacity_bytes"":1048576,""checkpoint"":""2026-07-15T00:00:00Z"",""delay_us"":0,""feed_lag_us"":5000000,""feed_poll_interval_us"":60000000,""interval_us"":3600000000,""order"":""forward"",""phase"":57,""phase_us"":3420000000,""policy"":""PCD"",""q"":null}"
302,10741bbf31df5f9f665b5ce55ff5c77b8c3b0c3e3574dc8e039171c760acafa5,L-interval,"{""archive"":""none"",""capacity_bytes"":1048576,""checkpoint"":""2026-07-15T00:00:00Z"",""delay_us"":0,""feed_lag_us"":5000000,""feed_poll_interval_us"":60000000,""interval_us"":3600000000,""order"":""forward"",""phase"":58,""phase_us"":3480000000,""policy"":""PCD"",""q"":null}"
303,85367172b73e5dfcabefb199960b84d9b75f367eba69ff881e60b4abfa0284f3,L-interval,"{""archive"":""none"",""capacity_bytes"":1048576,""checkpoint"":""2026-07-15T00:00:00Z"",""delay_us"":0,""feed_lag_us"":5000000,""feed_poll_interval_us"":60000000,""interval_us"":3600000000,""order"":""forward"",""phase"":59,""phase_us"":3540000000,""policy"":""PCD"",""q"":null}"
304,07ecf12e9c8b13ad806dd5a92f54b79fdf53c0483dccb325a73c96508ec5db40,L-latency,"{""archive"":""none"",""capacity_bytes"":1048576,""checkpoint"":""2026-07-15T00:00:00Z"",""delay_us"":30000000,""feed_lag_us"":5000000,""feed_poll_interval_us"":60000000,""interval_us"":900000000,""order"":""forward"",""phase"":0,""phase_us"":0,""policy"":""PCD"",""q"":null}"
305,86f6317e9b635886cad629367fe506a1ad902deceff800a982616f17a9d62db1,L-latency,"{""archive"":""none"",""capacity_bytes"":1048576,""checkpoint"":""2026-07-15T00:00:00Z"",""delay_us"":30000000,""feed_lag_us"":5000000,""feed_poll_interval_us"":60000000,""interval_us"":900000000,""order"":""forward"",""phase"":1,""phase_us"":15000000,""policy"":""PCD"",""q"":null}"
306,51da6798de30be31889aa3b19c5b98dbd9925a0c5af0c85eab352829176d8fad,L-latency,"{""archive"":""none"",""capacity_bytes"":1048576,""checkpoint"":""2026-07-15T00:00:00Z"",""delay_us"":30000000,""feed_lag_us"":5000000,""feed_poll_interval_us"":60000000,""interval_us"":900000000,""order"":""forward"",""phase"":2,""phase_us"":30000000,""policy"":""PCD"",""q"":null}"
307,a816d584e31b11e666a84c42a78bc890d60753b6526676da18065465d22add12,L-latency,"{""archive"":""none"",""capacity_bytes"":1048576,""checkpoint"":""2026-07-15T00:00:00Z"",""delay_us"":30000000,""feed_lag_us"":5000000,""feed_poll_interval_us"":60000000,""interval_us"":900000000,""order"":""forward"",""phase"":3,""phase_us"":45000000,""policy"":""PCD"",""q"":null}"
308,45b2c6617824ad1c9fae6113602cbfd268dfdfad17ad0603a21e3d47c37fc00b,L-latency,"{""archive"":""none"",""capacity_bytes"":1048576,""checkpoint"":""2026-07-15T00:00:00Z"",""delay_us"":30000000,""feed_lag_us"":5000000,""feed_poll_interval_us"":60000000,""interval_us"":900000000,""order"":""forward"",""phase"":4,""phase_us"":60000000,""policy"":""PCD"",""q"":null}"
309,6f3b2f291c1cfa4d4f0e8488c83e61c48337dbf113dfe62733d7db9eb5cdf08c,L-latency,"{""archive"":""none"",""capacity_bytes"":1048576,""checkpoint"":""2026-07-15T00:00:00Z"",""delay_us"":30000000,""feed_lag_us"":5000000,""feed_poll_interval_us"":60000000,""interval_us"":900000000,""order"":""forward"",""phase"":5,""phase_us"":75000000,""policy"":""PCD"",""q"":null}"
310,3b0949e1b86476399aa577c7c0dc162eaa4dcd97fbc683fc95e02c387d5ed1be,L-latency,"{""archive"":""none"",""capacity_bytes"":1048576,""checkpoint"":""2026-07-15T00:00:00Z"",""delay_us"":30000000,""feed_lag_us"":5000000,""feed_poll_interval_us"":60000000,""interval_us"":900000000,""order"":""forward"",""phase"":6,""phase_us"":90000000,""policy"":""PCD"",""q"":null}"
311,f66a3561cfece088fcc93f08b4c1b317c0ec9c0e740ce9ad81f46300c09bf6b2,L-latency,"{""archive"":""none"",""capacity_bytes"":1048576,""checkpoint"":""2026-07-15T00:00:00Z"",""delay_us"":30000000,""feed_lag_us"":5000000,""feed_poll_interval_us"":60000000,""interval_us"":900000000,""order"":""forward"",""phase"":7,""phase_us"":105000000,""policy"":""PCD"",""q"":null}"
312,37186f4001a2a998efdbaafa11d3610a824bdf4806d43601b27aab58eee66f58,L-latency,"{""archive"":""none"",""capacity_bytes"":1048576,""checkpoint"":""2026-07-15T00:00:00Z"",""delay_us"":30000000,""feed_lag_us"":5000000,""feed_poll_interval_us"":60000000,""interval_us"":900000000,""order"":""forward"",""phase"":8,""phase_us"":120000000,""policy"":""PCD"",""q"":null}"
313,4625d8f8d84e69b052107e8f1dbe689857498e3d43c29f25f3910f156fd3f9b9,L-latency,"{""archive"":""none"",""capacity_bytes"":1048576,""checkpoint"":""2026-07-15T00:00:00Z"",""delay_us"":30000000,""feed_lag_us"":5000000,""feed_poll_interval_us"":60000000,""interval_us"":900000000,""order"":""forward"",""phase"":9,""phase_us"":135000000,""policy"":""PCD"",""q"":null}"
314,a41c05a5da7c12d2be1f13b6f86bae9f9153b7d658df67e000d084e726ca61f3,L-latency,"{""archive"":""none"",""capacity_bytes"":1048576,""checkpoint"":""2026-07-15T00:00:00Z"",""delay_us"":30000000,""feed_lag_us"":5000000,""feed_poll_interval_us"":60000000,""interval_us"":900000000,""order"":""forward"",""phase"":10,""phase_us"":150000000,""policy"":""PCD"",""q"":null}"
315,b8d46f3562f24ab915da2ecd10881e87fb590a21249d56ae4668f6129cf8f07b,L-latency,"{""archive"":""none"",""capacity_bytes"":1048576,""checkpoint"":""2026-07-15T00:00:00Z"",""delay_us"":30000000,""feed_lag_us"":5000000,""feed_poll_interval_us"":60000000,""interval_us"":900000000,""order"":""forward"",""phase"":11,""phase_us"":165000000,""policy"":""PCD"",""q"":null}"
316,ee8032cf4ea7c0d3ade86c839f22b69e77800aa5fbf72be0df938724ba9481ca,L-latency,"{""archive"":""none"",""capacity_bytes"":1048576,""checkpoint"":""2026-07-15T00:00:00Z"",""delay_us"":30000000,""feed_lag_us"":5000000,""feed_poll_interval_us"":60000000,""interval_us"":900000000,""order"":""forward"",""phase"":12,""phase_us"":180000000,""policy"":""PCD"",""q"":null}"
317,9020cd1dca2f1d7e59d61207147222afecc8ecc109c73361c95b52d39ee60698,L-latency,"{""archive"":""none"",""capacity_bytes"":1048576,""checkpoint"":""2026-07-15T00:00:00Z"",""delay_us"":30000000,""feed_lag_us"":5000000,""feed_poll_interval_us"":60000000,""interval_us"":900000000,""order"":""forward"",""phase"":13,""phase_us"":195000000,""policy"":""PCD"",""q"":null}"
318,ec8e169ccc176e4ee5c0d973aed732c70f3e1504c1334473c88f427d35a5d6fa,L-latency,"{""archive"":""none"",""capacity_bytes"":1048576,""checkpoint"":""2026-07-15T00:00:00Z"",""delay_us"":30000000,""feed_lag_us"":5000000,""feed_poll_interval_us"":60000000,""interval_us"":900000000,""order"":""forward"",""phase"":14,""phase_us"":210000000,""policy"":""PCD"",""q"":null}"
319,a6a7cc59a1de5dd1018d32672c7673208594256b60f3a7605495ed3b1c41838d,L-latency,"{""archive"":""none"",""capacity_bytes"":1048576,""checkpoint"":""2026-07-15T00:00:00Z"",""delay_us"":30000000,""feed_lag_us"":5000000,""feed_poll_interval_us"":60000000,""interval_us"":900000000,""order"":""forward"",""phase"":15,""phase_us"":225000000,""policy"":""PCD"",""q"":null}"
320,add6a2671e759cbf1af37b96fc3435bb32fea22267482e72eda55ee917fc9750,L-latency,"{""archive"":""none"",""capacity_bytes"":1048576,""checkpoint"":""2026-07-15T00:00:00Z"",""delay_us"":30000000,""feed_lag_us"":5000000,""feed_poll_interval_us"":60000000,""interval_us"":900000000,""order"":""forward"",""phase"":16,""phase_us"":240000000,""policy"":""PCD"",""q"":null}"
321,774799766ef88ee31e7202a244e2ef8ebab101e09f7a4dc03c26e47f958d31c3,L-latency,"{""archive"":""none"",""capacity_bytes"":1048576,""checkpoint"":""2026-07-15T00:00:00Z"",""delay_us"":30000000,""feed_lag_us"":5000000,""feed_poll_interval_us"":60000000,""interval_us"":900000000,""order"":""forward"",""phase"":17,""phase_us"":255000000,""policy"":""PCD"",""q"":null}"
322,f673c8f1512e7b7d25fc7d13e120e5ae95bd0e9fd2bd119090b6b1b9e75f2298,L-latency,"{""archive"":""none"",""capacity_bytes"":1048576,""checkpoint"":""2026-07-15T00:00:00Z"",""delay_us"":30000000,""feed_lag_us"":5000000,""feed_poll_interval_us"":60000000,""interval_us"":900000000,""order"":""forward"",""phase"":18,""phase_us"":270000000,""policy"":""PCD"",""q"":null}"
323,08eef1b6b2a20177424e386e0daf81a91d4ee1e1a93d07dd21290113495701f4,L-latency,"{""archive"":""none"",""capacity_bytes"":1048576,""checkpoint"":""2026-07-15T00:00:00Z"",""delay_us"":30000000,""feed_lag_us"":5000000,""feed_poll_interval_us"":60000000,""interval_us"":900000000,""order"":""forward"",""phase"":19,""phase_us"":285000000,""policy"":""PCD"",""q"":null}"
324,ba559c344212f185393439e27b1a5a4cca0df076291eced1c7d7679bb8e07dbc,L-latency,"{""archive"":""none"",""capacity_bytes"":1048576,""checkpoint"":""2026-07-15T00:00:00Z"",""delay_us"":30000000,""feed_lag_us"":5000000,""feed_poll_interval_us"":60000000,""interval_us"":900000000,""order"":""forward"",""phase"":20,""phase_us"":300000000,""policy"":""PCD"",""q"":null}"
325,f7244866e4812582b017a760a45643dad5dd1bdaf928896c58a0a6946bb5781d,L-latency,"{""archive"":""none"",""capacity_bytes"":1048576,""checkpoint"":""2026-07-15T00:00:00Z"",""delay_us"":30000000,""feed_lag_us"":5000000,""feed_poll_interval_us"":60000000,""interval_us"":900000000,""order"":""forward"",""phase"":21,""phase_us"":315000000,""policy"":""PCD"",""q"":null}"
326,c96ea75e2d47d56bf9d08dc2bf10ad7e7481fc09be434c23842d17737a40cf58,L-latency,"{""archive"":""none"",""capacity_bytes"":1048576,""checkpoint"":""2026-07-15T00:00:00Z"",""delay_us"":30000000,""feed_lag_us"":5000000,""feed_poll_interval_us"":60000000,""interval_us"":900000000,""order"":""forward"",""phase"":22,""phase_us"":330000000,""policy"":""PCD"",""q"":null}"
327,8f2502371df1ca20a1d4c59efac3eb58e85112c8cdd4a5b6e68bd0b338ef2d29,L-latency,"{""archive"":""none"",""capacity_bytes"":1048576,""checkpoint"":""2026-07-15T00:00:00Z"",""delay_us"":30000000,""feed_lag_us"":5000000,""feed_poll_interval_us"":60000000,""interval_us"":900000000,""order"":""forward"",""phase"":23,""phase_us"":345000000,""policy"":""PCD"",""q"":null}"
328,0f782b9776c97a2833f8d7a791988574818a58d7de27a840d8589e23eea05896,L-latency,"{""archive"":""none"",""capacity_bytes"":1048576,""checkpoint"":""2026-07-15T00:00:00Z"",""delay_us"":30000000,""feed_lag_us"":5000000,""feed_poll_interval_us"":60000000,""interval_us"":900000000,""order"":""forward"",""phase"":24,""phase_us"":360000000,""policy"":""PCD"",""q"":null}"
329,5420c7cf42582320df89248abcccd8db8fbba0d6211a8a06d9383a1cc4cfcae3,L-latency,"{""archive"":""none"",""capacity_bytes"":1048576,""checkpoint"":""2026-07-15T00:00:00Z"",""delay_us"":30000000,""feed_lag_us"":5000000,""feed_poll_interval_us"":60000000,""interval_us"":900000000,""order"":""forward"",""phase"":25,""phase_us"":375000000,""policy"":""PCD"",""q"":null}"
330,e6dcea3d408bf27617d8bfdacea69a6bf8a3e27257e2fb2de2990a203e20dbd7,L-latency,"{""archive"":""none"",""capacity_bytes"":1048576,""checkpoint"":""2026-07-15T00:00:00Z"",""delay_us"":30000000,""feed_lag_us"":5000000,""feed_poll_interval_us"":60000000,""interval_us"":900000000,""order"":""forward"",""phase"":26,""phase_us"":390000000,""policy"":""PCD"",""q"":null}"
331,38361046cda7a6acba40301d3787d6472c79344feabb2e7b6d6be6e2ec608e7f,L-latency,"{""archive"":""none"",""capacity_bytes"":1048576,""checkpoint"":""2026-07-15T00:00:00Z"",""delay_us"":30000000,""feed_lag_us"":5000000,""feed_poll_interval_us"":60000000,""interval_us"":900000000,""order"":""forward"",""phase"":27,""phase_us"":405000000,""policy"":""PCD"",""q"":null}"
332,500727aa95fda7f072634d787dfcd6877988b1489f1a3a4e95d0d69ff06a1c78,L-latency,"{""archive"":""none"",""capacity_bytes"":1048576,""checkpoint"":""2026-07-15T00:00:00Z"",""delay_us"":30000000,""feed_lag_us"":5000000,""feed_poll_interval_us"":60000000,""interval_us"":900000000,""order"":""forward"",""phase"":28,""phase_us"":420000000,""policy"":""PCD"",""q"":null}"
333,7dd483918c09ab17e43d41b3722c43cd59f02ae4fbe7cf6e31dc7663a264bf4c,L-latency,"{""archive"":""none"",""capacity_bytes"":1048576,""checkpoint"":""2026-07-15T00:00:00Z"",""delay_us"":30000000,""feed_lag_us"":5000000,""feed_poll_interval_us"":60000000,""interval_us"":900000000,""order"":""forward"",""phase"":29,""phase_us"":435000000,""policy"":""PCD"",""q"":null}"
334,5a7515a4e8c281e17f1cc71bc256fd1cac2c47c438e93abe3279c879e2be4098,L-latency,"{""archive"":""none"",""capacity_bytes"":1048576,""checkpoint"":""2026-07-15T00:00:00Z"",""delay_us"":30000000,""feed_lag_us"":5000000,""feed_poll_interval_us"":60000000,""interval_us"":900000000,""order"":""forward"",""phase"":30,""phase_us"":450000000,""policy"":""PCD"",""q"":null}"
335,018e9a5e0efb0e3c36bd5baae598cf4921971f37427a66a4b34d3c949c694b59,L-latency,"{""archive"":""none"",""capacity_bytes"":1048576,""checkpoint"":""2026-07-15T00:00:00Z"",""delay_us"":30000000,""feed_lag_us"":5000000,""feed_poll_interval_us"":60000000,""interval_us"":900000000,""order"":""forward"",""phase"":31,""phase_us"":465000000,""policy"":""PCD"",""q"":null}"
336,e1fab8d026d81b0c4b4cbf642066a1bab90a04a01557288670a177ac13f811d4,L-latency,"{""archive"":""none"",""capacity_bytes"":1048576,""checkpoint"":""2026-07-15T00:00:00Z"",""delay_us"":30000000,""feed_lag_us"":5000000,""feed_poll_interval_us"":60000000,""interval_us"":900000000,""order"":""forward"",""phase"":32,""phase_us"":480000000,""policy"":""PCD"",""q"":null}"
337,2271f6761fe41aafc1164ab1780b889305a8374ae51e0b945fcab9c00968304f,L-latency,"{""archive"":""none"",""capacity_bytes"":1048576,""checkpoint"":""2026-07-15T00:00:00Z"",""delay_us"":30000000,""feed_lag_us"":5000000,""feed_poll_interval_us"":60000000,""interval_us"":900000000,""order"":""forward"",""phase"":33,""phase_us"":495000000,""policy"":""PCD"",""q"":null}"
338,b6fb716553120d6cb65d3b0358a9b0532f50dc52679c4355a9dacfff495ddab7,L-latency,"{""archive"":""none"",""capacity_bytes"":1048576,""checkpoint"":""2026-07-15T00:00:00Z"",""delay_us"":30000000,""feed_lag_us"":5000000,""feed_poll_interval_us"":60000000,""interval_us"":900000000,""order"":""forward"",""phase"":34,""phase_us"":510000000,""policy"":""PCD"",""q"":null}"
339,82b29ecf2d7fcc16c8815646d7d2846e2139e53a8ba1e38d29681625d8cd7d23,L-latency,"{""archive"":""none"",""capacity_bytes"":1048576,""checkpoint"":""2026-07-15T00:00:00Z"",""delay_us"":30000000,""feed_lag_us"":5000000,""feed_poll_interval_us"":60000000,""interval_us"":900000000,""order"":""forward"",""phase"":35,""phase_us"":525000000,""policy"":""PCD"",""q"":null}"
340,036d41fbcde7bdf48897523199cb7ad8337c8341196840781efd9848f9c3c620,L-latency,"{""archive"":""none"",""capacity_bytes"":1048576,""checkpoint"":""2026-07-15T00:00:00Z"",""delay_us"":30000000,""feed_lag_us"":5000000,""feed_poll_interval_us"":60000000,""interval_us"":900000000,""order"":""forward"",""phase"":36,""phase_us"":540000000,""policy"":""PCD"",""q"":null}"
341,c888c0026f6102973687a35c164eb14274e8070d641c91ae0ecead499487fd6a,L-latency,"{""archive"":""none"",""capacity_bytes"":1048576,""checkpoint"":""2026-07-15T00:00:00Z"",""delay_us"":30000000,""feed_lag_us"":5000000,""feed_poll_interval_us"":60000000,""interval_us"":900000000,""order"":""forward"",""phase"":37,""phase_us"":555000000,""policy"":""PCD"",""q"":null}"
342,2416f30342a2dfb12859eeb0977624e5cebe07dcb5f28ddf670ba3f6ed9c470b,L-latency,"{""archive"":""none"",""capacity_bytes"":1048576,""checkpoint"":""2026-07-15T00:00:00Z"",""delay_us"":30000000,""feed_lag_us"":5000000,""feed_poll_interval_us"":60000000,""interval_us"":900000000,""order"":""forward"",""phase"":38,""phase_us"":570000000,""policy"":""PCD"",""q"":null}"
343,e2756c8ba6c2ddcc7e7a9229f7357afd788d45d3d23ee2e757904363207491c6,L-latency,"{""archive"":""none"",""capacity_bytes"":1048576,""checkpoint"":""2026-07-15T00:00:00Z"",""delay_us"":30000000,""feed_lag_us"":5000000,""feed_poll_interval_us"":60000000,""interval_us"":900000000,""order"":""forward"",""phase"":39,""phase_us"":585000000,""policy"":""PCD"",""q"":null}"
344,4a31a89a68c973367f7f92bbf0901f1d7dffde6b978f29030e9025f168f543c7,L-latency,"{""archive"":""none"",""capacity_bytes"":1048576,""checkpoint"":""2026-07-15T00:00:00Z"",""delay_us"":30000000,""feed_lag_us"":5000000,""feed_poll_interval_us"":60000000,""interval_us"":900000000,""order"":""forward"",""phase"":40,""phase_us"":600000000,""policy"":""PCD"",""q"":null}"
345,d7d8ab4c08b8ff9a0dd52302e35d4a31e9d22005643e763e061ae15b2e16b3cf,L-latency,"{""archive"":""none"",""capacity_bytes"":1048576,""checkpoint"":""2026-07-15T00:00:00Z"",""delay_us"":30000000,""feed_lag_us"":5000000,""feed_poll_interval_us"":60000000,""interval_us"":900000000,""order"":""forward"",""phase"":41,""phase_us"":615000000,""policy"":""PCD"",""q"":null}"
346,16f56bbfc10f496d288ab5de4a84d0e17b0986e8b69c99be375460d2a3b50db8,L-latency,"{""archive"":""none"",""capacity_bytes"":1048576,""checkpoint"":""2026-07-15T00:00:00Z"",""delay_us"":30000000,""feed_lag_us"":5000000,""feed_poll_interval_us"":60000000,""interval_us"":900000000,""order"":""forward"",""phase"":42,""phase_us"":630000000,""policy"":""PCD"",""q"":null}"
347,877ae1089526bef33a054dca4d33352f245024b2db1d82b4e77d695c0cb4eebd,L-latency,"{""archive"":""none"",""capacity_bytes"":1048576,""checkpoint"":""2026-07-15T00:00:00Z"",""delay_us"":30000000,""feed_lag_us"":5000000,""feed_poll_interval_us"":60000000,""interval_us"":900000000,""order"":""forward"",""phase"":43,""phase_us"":645000000,""policy"":""PCD"",""q"":null}"
348,52269e3ec0cb99f63eebe83d64e908171b7049a9f052b1097665d0d62280f163,L-latency,"{""archive"":""none"",""capacity_bytes"":1048576,""checkpoint"":""2026-07-15T00:00:00Z"",""delay_us"":30000000,""feed_lag_us"":5000000,""feed_poll_interval_us"":60000000,""interval_us"":900000000,""order"":""forward"",""phase"":44,""phase_us"":660000000,""policy"":""PCD"",""q"":null}"
349,7901c994111c9378345fc60901cfec3506c6fe3afe085a1e7b1fb4be18468651,L-latency,"{""archive"":""none"",""capacity_bytes"":1048576,""checkpoint"":""2026-07-15T00:00:00Z"",""delay_us"":30000000,""feed_lag_us"":5000000,""feed_poll_interval_us"":60000000,""interval_us"":900000000,""order"":""forward"",""phase"":45,""phase_us"":675000000,""policy"":""PCD"",""q"":null}"
350,9977bf7591eefdd015284e8854d85687676b67edef8520bc9b0154a511525846,L-latency,"{""archive"":""none"",""capacity_bytes"":1048576,""checkpoint"":""2026-07-15T00:00:00Z"",""delay_us"":30000000,""feed_lag_us"":5000000,""feed_poll_interval_us"":60000000,""interval_us"":900000000,""order"":""forward"",""phase"":46,""phase_us"":690000000,""policy"":""PCD"",""q"":null}"
351,2aa1cfbae4ad6a9ee64c24438907d45cfc5efcda1de2f63b48253fd4ba3398a7,L-latency,"{""archive"":""none"",""capacity_bytes"":1048576,""checkpoint"":""2026-07-15T00:00:00Z"",""delay_us"":30000000,""feed_lag_us"":5000000,""feed_poll_interval_us"":60000000,""interval_us"":900000000,""order"":""forward"",""phase"":47,""phase_us"":705000000,""policy"":""PCD"",""q"":null}"
352,700f61b5b122a96c1a45635bf1ef85e5076082bedacbd41e19a935faa9f73b90,L-latency,"{""archive"":""none"",""capacity_bytes"":1048576,""checkpoint"":""2026-07-15T00:00:00Z"",""delay_us"":30000000,""feed_lag_us"":5000000,""feed_poll_interval_us"":60000000,""interval_us"":900000000,""order"":""forward"",""phase"":48,""phase_us"":720000000,""policy"":""PCD"",""q"":null}"
353,b27ac7f831bacec99cbfbcdb20a5a3c5c2fbbca21a02cf0f4b9ea1818ac577be,L-latency,"{""archive"":""none"",""capacity_bytes"":1048576,""checkpoint"":""2026-07-15T00:00:00Z"",""delay_us"":30000000,""feed_lag_us"":5000000,""feed_poll_interval_us"":60000000,""interval_us"":900000000,""order"":""forward"",""phase"":49,""phase_us"":735000000,""policy"":""PCD"",""q"":null}"
354,a632d70327fca58ba4519d0904f6764f4680d62ab552300b28cf8c1766b3253e,L-latency,"{""archive"":""none"",""capacity_bytes"":1048576,""checkpoint"":""2026-07-15T00:00:00Z"",""delay_us"":30000000,""feed_lag_us"":5000000,""feed_poll_interval_us"":60000000,""interval_us"":900000000,""order"":""forward"",""phase"":50,""phase_us"":750000000,""policy"":""PCD"",""q"":null}"
355,aa97dc0d6f87867ccf160931e33de3ec08c6d014caf72447281316f47f2b99c1,L-latency,"{""archive"":""none"",""capacity_bytes"":1048576,""checkpoint"":""2026-07-15T00:00:00Z"",""delay_us"":30000000,""feed_lag_us"":5000000,""feed_poll_interval_us"":60000000,""interval_us"":900000000,""order"":""forward"",""phase"":51,""phase_us"":765000000,""policy"":""PCD"",""q"":null}"
356,3218fa229aeb119c8404a8a9ec2cfc8a7ee271706d0ece6b32f5c0bbe7db0171,L-latency,"{""archive"":""none"",""capacity_bytes"":1048576,""checkpoint"":""2026-07-15T00:00:00Z"",""delay_us"":30000000,""feed_lag_us"":5000000,""feed_poll_interval_us"":60000000,""interval_us"":900000000,""order"":""forward"",""phase"":52,""phase_us"":780000000,""policy"":""PCD"",""q"":null}"
357,5776530337a549128edaca270425d094fa62eb6f66ac0959d7730a0d68a71785,L-latency,"{""archive"":""none"",""capacity_bytes"":1048576,""checkpoint"":""2026-07-15T00:00:00Z"",""delay_us"":30000000,""feed_lag_us"":5000000,""feed_poll_interval_us"":60000000,""interval_us"":900000000,""order"":""forward"",""phase"":53,""phase_us"":795000000,""policy"":""PCD"",""q"":null}"
358,bd1e7ef6eabcb04117c472972318886df06bdd876c72a82fa2254552fec766d4,L-latency,"{""archive"":""none"",""capacity_bytes"":1048576,""checkpoint"":""2026-07-15T00:00:00Z"",""delay_us"":30000000,""feed_lag_us"":5000000,""feed_poll_interval_us"":60000000,""interval_us"":900000000,""order"":""forward"",""phase"":54,""phase_us"":810000000,""policy"":""PCD"",""q"":null}"
359,a2dbd8d96139d9c8c85eacf3fc12a6dd492b15dead91285a520f6604e61f3e98,L-latency,"{""archive"":""none"",""capacity_bytes"":1048576,""checkpoint"":""2026-07-15T00:00:00Z"",""delay_us"":30000000,""feed_lag_us"":5000000,""feed_poll_interval_us"":60000000,""interval_us"":900000000,""order"":""forward"",""phase"":55,""phase_us"":825000000,""policy"":""PCD"",""q"":null}"
360,602399978fbda297080a896963ae1e76cea928811704153fcd4d12482b29144e,L-latency,"{""archive"":""none"",""capacity_bytes"":1048576,""checkpoint"":""2026-07-15T00:00:00Z"",""delay_us"":30000000,""feed_lag_us"":5000000,""feed_poll_interval_us"":60000000,""interval_us"":900000000,""order"":""forward"",""phase"":56,""phase_us"":840000000,""policy"":""PCD"",""q"":null}"
361,1fa73e9c3dacb3aded4518226e80fede672039924fd4736f1ab985d7f267a1fb,L-latency,"{""archive"":""none"",""capacity_bytes"":1048576,""checkpoint"":""2026-07-15T00:00:00Z"",""delay_us"":30000000,""feed_lag_us"":5000000,""feed_poll_interval_us"":60000000,""interval_us"":900000000,""order"":""forward"",""phase"":57,""phase_us"":855000000,""policy"":""PCD"",""q"":null}"
362,d92a71e66d04228e2916b1e36a65593ab6c3a37fbd595e01b3ec7bad87cb251c,L-latency,"{""archive"":""none"",""capacity_bytes"":1048576,""checkpoint"":""2026-07-15T00:00:00Z"",""delay_us"":30000000,""feed_lag_us"":5000000,""feed_poll_interval_us"":60000000,""interval_us"":900000000,""order"":""forward"",""phase"":58,""phase_us"":870000000,""policy"":""PCD"",""q"":null}"
363,add23fb091ad7ee1eb298d2667770839df46c2b954f03928676a424a0042aee8,L-latency,"{""archive"":""none"",""capacity_bytes"":1048576,""checkpoint"":""2026-07-15T00:00:00Z"",""delay_us"":30000000,""feed_lag_us"":5000000,""feed_poll_interval_us"":60000000,""interval_us"":900000000,""order"":""forward"",""phase"":59,""phase_us"":885000000,""policy"":""PCD"",""q"":null}"
364,4d222fe46c8f5150f263e597353ee07d660e7107b4a83386a492fe4df98f86d9,L-latency,"{""archive"":""none"",""capacity_bytes"":1048576,""checkpoint"":""2026-07-15T00:00:00Z"",""delay_us"":30000000,""feed_lag_us"":5000000,""feed_poll_interval_us"":60000000,""interval_us"":null,""order"":""forward"",""phase"":null,""phase_us"":null,""policy"":""E"",""q"":30}"
365,8f4c360253261e86379b6c8ca23a9e2ba73530d9e7154a8bc2469d114cee6acc,L-latency,"{""archive"":""none"",""capacity_bytes"":1048576,""checkpoint"":""2026-07-15T00:00:00Z"",""delay_us"":0,""feed_lag_us"":60000000,""feed_poll_interval_us"":60000000,""interval_us"":900000000,""order"":""forward"",""phase"":0,""phase_us"":0,""policy"":""PCD"",""q"":null}"
366,61d5bddffb09308fd585e4c9c9dc60203f2ba51e13f77e05ab5b1f426aef9a13,L-latency,"{""archive"":""none"",""capacity_bytes"":1048576,""checkpoint"":""2026-07-15T00:00:00Z"",""delay_us"":0,""feed_lag_us"":60000000,""feed_poll_interval_us"":60000000,""interval_us"":900000000,""order"":""forward"",""phase"":1,""phase_us"":15000000,""policy"":""PCD"",""q"":null}"
367,c0c877a9b1b90444187652902fdcb872283a3d804e98906db1cbb5a71cc837cf,L-latency,"{""archive"":""none"",""capacity_bytes"":1048576,""checkpoint"":""2026-07-15T00:00:00Z"",""delay_us"":0,""feed_lag_us"":60000000,""feed_poll_interval_us"":60000000,""interval_us"":900000000,""order"":""forward"",""phase"":2,""phase_us"":30000000,""policy"":""PCD"",""q"":null}"
368,acfa053b9db707a2dd1f5b4b4a69cefe4e4363f7e51889e74ecc622843181ce2,L-latency,"{""archive"":""none"",""capacity_bytes"":1048576,""checkpoint"":""2026-07-15T00:00:00Z"",""delay_us"":0,""feed_lag_us"":60000000,""feed_poll_interval_us"":60000000,""interval_us"":900000000,""order"":""forward"",""phase"":3,""phase_us"":45000000,""policy"":""PCD"",""q"":null}"
369,6d343eaf21fd209533688d2e3bbfd5b666da4dc88604d227795a774924067046,L-latency,"{""archive"":""none"",""capacity_bytes"":1048576,""checkpoint"":""2026-07-15T00:00:00Z"",""delay_us"":0,""feed_lag_us"":60000000,""feed_poll_interval_us"":60000000,""interval_us"":900000000,""order"":""forward"",""phase"":4,""phase_us"":60000000,""policy"":""PCD"",""q"":null}"
370,2eb082c3d87a3510488181b081fadd245ec3ff0fa4edf618ff04a936908594dd,L-latency,"{""archive"":""none"",""capacity_bytes"":1048576,""checkpoint"":""2026-07-15T00:00:00Z"",""delay_us"":0,""feed_lag_us"":60000000,""feed_poll_interval_us"":60000000,""interval_us"":900000000,""order"":""forward"",""phase"":5,""phase_us"":75000000,""policy"":""PCD"",""q"":null}"
371,9600dee90638321dbf48ecac83c49c3216ae88210935d81ca04b8604b2e64852,L-latency,"{""archive"":""none"",""capacity_bytes"":1048576,""checkpoint"":""2026-07-15T00:00:00Z"",""delay_us"":0,""feed_lag_us"":60000000,""feed_poll_interval_us"":60000000,""interval_us"":900000000,""order"":""forward"",""phase"":6,""phase_us"":90000000,""policy"":""PCD"",""q"":null}"
372,6401e5ea4e155debf4607277b4faecff6a581c4946a3226b77e747293fff5eab,L-latency,"{""archive"":""none"",""capacity_bytes"":1048576,""checkpoint"":""2026-07-15T00:00:00Z"",""delay_us"":0,""feed_lag_us"":60000000,""feed_poll_interval_us"":60000000,""interval_us"":900000000,""order"":""forward"",""phase"":7,""phase_us"":105000000,""policy"":""PCD"",""q"":null}"
373,8b42058b5e349aa483ccd8dce02b904254007375973107f6db5d6adb155ceab4,L-latency,"{""archive"":""none"",""capacity_bytes"":1048576,""checkpoint"":""2026-07-15T00:00:00Z"",""delay_us"":0,""feed_lag_us"":60000000,""feed_poll_interval_us"":60000000,""interval_us"":900000000,""order"":""forward"",""phase"":8,""phase_us"":120000000,""policy"":""PCD"",""q"":null}"
374,e915575e62ea9d4392ac3e2dce5b09f3b1142be337d8b27d9535d98f75d48bbc,L-latency,"{""archive"":""none"",""capacity_bytes"":1048576,""checkpoint"":""2026-07-15T00:00:00Z"",""delay_us"":0,""feed_lag_us"":60000000,""feed_poll_interval_us"":60000000,""interval_us"":900000000,""order"":""forward"",""phase"":9,""phase_us"":135000000,""policy"":""PCD"",""q"":null}"
375,8cbf4621f8d26642be2260b95c88bc588a21c08fd532dd4cb6d1a9e059aba9bd,L-latency,"{""archive"":""none"",""capacity_bytes"":1048576,""checkpoint"":""2026-07-15T00:00:00Z"",""delay_us"":0,""feed_lag_us"":60000000,""feed_poll_interval_us"":60000000,""interval_us"":900000000,""order"":""forward"",""phase"":10,""phase_us"":150000000,""policy"":""PCD"",""q"":null}"
376,bff3dfa4361d4c61a6bc90b674d4e972584066872fa29b01c46f3bbcae862761,L-latency,"{""archive"":""none"",""capacity_bytes"":1048576,""checkpoint"":""2026-07-15T00:00:00Z"",""delay_us"":0,""feed_lag_us"":60000000,""feed_poll_interval_us"":60000000,""interval_us"":900000000,""order"":""forward"",""phase"":11,""phase_us"":165000000,""policy"":""PCD"",""q"":null}"
377,f751af0eae35a8d2aadbbcdc1e5bb1bf557f3a8967ec3e4c8be485f13433d750,L-latency,"{""archive"":""none"",""capacity_bytes"":1048576,""checkpoint"":""2026-07-15T00:00:00Z"",""delay_us"":0,""feed_lag_us"":60000000,""feed_poll_interval_us"":60000000,""interval_us"":900000000,""order"":""forward"",""phase"":12,""phase_us"":180000000,""policy"":""PCD"",""q"":null}"
378,23e0dbcdf6ef40e9f46e62b6f8592cf53bc8a365feaa59743c6a97925e1fac87,L-latency,"{""archive"":""none"",""capacity_bytes"":1048576,""checkpoint"":""2026-07-15T00:00:00Z"",""delay_us"":0,""feed_lag_us"":60000000,""feed_poll_interval_us"":60000000,""interval_us"":900000000,""order"":""forward"",""phase"":13,""phase_us"":195000000,""policy"":""PCD"",""q"":null}"
379,997d92f593cd14e16a705d0c7c41a9ec48cf2aabe4c701933f53f63244eade79,L-latency,"{""archive"":""none"",""capacity_bytes"":1048576,""checkpoint"":""2026-07-15T00:00:00Z"",""delay_us"":0,""feed_lag_us"":60000000,""feed_poll_interval_us"":60000000,""interval_us"":900000000,""order"":""forward"",""phase"":14,""phase_us"":210000000,""policy"":""PCD"",""q"":null}"
380,73ffe05b54c93d4fc1e575bd4c63a67c6ef7c730d1ddbe84699a234ba2bddd59,L-latency,"{""archive"":""none"",""capacity_bytes"":1048576,""checkpoint"":""2026-07-15T00:00:00Z"",""delay_us"":0,""feed_lag_us"":60000000,""feed_poll_interval_us"":60000000,""interval_us"":900000000,""order"":""forward"",""phase"":15,""phase_us"":225000000,""policy"":""PCD"",""q"":null}"
381,04b8ee679470143f0b8d33804aa09e864cde5e6acbda5f2ef39dcca9af695e89,L-latency,"{""archive"":""none"",""capacity_bytes"":1048576,""checkpoint"":""2026-07-15T00:00:00Z"",""delay_us"":0,""feed_lag_us"":60000000,""feed_poll_interval_us"":60000000,""interval_us"":900000000,""order"":""forward"",""phase"":16,""phase_us"":240000000,""policy"":""PCD"",""q"":null}"
382,515e22d8182425b523ac866538db90ec2ea899593455f7a16e4fcdd76ec555f9,L-latency,"{""archive"":""none"",""capacity_bytes"":1048576,""checkpoint"":""2026-07-15T00:00:00Z"",""delay_us"":0,""feed_lag_us"":60000000,""feed_poll_interval_us"":60000000,""interval_us"":900000000,""order"":""forward"",""phase"":17,""phase_us"":255000000,""policy"":""PCD"",""q"":null}"
383,fc6e63316c3f2884d12e7c8c75bb950635f59ad71c3f5ff3479c0d4768f6a8c0,L-latency,"{""archive"":""none"",""capacity_bytes"":1048576,""checkpoint"":""2026-07-15T00:00:00Z"",""delay_us"":0,""feed_lag_us"":60000000,""feed_poll_interval_us"":60000000,""interval_us"":900000000,""order"":""forward"",""phase"":18,""phase_us"":270000000,""policy"":""PCD"",""q"":null}"
384,788538bc80be17a9c6bb52028bff39827de7db6957245281afff49991fb73dad,L-latency,"{""archive"":""none"",""capacity_bytes"":1048576,""checkpoint"":""2026-07-15T00:00:00Z"",""delay_us"":0,""feed_lag_us"":60000000,""feed_poll_interval_us"":60000000,""interval_us"":900000000,""order"":""forward"",""phase"":19,""phase_us"":285000000,""policy"":""PCD"",""q"":null}"
385,4c2640f877edfc1bfebbce3620e3a80e1530f737b7dda843d9b2241a718748b7,L-latency,"{""archive"":""none"",""capacity_bytes"":1048576,""checkpoint"":""2026-07-15T00:00:00Z"",""delay_us"":0,""feed_lag_us"":60000000,""feed_poll_interval_us"":60000000,""interval_us"":900000000,""order"":""forward"",""phase"":20,""phase_us"":300000000,""policy"":""PCD"",""q"":null}"
386,d8fd7cd410825d8f588c7315128da79d70253913d68431b835547eea8b91fab6,L-latency,"{""archive"":""none"",""capacity_bytes"":1048576,""checkpoint"":""2026-07-15T00:00:00Z"",""delay_us"":0,""feed_lag_us"":60000000,""feed_poll_interval_us"":60000000,""interval_us"":900000000,""order"":""forward"",""phase"":21,""phase_us"":315000000,""policy"":""PCD"",""q"":null}"
387,90117d686e3a31d0fc6a2025cd9f41f530a642fded3a5aea67e7c7afd3a826cd,L-latency,"{""archive"":""none"",""capacity_bytes"":1048576,""checkpoint"":""2026-07-15T00:00:00Z"",""delay_us"":0,""feed_lag_us"":60000000,""feed_poll_interval_us"":60000000,""interval_us"":900000000,""order"":""forward"",""phase"":22,""phase_us"":330000000,""policy"":""PCD"",""q"":null}"
388,1fe07633a5e09c43e2298574ecaae560c95bb3a51850a25e4eac536301e5e404,L-latency,"{""archive"":""none"",""capacity_bytes"":1048576,""checkpoint"":""2026-07-15T00:00:00Z"",""delay_us"":0,""feed_lag_us"":60000000,""feed_poll_interval_us"":60000000,""interval_us"":900000000,""order"":""forward"",""phase"":23,""phase_us"":345000000,""policy"":""PCD"",""q"":null}"
389,828275370a357c5af0f34fb96d90d88753d7920861800532e1758b36d2af060f,L-latency,"{""archive"":""none"",""capacity_bytes"":1048576,""checkpoint"":""2026-07-15T00:00:00Z"",""delay_us"":0,""feed_lag_us"":60000000,""feed_poll_interval_us"":60000000,""interval_us"":900000000,""order"":""forward"",""phase"":24,""phase_us"":360000000,""policy"":""PCD"",""q"":null}"
390,c56e4d3dac0951fb0111d56339dcb5eef6aec46a1f9577f046871d17d09c53a0,L-latency,"{""archive"":""none"",""capacity_bytes"":1048576,""checkpoint"":""2026-07-15T00:00:00Z"",""delay_us"":0,""feed_lag_us"":60000000,""feed_poll_interval_us"":60000000,""interval_us"":900000000,""order"":""forward"",""phase"":25,""phase_us"":375000000,""policy"":""PCD"",""q"":null}"
391,92cd841fc45bf8f549f62b1627b644c9cc5444031e1f70cbecf6971d0387c44a,L-latency,"{""archive"":""none"",""capacity_bytes"":1048576,""checkpoint"":""2026-07-15T00:00:00Z"",""delay_us"":0,""feed_lag_us"":60000000,""feed_poll_interval_us"":60000000,""interval_us"":900000000,""order"":""forward"",""phase"":26,""phase_us"":390000000,""policy"":""PCD"",""q"":null}"
392,e9155d9dcc7d2723f54deea908a3d2d83ba8976e409cb7696066b8313d40f224,L-latency,"{""archive"":""none"",""capacity_bytes"":1048576,""checkpoint"":""2026-07-15T00:00:00Z"",""delay_us"":0,""feed_lag_us"":60000000,""feed_poll_interval_us"":60000000,""interval_us"":900000000,""order"":""forward"",""phase"":27,""phase_us"":405000000,""policy"":""PCD"",""q"":null}"
393,c4311e7e30f1f757bcc1bf65ead987bb994d5c6703ac4fe7978c357be2a2824e,L-latency,"{""archive"":""none"",""capacity_bytes"":1048576,""checkpoint"":""2026-07-15T00:00:00Z"",""delay_us"":0,""feed_lag_us"":60000000,""feed_poll_interval_us"":60000000,""interval_us"":900000000,""order"":""forward"",""phase"":28,""phase_us"":420000000,""policy"":""PCD"",""q"":null}"
394,cf02c99c1b9d2abcfd49f929acf79e0add27d13b6d8e8bb337dc7697e3f79320,L-latency,"{""archive"":""none"",""capacity_bytes"":1048576,""checkpoint"":""2026-07-15T00:00:00Z"",""delay_us"":0,""feed_lag_us"":60000000,""feed_poll_interval_us"":60000000,""interval_us"":900000000,""order"":""forward"",""phase"":29,""phase_us"":435000000,""policy"":""PCD"",""q"":null}"
395,346c4c043916ebeb2d346c1651ae8142200fcbd34e743b15c0d513178dde437f,L-latency,"{""archive"":""none"",""capacity_bytes"":1048576,""checkpoint"":""2026-07-15T00:00:00Z"",""delay_us"":0,""feed_lag_us"":60000000,""feed_poll_interval_us"":60000000,""interval_us"":900000000,""order"":""forward"",""phase"":30,""phase_us"":450000000,""policy"":""PCD"",""q"":null}"
396,ce6fc11ecb8714cb2ed45ba2183f3830b9aa52ea647172452a8722589e0b2e50,L-latency,"{""archive"":""none"",""capacity_bytes"":1048576,""checkpoint"":""2026-07-15T00:00:00Z"",""delay_us"":0,""feed_lag_us"":60000000,""feed_poll_interval_us"":60000000,""interval_us"":900000000,""order"":""forward"",""phase"":31,""phase_us"":465000000,""policy"":""PCD"",""q"":null}"
397,53ae8af6cbf859e30b33ed9e4e4e907387987426a990b55aa314bbc789934843,L-latency,"{""archive"":""none"",""capacity_bytes"":1048576,""checkpoint"":""2026-07-15T00:00:00Z"",""delay_us"":0,""feed_lag_us"":60000000,""feed_poll_interval_us"":60000000,""interval_us"":900000000,""order"":""forward"",""phase"":32,""phase_us"":480000000,""policy"":""PCD"",""q"":null}"
398,00b01688827c813119772d96b4809f9d5edd27299c7a0f43b979c4ff2b67fad6,L-latency,"{""archive"":""none"",""capacity_bytes"":1048576,""checkpoint"":""2026-07-15T00:00:00Z"",""delay_us"":0,""feed_lag_us"":60000000,""feed_poll_interval_us"":60000000,""interval_us"":900000000,""order"":""forward"",""phase"":33,""phase_us"":495000000,""policy"":""PCD"",""q"":null}"
399,5f646c5829ef8dbcf902062abb2e965d7e58bcea93c75c22dd830a812e14f0c4,L-latency,"{""archive"":""none"",""capacity_bytes"":1048576,""checkpoint"":""2026-07-15T00:00:00Z"",""delay_us"":0,""feed_lag_us"":60000000,""feed_poll_interval_us"":60000000,""interval_us"":900000000,""order"":""forward"",""phase"":34,""phase_us"":510000000,""policy"":""PCD"",""q"":null}"
400,bc1184e0176e26e570242c59c92019f38839b270762e80cc1f13ae4103a983d8,L-latency,"{""archive"":""none"",""capacity_bytes"":1048576,""checkpoint"":""2026-07-15T00:00:00Z"",""delay_us"":0,""feed_lag_us"":60000000,""feed_poll_interval_us"":60000000,""interval_us"":900000000,""order"":""forward"",""phase"":35,""phase_us"":525000000,""policy"":""PCD"",""q"":null}"
401,5411236f69d54e9de6738ffff0c21a7906f3e9e5d0c32860d682e56a605ec2ef,L-latency,"{""archive"":""none"",""capacity_bytes"":1048576,""checkpoint"":""2026-07-15T00:00:00Z"",""delay_us"":0,""feed_lag_us"":60000000,""feed_poll_interval_us"":60000000,""interval_us"":900000000,""order"":""forward"",""phase"":36,""phase_us"":540000000,""policy"":""PCD"",""q"":null}"
402,671fe837a2524eefc45803dcb4b82a914825cc6fbbfe6cf15bbf3a74c9218a2f,L-latency,"{""archive"":""none"",""capacity_bytes"":1048576,""checkpoint"":""2026-07-15T00:00:00Z"",""delay_us"":0,""feed_lag_us"":60000000,""feed_poll_interval_us"":60000000,""interval_us"":900000000,""order"":""forward"",""phase"":37,""phase_us"":555000000,""policy"":""PCD"",""q"":null}"
403,c9b8bf700df8f7832f377a59bd2819751b5a173123c28938e61502b15888f984,L-latency,"{""archive"":""none"",""capacity_bytes"":1048576,""checkpoint"":""2026-07-15T00:00:00Z"",""delay_us"":0,""feed_lag_us"":60000000,""feed_poll_interval_us"":60000000,""interval_us"":900000000,""order"":""forward"",""phase"":38,""phase_us"":570000000,""policy"":""PCD"",""q"":null}"
404,442e9aeccbbf1ae1674bd4f00f200a0296a42ac5d10d880a08603f627f971a80,L-latency,"{""archive"":""none"",""capacity_bytes"":1048576,""checkpoint"":""2026-07-15T00:00:00Z"",""delay_us"":0,""feed_lag_us"":60000000,""feed_poll_interval_us"":60000000,""interval_us"":900000000,""order"":""forward"",""phase"":39,""phase_us"":585000000,""policy"":""PCD"",""q"":null}"
405,5e4a7314552b54d0c2ac466196afd20bfd2067bc63cd5e0c90f353c68e731aaa,L-latency,"{""archive"":""none"",""capacity_bytes"":1048576,""checkpoint"":""2026-07-15T00:00:00Z"",""delay_us"":0,""feed_lag_us"":60000000,""feed_poll_interval_us"":60000000,""interval_us"":900000000,""order"":""forward"",""phase"":40,""phase_us"":600000000,""policy"":""PCD"",""q"":null}"
406,16673dc49f4d1893479720f56cf147f8cb256d9ac79dcaebacb5a10a86bcc856,L-latency,"{""archive"":""none"",""capacity_bytes"":1048576,""checkpoint"":""2026-07-15T00:00:00Z"",""delay_us"":0,""feed_lag_us"":60000000,""feed_poll_interval_us"":60000000,""interval_us"":900000000,""order"":""forward"",""phase"":41,""phase_us"":615000000,""policy"":""PCD"",""q"":null}"
407,b60e4d86a46f92247967273eba8a80d7b7bbdae6296ed01ee90ff4e1a26a183f,L-latency,"{""archive"":""none"",""capacity_bytes"":1048576,""checkpoint"":""2026-07-15T00:00:00Z"",""delay_us"":0,""feed_lag_us"":60000000,""feed_poll_interval_us"":60000000,""interval_us"":900000000,""order"":""forward"",""phase"":42,""phase_us"":630000000,""policy"":""PCD"",""q"":null}"
408,7f6b10526a7afba21523d136a5bcbd1230628e4c444ff80aa02d30964cf97a3d,L-latency,"{""archive"":""none"",""capacity_bytes"":1048576,""checkpoint"":""2026-07-15T00:00:00Z"",""delay_us"":0,""feed_lag_us"":60000000,""feed_poll_interval_us"":60000000,""interval_us"":900000000,""order"":""forward"",""phase"":43,""phase_us"":645000000,""policy"":""PCD"",""q"":null}"
409,cd2067755a76c610e51426947b6bf716f4757ec3144a902dc678d2bec3625554,L-latency,"{""archive"":""none"",""capacity_bytes"":1048576,""checkpoint"":""2026-07-15T00:00:00Z"",""delay_us"":0,""feed_lag_us"":60000000,""feed_poll_interval_us"":60000000,""interval_us"":900000000,""order"":""forward"",""phase"":44,""phase_us"":660000000,""policy"":""PCD"",""q"":null}"
410,d143d735e26cc395c27ee00b8df53dd56f33596f426148891c02f61f51202790,L-latency,"{""archive"":""none"",""capacity_bytes"":1048576,""checkpoint"":""2026-07-15T00:00:00Z"",""delay_us"":0,""feed_lag_us"":60000000,""feed_poll_interval_us"":60000000,""interval_us"":900000000,""order"":""forward"",""phase"":45,""phase_us"":675000000,""policy"":""PCD"",""q"":null}"
411,b1ed2aff95105b046ec1990787385fc0a807e92e038000b02e71d4111c2ec15f,L-latency,"{""archive"":""none"",""capacity_bytes"":1048576,""checkpoint"":""2026-07-15T00:00:00Z"",""delay_us"":0,""feed_lag_us"":60000000,""feed_poll_interval_us"":60000000,""interval_us"":900000000,""order"":""forward"",""phase"":46,""phase_us"":690000000,""policy"":""PCD"",""q"":null}"
412,42755ec172f846e2b77eb23afadbea282c80238a23c8e33e5aea5f7f5ccf0d71,L-latency,"{""archive"":""none"",""capacity_bytes"":1048576,""checkpoint"":""2026-07-15T00:00:00Z"",""delay_us"":0,""feed_lag_us"":60000000,""feed_poll_interval_us"":60000000,""interval_us"":900000000,""order"":""forward"",""phase"":47,""phase_us"":705000000,""policy"":""PCD"",""q"":null}"
413,e5603a9fbe8b00da2b13320c53fd730ff5dae43bfad4e212f393d11cf7c0ba67,L-latency,"{""archive"":""none"",""capacity_bytes"":1048576,""checkpoint"":""2026-07-15T00:00:00Z"",""delay_us"":0,""feed_lag_us"":60000000,""feed_poll_interval_us"":60000000,""interval_us"":900000000,""order"":""forward"",""phase"":48,""phase_us"":720000000,""policy"":""PCD"",""q"":null}"
414,32e7afa213be872e66f80fcbffb2bdc8cb24ec36d44e3b099aa1ff25796259cc,L-latency,"{""archive"":""none"",""capacity_bytes"":1048576,""checkpoint"":""2026-07-15T00:00:00Z"",""delay_us"":0,""feed_lag_us"":60000000,""feed_poll_interval_us"":60000000,""interval_us"":900000000,""order"":""forward"",""phase"":49,""phase_us"":735000000,""policy"":""PCD"",""q"":null}"
415,d9e1d5c862d9f359f0a7605d5edb4fd28a2f5b3d5d884ea43b0971056fe1dad8,L-latency,"{""archive"":""none"",""capacity_bytes"":1048576,""checkpoint"":""2026-07-15T00:00:00Z"",""delay_us"":0,""feed_lag_us"":60000000,""feed_poll_interval_us"":60000000,""interval_us"":900000000,""order"":""forward"",""phase"":50,""phase_us"":750000000,""policy"":""PCD"",""q"":null}"
416,aa2e33d0b045ccc55e5b6fa2e059f768189ad5bd42d81329e8f945a185de4e59,L-latency,"{""archive"":""none"",""capacity_bytes"":1048576,""checkpoint"":""2026-07-15T00:00:00Z"",""delay_us"":0,""feed_lag_us"":60000000,""feed_poll_interval_us"":60000000,""interval_us"":900000000,""order"":""forward"",""phase"":51,""phase_us"":765000000,""policy"":""PCD"",""q"":null}"
417,aaa987f3926d33877a2cb46f0657ee8a790bc924ed5ec9c1e9351956a01eb3a6,L-latency,"{""archive"":""none"",""capacity_bytes"":1048576,""checkpoint"":""2026-07-15T00:00:00Z"",""delay_us"":0,""feed_lag_us"":60000000,""feed_poll_interval_us"":60000000,""interval_us"":900000000,""order"":""forward"",""phase"":52,""phase_us"":780000000,""policy"":""PCD"",""q"":null}"
418,cc9e182fccd34cba8c603ffc35e11d5c876337e57baecc9344ed948b5443e664,L-latency,"{""archive"":""none"",""capacity_bytes"":1048576,""checkpoint"":""2026-07-15T00:00:00Z"",""delay_us"":0,""feed_lag_us"":60000000,""feed_poll_interval_us"":60000000,""interval_us"":900000000,""order"":""forward"",""phase"":53,""phase_us"":795000000,""policy"":""PCD"",""q"":null}"
419,b679427f5d2bdb93c74789ba94d4775bbbd2a9d6d349d7e4bec709b02d4ded77,L-latency,"{""archive"":""none"",""capacity_bytes"":1048576,""checkpoint"":""2026-07-15T00:00:00Z"",""delay_us"":0,""feed_lag_us"":60000000,""feed_poll_interval_us"":60000000,""interval_us"":900000000,""order"":""forward"",""phase"":54,""phase_us"":810000000,""policy"":""PCD"",""q"":null}"
420,8b716e772a38e6c0cd24cb71882a60257e55a4366411106a33bc45e11a930fe0,L-latency,"{""archive"":""none"",""capacity_bytes"":1048576,""checkpoint"":""2026-07-15T00:00:00Z"",""delay_us"":0,""feed_lag_us"":60000000,""feed_poll_interval_us"":60000000,""interval_us"":900000000,""order"":""forward"",""phase"":55,""phase_us"":825000000,""policy"":""PCD"",""q"":null}"
421,03dc9b95f51565a776181ef487d632cded928eb74ae31946c6d20ad451269eef,L-latency,"{""archive"":""none"",""capacity_bytes"":1048576,""checkpoint"":""2026-07-15T00:00:00Z"",""delay_us"":0,""feed_lag_us"":60000000,""feed_poll_interval_us"":60000000,""interval_us"":900000000,""order"":""forward"",""phase"":56,""phase_us"":840000000,""policy"":""PCD"",""q"":null}"
422,f32498877d2d9179276b34f3b446a9ef7cdc399908787c5ac8fc48de789a0a33,L-latency,"{""archive"":""none"",""capacity_bytes"":1048576,""checkpoint"":""2026-07-15T00:00:00Z"",""delay_us"":0,""feed_lag_us"":60000000,""feed_poll_interval_us"":60000000,""interval_us"":900000000,""order"":""forward"",""phase"":57,""phase_us"":855000000,""policy"":""PCD"",""q"":null}"
423,9caddc6aefc3ba60e614963b18404517b0095a488510be1b9c5a966121bbde68,L-latency,"{""archive"":""none"",""capacity_bytes"":1048576,""checkpoint"":""2026-07-15T00:00:00Z"",""delay_us"":0,""feed_lag_us"":60000000,""feed_poll_interval_us"":60000000,""interval_us"":900000000,""order"":""forward"",""phase"":58,""phase_us"":870000000,""policy"":""PCD"",""q"":null}"
424,128a369f1ee6ac7edb6a98fbf060f009e48471bf0bc67d149a7c9097116896fd,L-latency,"{""archive"":""none"",""capacity_bytes"":1048576,""checkpoint"":""2026-07-15T00:00:00Z"",""delay_us"":0,""feed_lag_us"":60000000,""feed_poll_interval_us"":60000000,""interval_us"":900000000,""order"":""forward"",""phase"":59,""phase_us"":885000000,""policy"":""PCD"",""q"":null}"
425,a045666558834d5b8dea9887c4809cf672121bf142dd155d4e9d2a32622b0eb3,L-latency,"{""archive"":""none"",""capacity_bytes"":1048576,""checkpoint"":""2026-07-15T00:00:00Z"",""delay_us"":0,""feed_lag_us"":60000000,""feed_poll_interval_us"":60000000,""interval_us"":null,""order"":""forward"",""phase"":null,""phase_us"":null,""policy"":""E"",""q"":30}"
426,54374f6c35bd89f5c2a6af0da0381dcdafcc2b91183923bf5a97eb22d203ab69,L-latency,"{""archive"":""none"",""capacity_bytes"":1048576,""checkpoint"":""2026-07-15T00:00:00Z"",""delay_us"":30000000,""feed_lag_us"":60000000,""feed_poll_interval_us"":60000000,""interval_us"":900000000,""order"":""forward"",""phase"":0,""phase_us"":0,""policy"":""PCD"",""q"":null}"
427,c7a3c93af6021293919a8c2029ee3a90869147bbce36c67b2ef2fed7b6d8fe7a,L-latency,"{""archive"":""none"",""capacity_bytes"":1048576,""checkpoint"":""2026-07-15T00:00:00Z"",""delay_us"":30000000,""feed_lag_us"":60000000,""feed_poll_interval_us"":60000000,""interval_us"":900000000,""order"":""forward"",""phase"":1,""phase_us"":15000000,""policy"":""PCD"",""q"":null}"
428,89cfde495d1d7a0f17ba9a626ce40420255e03de6caa1c58212d620a93163893,L-latency,"{""archive"":""none"",""capacity_bytes"":1048576,""checkpoint"":""2026-07-15T00:00:00Z"",""delay_us"":30000000,""feed_lag_us"":60000000,""feed_poll_interval_us"":60000000,""interval_us"":900000000,""order"":""forward"",""phase"":2,""phase_us"":30000000,""policy"":""PCD"",""q"":null}"
429,381fe73e708ab323383b0e90f9858b41b5d056b6affc7c2243928e006e8f3910,L-latency,"{""archive"":""none"",""capacity_bytes"":1048576,""checkpoint"":""2026-07-15T00:00:00Z"",""delay_us"":30000000,""feed_lag_us"":60000000,""feed_poll_interval_us"":60000000,""interval_us"":900000000,""order"":""forward"",""phase"":3,""phase_us"":45000000,""policy"":""PCD"",""q"":null}"
430,057bdfbfa1d438a3d07d229667ad6b7dd9e0ac9fce142ca1b4964225042ee6c6,L-latency,"{""archive"":""none"",""capacity_bytes"":1048576,""checkpoint"":""2026-07-15T00:00:00Z"",""delay_us"":30000000,""feed_lag_us"":60000000,""feed_poll_interval_us"":60000000,""interval_us"":900000000,""order"":""forward"",""phase"":4,""phase_us"":60000000,""policy"":""PCD"",""q"":null}"
431,3da1b765d1d600da97de435b7400e2d7045483cbed8f3140c9728f48f3a6cb18,L-latency,"{""archive"":""none"",""capacity_bytes"":1048576,""checkpoint"":""2026-07-15T00:00:00Z"",""delay_us"":30000000,""feed_lag_us"":60000000,""feed_poll_interval_us"":60000000,""interval_us"":900000000,""order"":""forward"",""phase"":5,""phase_us"":75000000,""policy"":""PCD"",""q"":null}"
432,e2e27a61366f27a2dbeb23f70d200839ecc78b836755f90076ad148be05e59a0,L-latency,"{""archive"":""none"",""capacity_bytes"":1048576,""checkpoint"":""2026-07-15T00:00:00Z"",""delay_us"":30000000,""feed_lag_us"":60000000,""feed_poll_interval_us"":60000000,""interval_us"":900000000,""order"":""forward"",""phase"":6,""phase_us"":90000000,""policy"":""PCD"",""q"":null}"
433,9886c4389ce08d6e4c88efac1857cb6e43dc3ab7104a11b4aff581fc82cc1882,L-latency,"{""archive"":""none"",""capacity_bytes"":1048576,""checkpoint"":""2026-07-15T00:00:00Z"",""delay_us"":30000000,""feed_lag_us"":60000000,""feed_poll_interval_us"":60000000,""interval_us"":900000000,""order"":""forward"",""phase"":7,""phase_us"":105000000,""policy"":""PCD"",""q"":null}"
434,fdff7235a9ea3b4e2d6b2576d6785f95a3480b4dc153acec281c263b818eae34,L-latency,"{""archive"":""none"",""capacity_bytes"":1048576,""checkpoint"":""2026-07-15T00:00:00Z"",""delay_us"":30000000,""feed_lag_us"":60000000,""feed_poll_interval_us"":60000000,""interval_us"":900000000,""order"":""forward"",""phase"":8,""phase_us"":120000000,""policy"":""PCD"",""q"":null}"
435,d2aeaf1556460a8d900408e4ed65e5db56371dc94f555f618c6deab307388096,L-latency,"{""archive"":""none"",""capacity_bytes"":1048576,""checkpoint"":""2026-07-15T00:00:00Z"",""delay_us"":30000000,""feed_lag_us"":60000000,""feed_poll_interval_us"":60000000,""interval_us"":900000000,""order"":""forward"",""phase"":9,""phase_us"":135000000,""policy"":""PCD"",""q"":null}"
436,39dd03959495b22799b99d7184bb7e36ae32a917439c1ff759fab12346d725fb,L-latency,"{""archive"":""none"",""capacity_bytes"":1048576,""checkpoint"":""2026-07-15T00:00:00Z"",""delay_us"":30000000,""feed_lag_us"":60000000,""feed_poll_interval_us"":60000000,""interval_us"":900000000,""order"":""forward"",""phase"":10,""phase_us"":150000000,""policy"":""PCD"",""q"":null}"
437,dc74a0c0873d79b216786975561d17f1751c341b3c29066f534fbf8caa30ba56,L-latency,"{""archive"":""none"",""capacity_bytes"":1048576,""checkpoint"":""2026-07-15T00:00:00Z"",""delay_us"":30000000,""feed_lag_us"":60000000,""feed_poll_interval_us"":60000000,""interval_us"":900000000,""order"":""forward"",""phase"":11,""phase_us"":165000000,""policy"":""PCD"",""q"":null}"
438,07f4c455536a1c5b31bf6e54b2bb1fd5fdfd269e3db9cc04cd2778da7b0a0078,L-latency,"{""archive"":""none"",""capacity_bytes"":1048576,""checkpoint"":""2026-07-15T00:00:00Z"",""delay_us"":30000000,""feed_lag_us"":60000000,""feed_poll_interval_us"":60000000,""interval_us"":900000000,""order"":""forward"",""phase"":12,""phase_us"":180000000,""policy"":""PCD"",""q"":null}"
439,c17226df8534e45ef26d25655a9d349a3fc7a979b3a53706c8c0d58c05dfe90c,L-latency,"{""archive"":""none"",""capacity_bytes"":1048576,""checkpoint"":""2026-07-15T00:00:00Z"",""delay_us"":30000000,""feed_lag_us"":60000000,""feed_poll_interval_us"":60000000,""interval_us"":900000000,""order"":""forward"",""phase"":13,""phase_us"":195000000,""policy"":""PCD"",""q"":null}"
440,eced40abe0cb4a67589c8cb439c1c9786f13508c6076d447d291eb9484f5c5e8,L-latency,"{""archive"":""none"",""capacity_bytes"":1048576,""checkpoint"":""2026-07-15T00:00:00Z"",""delay_us"":30000000,""feed_lag_us"":60000000,""feed_poll_interval_us"":60000000,""interval_us"":900000000,""order"":""forward"",""phase"":14,""phase_us"":210000000,""policy"":""PCD"",""q"":null}"
441,b0eddc1ccf2decbcc34f50acaf3d0e91f426709e0acb03baf03a62a7eead3125,L-latency,"{""archive"":""none"",""capacity_bytes"":1048576,""checkpoint"":""2026-07-15T00:00:00Z"",""delay_us"":30000000,""feed_lag_us"":60000000,""feed_poll_interval_us"":60000000,""interval_us"":900000000,""order"":""forward"",""phase"":15,""phase_us"":225000000,""policy"":""PCD"",""q"":null}"
442,4266ab0711c161e15862ceb5e139b6eeef2349fca590f6b6014c01617b47f1eb,L-latency,"{""archive"":""none"",""capacity_bytes"":1048576,""checkpoint"":""2026-07-15T00:00:00Z"",""delay_us"":30000000,""feed_lag_us"":60000000,""feed_poll_interval_us"":60000000,""interval_us"":900000000,""order"":""forward"",""phase"":16,""phase_us"":240000000,""policy"":""PCD"",""q"":null}"
443,f2c7813341d4971783118f2d28d1786dd37d1c41ced9e08388fdc5b1673b4b20,L-latency,"{""archive"":""none"",""capacity_bytes"":1048576,""checkpoint"":""2026-07-15T00:00:00Z"",""delay_us"":30000000,""feed_lag_us"":60000000,""feed_poll_interval_us"":60000000,""interval_us"":900000000,""order"":""forward"",""phase"":17,""phase_us"":255000000,""policy"":""PCD"",""q"":null}"
444,ad6491c09a07a655749ea82695a4379bd0b5725f6341ecac55b72042d7dd1d9e,L-latency,"{""archive"":""none"",""capacity_bytes"":1048576,""checkpoint"":""2026-07-15T00:00:00Z"",""delay_us"":30000000,""feed_lag_us"":60000000,""feed_poll_interval_us"":60000000,""interval_us"":900000000,""order"":""forward"",""phase"":18,""phase_us"":270000000,""policy"":""PCD"",""q"":null}"
445,b3de9ce5b528079e2f9218681574d227272d46d94a22afffc71b0814fd2b2822,L-latency,"{""archive"":""none"",""capacity_bytes"":1048576,""checkpoint"":""2026-07-15T00:00:00Z"",""delay_us"":30000000,""feed_lag_us"":60000000,""feed_poll_interval_us"":60000000,""interval_us"":900000000,""order"":""forward"",""phase"":19,""phase_us"":285000000,""policy"":""PCD"",""q"":null}"
446,b639001a3e481a77c5232c0cd65d0dc328bdd427723326fee61f6335dcd2d82f,L-latency,"{""archive"":""none"",""capacity_bytes"":1048576,""checkpoint"":""2026-07-15T00:00:00Z"",""delay_us"":30000000,""feed_lag_us"":60000000,""feed_poll_interval_us"":60000000,""interval_us"":900000000,""order"":""forward"",""phase"":20,""phase_us"":300000000,""policy"":""PCD"",""q"":null}"
447,16ac3f00fc290fdb0bc2155c05c23dd3a013fe44f7cfe5edb05b6f36b842c1e2,L-latency,"{""archive"":""none"",""capacity_bytes"":1048576,""checkpoint"":""2026-07-15T00:00:00Z"",""delay_us"":30000000,""feed_lag_us"":60000000,""feed_poll_interval_us"":60000000,""interval_us"":900000000,""order"":""forward"",""phase"":21,""phase_us"":315000000,""policy"":""PCD"",""q"":null}"
448,7969e762799e6c7cec1a04fa649ac72d8f07acf9fadaa111b3d11868acb372be,L-latency,"{""archive"":""none"",""capacity_bytes"":1048576,""checkpoint"":""2026-07-15T00:00:00Z"",""delay_us"":30000000,""feed_lag_us"":60000000,""feed_poll_interval_us"":60000000,""interval_us"":900000000,""order"":""forward"",""phase"":22,""phase_us"":330000000,""policy"":""PCD"",""q"":null}"
449,d7e58600b03dcc0370e1b02fbbd2c56a977dc5601504cd1aa0b965e87ed3cafe,L-latency,"{""archive"":""none"",""capacity_bytes"":1048576,""checkpoint"":""2026-07-15T00:00:00Z"",""delay_us"":30000000,""feed_lag_us"":60000000,""feed_poll_interval_us"":60000000,""interval_us"":900000000,""order"":""forward"",""phase"":23,""phase_us"":345000000,""policy"":""PCD"",""q"":null}"
450,d0397890dd30d324e4de7f966dfab41969e3834f4eb1ad905025dcd780d8de35,L-latency,"{""archive"":""none"",""capacity_bytes"":1048576,""checkpoint"":""2026-07-15T00:00:00Z"",""delay_us"":30000000,""feed_lag_us"":60000000,""feed_poll_interval_us"":60000000,""interval_us"":900000000,""order"":""forward"",""phase"":24,""phase_us"":360000000,""policy"":""PCD"",""q"":null}"
451,9a5c4efdfae85160006d131bd7cee62020a9d36ce6b1941f0f49dd88ab18cda0,L-latency,"{""archive"":""none"",""capacity_bytes"":1048576,""checkpoint"":""2026-07-15T00:00:00Z"",""delay_us"":30000000,""feed_lag_us"":60000000,""feed_poll_interval_us"":60000000,""interval_us"":900000000,""order"":""forward"",""phase"":25,""phase_us"":375000000,""policy"":""PCD"",""q"":null}"
452,ab3a116fc58aa1e4925c0565dc72f20807511da0b650453742edf8dc73946027,L-latency,"{""archive"":""none"",""capacity_bytes"":1048576,""checkpoint"":""2026-07-15T00:00:00Z"",""delay_us"":30000000,""feed_lag_us"":60000000,""feed_poll_interval_us"":60000000,""interval_us"":900000000,""order"":""forward"",""phase"":26,""phase_us"":390000000,""policy"":""PCD"",""q"":null}"
453,666798a269cb84aec709552cb2988e8e236685a12fa72bb9b9187fa5eb72a830,L-latency,"{""archive"":""none"",""capacity_bytes"":1048576,""checkpoint"":""2026-07-15T00:00:00Z"",""delay_us"":30000000,""feed_lag_us"":60000000,""feed_poll_interval_us"":60000000,""interval_us"":900000000,""order"":""forward"",""phase"":27,""phase_us"":405000000,""policy"":""PCD"",""q"":null}"
454,7c7ddfa422d47f0bb26cf3d6eb2eeb55957fde78a850517757426339e6445ba1,L-latency,"{""archive"":""none"",""capacity_bytes"":1048576,""checkpoint"":""2026-07-15T00:00:00Z"",""delay_us"":30000000,""feed_lag_us"":60000000,""feed_poll_interval_us"":60000000,""interval_us"":900000000,""order"":""forward"",""phase"":28,""phase_us"":420000000,""policy"":""PCD"",""q"":null}"
455,724c8c2c899e31bc5dbfc935aa0079df1df058cfa021349b1e64740667f8839e,L-latency,"{""archive"":""none"",""capacity_bytes"":1048576,""checkpoint"":""2026-07-15T00:00:00Z"",""delay_us"":30000000,""feed_lag_us"":60000000,""feed_poll_interval_us"":60000000,""interval_us"":900000000,""order"":""forward"",""phase"":29,""phase_us"":435000000,""policy"":""PCD"",""q"":null}"
456,0c725b5b86e82ad65248de884004871aa812ab144a43532af2774dfe9518a0f0,L-latency,"{""archive"":""none"",""capacity_bytes"":1048576,""checkpoint"":""2026-07-15T00:00:00Z"",""delay_us"":30000000,""feed_lag_us"":60000000,""feed_poll_interval_us"":60000000,""interval_us"":900000000,""order"":""forward"",""phase"":30,""phase_us"":450000000,""policy"":""PCD"",""q"":null}"
457,13de14b7e23f28df5fde25f2230d7c13c0adc602074641c39017ce6c3b6cdb69,L-latency,"{""archive"":""none"",""capacity_bytes"":1048576,""checkpoint"":""2026-07-15T00:00:00Z"",""delay_us"":30000000,""feed_lag_us"":60000000,""feed_poll_interval_us"":60000000,""interval_us"":900000000,""order"":""forward"",""phase"":31,""phase_us"":465000000,""policy"":""PCD"",""q"":null}"
458,d1d8c0e532a2e8f6434739844411e19edd8158e234d82e9c191e8a6a95168e0a,L-latency,"{""archive"":""none"",""capacity_bytes"":1048576,""checkpoint"":""2026-07-15T00:00:00Z"",""delay_us"":30000000,""feed_lag_us"":60000000,""feed_poll_interval_us"":60000000,""interval_us"":900000000,""order"":""forward"",""phase"":32,""phase_us"":480000000,""policy"":""PCD"",""q"":null}"
459,9392b48fa4e1372ee2f9eb14ecf5aed484bf9499ca1067189caa4c63abce8ccb,L-latency,"{""archive"":""none"",""capacity_bytes"":1048576,""checkpoint"":""2026-07-15T00:00:00Z"",""delay_us"":30000000,""feed_lag_us"":60000000,""feed_poll_interval_us"":60000000,""interval_us"":900000000,""order"":""forward"",""phase"":33,""phase_us"":495000000,""policy"":""PCD"",""q"":null}"
460,701273a549ac489143414ee06c97ea6fc4c9752eacc7da0a9bb2d6274ce50e52,L-latency,"{""archive"":""none"",""capacity_bytes"":1048576,""checkpoint"":""2026-07-15T00:00:00Z"",""delay_us"":30000000,""feed_lag_us"":60000000,""feed_poll_interval_us"":60000000,""interval_us"":900000000,""order"":""forward"",""phase"":34,""phase_us"":510000000,""policy"":""PCD"",""q"":null}"
461,5530773ccb3ccb148693f2e68f1a304300b439a2328f3f203fa5fdf2dd8ab807,L-latency,"{""archive"":""none"",""capacity_bytes"":1048576,""checkpoint"":""2026-07-15T00:00:00Z"",""delay_us"":30000000,""feed_lag_us"":60000000,""feed_poll_interval_us"":60000000,""interval_us"":900000000,""order"":""forward"",""phase"":35,""phase_us"":525000000,""policy"":""PCD"",""q"":null}"
462,4b76036002ca33470e4709576b5b0c2b16417c209c312838e38e9094a4b0ad1e,L-latency,"{""archive"":""none"",""capacity_bytes"":1048576,""checkpoint"":""2026-07-15T00:00:00Z"",""delay_us"":30000000,""feed_lag_us"":60000000,""feed_poll_interval_us"":60000000,""interval_us"":900000000,""order"":""forward"",""phase"":36,""phase_us"":540000000,""policy"":""PCD"",""q"":null}"
463,30d1ecaa0a3d0c61cc290c16cbe120c0871aa21152f9beee2a774004853d8b57,L-latency,"{""archive"":""none"",""capacity_bytes"":1048576,""checkpoint"":""2026-07-15T00:00:00Z"",""delay_us"":30000000,""feed_lag_us"":60000000,""feed_poll_interval_us"":60000000,""interval_us"":900000000,""order"":""forward"",""phase"":37,""phase_us"":555000000,""policy"":""PCD"",""q"":null}"
464,4eae23b384c1e9ef928e0fbe099526f6fc5026ef349d6353896100282c0b8312,L-latency,"{""archive"":""none"",""capacity_bytes"":1048576,""checkpoint"":""2026-07-15T00:00:00Z"",""delay_us"":30000000,""feed_lag_us"":60000000,""feed_poll_interval_us"":60000000,""interval_us"":900000000,""order"":""forward"",""phase"":38,""phase_us"":570000000,""policy"":""PCD"",""q"":null}"
465,c1258c9c26706cca7810083f21066b1e2b2a979307d82f388e242611967a1265,L-latency,"{""archive"":""none"",""capacity_bytes"":1048576,""checkpoint"":""2026-07-15T00:00:00Z"",""delay_us"":30000000,""feed_lag_us"":60000000,""feed_poll_interval_us"":60000000,""interval_us"":900000000,""order"":""forward"",""phase"":39,""phase_us"":585000000,""policy"":""PCD"",""q"":null}"
466,2485cc6ca9b01557a3537962cda5d3b4b313cac3a3638511823259d51cd85653,L-latency,"{""archive"":""none"",""capacity_bytes"":1048576,""checkpoint"":""2026-07-15T00:00:00Z"",""delay_us"":30000000,""feed_lag_us"":60000000,""feed_poll_interval_us"":60000000,""interval_us"":900000000,""order"":""forward"",""phase"":40,""phase_us"":600000000,""policy"":""PCD"",""q"":null}"
467,335f40f06ba421b579453451e4f859c0c368c203bfc1b51bf1e149510fa4330f,L-latency,"{""archive"":""none"",""capacity_bytes"":1048576,""checkpoint"":""2026-07-15T00:00:00Z"",""delay_us"":30000000,""feed_lag_us"":60000000,""feed_poll_interval_us"":60000000,""interval_us"":900000000,""order"":""forward"",""phase"":41,""phase_us"":615000000,""policy"":""PCD"",""q"":null}"
468,ea64a29aa98c9a12ef8d66624bd71bb3c6fe3d72fa0270c8730f39e7fda91e37,L-latency,"{""archive"":""none"",""capacity_bytes"":1048576,""checkpoint"":""2026-07-15T00:00:00Z"",""delay_us"":30000000,""feed_lag_us"":60000000,""feed_poll_interval_us"":60000000,""interval_us"":900000000,""order"":""forward"",""phase"":42,""phase_us"":630000000,""policy"":""PCD"",""q"":null}"
469,37946b30fc3e0d1f6a3f068aa972e7fdd2a4b25125ef72564e30f3c0204bcc6d,L-latency,"{""archive"":""none"",""capacity_bytes"":1048576,""checkpoint"":""2026-07-15T00:00:00Z"",""delay_us"":30000000,""feed_lag_us"":60000000,""feed_poll_interval_us"":60000000,""interval_us"":900000000,""order"":""forward"",""phase"":43,""phase_us"":645000000,""policy"":""PCD"",""q"":null}"
470,87be52a9738193d496964d9d330bdf04cb1d75c412999f11e911ca63ee15a465,L-latency,"{""archive"":""none"",""capacity_bytes"":1048576,""checkpoint"":""2026-07-15T00:00:00Z"",""delay_us"":30000000,""feed_lag_us"":60000000,""feed_poll_interval_us"":60000000,""interval_us"":900000000,""order"":""forward"",""phase"":44,""phase_us"":660000000,""policy"":""PCD"",""q"":null}"
471,1209dfbcb3d0993698447462b00a2053bcea05019577abda252d2804a1602c5d,L-latency,"{""archive"":""none"",""capacity_bytes"":1048576,""checkpoint"":""2026-07-15T00:00:00Z"",""delay_us"":30000000,""feed_lag_us"":60000000,""feed_poll_interval_us"":60000000,""interval_us"":900000000,""order"":""forward"",""phase"":45,""phase_us"":675000000,""policy"":""PCD"",""q"":null}"
472,86d13911bcaf3e505f8921f415e32c0fdbba8c4f6fe8526641503111d8da0c4e,L-latency,"{""archive"":""none"",""capacity_bytes"":1048576,""checkpoint"":""2026-07-15T00:00:00Z"",""delay_us"":30000000,""feed_lag_us"":60000000,""feed_poll_interval_us"":60000000,""interval_us"":900000000,""order"":""forward"",""phase"":46,""phase_us"":690000000,""policy"":""PCD"",""q"":null}"
473,3f0d18225d09d35af5b2f63007b7e6078e23eab586dc2b30f59c3571ed9c2f85,L-latency,"{""archive"":""none"",""capacity_bytes"":1048576,""checkpoint"":""2026-07-15T00:00:00Z"",""delay_us"":30000000,""feed_lag_us"":60000000,""feed_poll_interval_us"":60000000,""interval_us"":900000000,""order"":""forward"",""phase"":47,""phase_us"":705000000,""policy"":""PCD"",""q"":null}"
474,b86d0259b225e68cee9fe5a1481a726670de7c084c826fc04330a62aff34a851,L-latency,"{""archive"":""none"",""capacity_bytes"":1048576,""checkpoint"":""2026-07-15T00:00:00Z"",""delay_us"":30000000,""feed_lag_us"":60000000,""feed_poll_interval_us"":60000000,""interval_us"":900000000,""order"":""forward"",""phase"":48,""phase_us"":720000000,""policy"":""PCD"",""q"":null}"
475,691291bd134672ea616116173cf0e1d42eaee361389947449f5dec319f01b644,L-latency,"{""archive"":""none"",""capacity_bytes"":1048576,""checkpoint"":""2026-07-15T00:00:00Z"",""delay_us"":30000000,""feed_lag_us"":60000000,""feed_poll_interval_us"":60000000,""interval_us"":900000000,""order"":""forward"",""phase"":49,""phase_us"":735000000,""policy"":""PCD"",""q"":null}"
476,9b7940144ac06947e16b93530c696ed981c41c3d901903a4663a747a104065d0,L-latency,"{""archive"":""none"",""capacity_bytes"":1048576,""checkpoint"":""2026-07-15T00:00:00Z"",""delay_us"":30000000,""feed_lag_us"":60000000,""feed_poll_interval_us"":60000000,""interval_us"":900000000,""order"":""forward"",""phase"":50,""phase_us"":750000000,""policy"":""PCD"",""q"":null}"
477,779f64e22c669276281e01b8da7a4189bf9d984f900bd752071a4fab72f051b5,L-latency,"{""archive"":""none"",""capacity_bytes"":1048576,""checkpoint"":""2026-07-15T00:00:00Z"",""delay_us"":30000000,""feed_lag_us"":60000000,""feed_poll_interval_us"":60000000,""interval_us"":900000000,""order"":""forward"",""phase"":51,""phase_us"":765000000,""policy"":""PCD"",""q"":null}"
478,dbd42eed94df9d9a746b56756b1636044f6c205cb4007e8520efe93b0421a444,L-latency,"{""archive"":""none"",""capacity_bytes"":1048576,""checkpoint"":""2026-07-15T00:00:00Z"",""delay_us"":30000000,""feed_lag_us"":60000000,""feed_poll_interval_us"":60000000,""interval_us"":900000000,""order"":""forward"",""phase"":52,""phase_us"":780000000,""policy"":""PCD"",""q"":null}"
479,d44175bbd13760706804f0554f4b91655d66bdce00f7e05d34d50cb81202e5d9,L-latency,"{""archive"":""none"",""capacity_bytes"":1048576,""checkpoint"":""2026-07-15T00:00:00Z"",""delay_us"":30000000,""feed_lag_us"":60000000,""feed_poll_interval_us"":60000000,""interval_us"":900000000,""order"":""forward"",""phase"":53,""phase_us"":795000000,""policy"":""PCD"",""q"":null}"
480,a3a3275538603366f99d34c26d76a24f8266c3acc836c119c7551b9ab4c0ab9f,L-latency,"{""archive"":""none"",""capacity_bytes"":1048576,""checkpoint"":""2026-07-15T00:00:00Z"",""delay_us"":30000000,""feed_lag_us"":60000000,""feed_poll_interval_us"":60000000,""interval_us"":900000000,""order"":""forward"",""phase"":54,""phase_us"":810000000,""policy"":""PCD"",""q"":null}"
481,4681aefdcdb66fead41388251001233909695445968efd60e45c4df77a1ef396,L-latency,"{""archive"":""none"",""capacity_bytes"":1048576,""checkpoint"":""2026-07-15T00:00:00Z"",""delay_us"":30000000,""feed_lag_us"":60000000,""feed_poll_interval_us"":60000000,""interval_us"":900000000,""order"":""forward"",""phase"":55,""phase_us"":825000000,""policy"":""PCD"",""q"":null}"
482,406e9495c9bc2c8b1400bfdd4093e1c490e70884da71da42b4168b6594740e24,L-latency,"{""archive"":""none"",""capacity_bytes"":1048576,""checkpoint"":""2026-07-15T00:00:00Z"",""delay_us"":30000000,""feed_lag_us"":60000000,""feed_poll_interval_us"":60000000,""interval_us"":900000000,""order"":""forward"",""phase"":56,""phase_us"":840000000,""policy"":""PCD"",""q"":null}"
483,1bb3ecc1aabe9eb959e21963eaaabe3ef1cd19171a40f1ae2dfba34b307d4aaf,L-latency,"{""archive"":""none"",""capacity_bytes"":1048576,""checkpoint"":""2026-07-15T00:00:00Z"",""delay_us"":30000000,""feed_lag_us"":60000000,""feed_poll_interval_us"":60000000,""interval_us"":900000000,""order"":""forward"",""phase"":57,""phase_us"":855000000,""policy"":""PCD"",""q"":null}"
484,aeb73f4e5605f3e6e3b48ff4bfb611f1144dc73625103d37ab7dc4f0a4166d4e,L-latency,"{""archive"":""none"",""capacity_bytes"":1048576,""checkpoint"":""2026-07-15T00:00:00Z"",""delay_us"":30000000,""feed_lag_us"":60000000,""feed_poll_interval_us"":60000000,""interval_us"":900000000,""order"":""forward"",""phase"":58,""phase_us"":870000000,""policy"":""PCD"",""q"":null}"
485,918efa4b90c1ea81c5f4890fb4c56a469148e7173481dbc93426de6738d56d3f,L-latency,"{""archive"":""none"",""capacity_bytes"":1048576,""checkpoint"":""2026-07-15T00:00:00Z"",""delay_us"":30000000,""feed_lag_us"":60000000,""feed_poll_interval_us"":60000000,""interval_us"":900000000,""order"":""forward"",""phase"":59,""phase_us"":885000000,""policy"":""PCD"",""q"":null}"
486,f234d854e711e6e27540632f793a7b13516f0f8dff00fa292120ed9f726d9258,L-latency,"{""archive"":""none"",""capacity_bytes"":1048576,""checkpoint"":""2026-07-15T00:00:00Z"",""delay_us"":30000000,""feed_lag_us"":60000000,""feed_poll_interval_us"":60000000,""interval_us"":null,""order"":""forward"",""phase"":null,""phase_us"":null,""policy"":""E"",""q"":30}"
487,8ff37167c3e8de16070a050300b36e303a18873b605697b929c6a27bba6d051d,F,"{""archive"":""none"",""capacity_bytes"":1048576,""checkpoint"":""2026-07-15T00:00:00Z"",""delay_us"":0,""feed_lag_us"":5000000,""feed_poll_interval_us"":60000000,""interval_us"":null,""order"":""forward"",""phase"":null,""phase_us"":null,""policy"":""F"",""q"":null}"
488,0c61738d76a67ba17f2b638bf9e3fe896d7503394f46e047e0ecf5b99fd107b3,R,"{""archive"":""none"",""capacity_bytes"":1048576,""checkpoint"":""2026-07-15T00:00:00Z"",""delay_us"":0,""feed_lag_us"":5000000,""feed_poll_interval_us"":60000000,""interval_us"":900000000,""order"":""forward"",""phase"":0,""phase_us"":0,""policy"":""PCD-R"",""q"":null}"
489,fb0bc190e47564caf74b6ca4657809674bcf080a18ec1c4f7940d8d92b8a9433,R,"{""archive"":""none"",""capacity_bytes"":1048576,""checkpoint"":""2026-07-15T00:00:00Z"",""delay_us"":0,""feed_lag_us"":5000000,""feed_poll_interval_us"":60000000,""interval_us"":900000000,""order"":""forward"",""phase"":1,""phase_us"":15000000,""policy"":""PCD-R"",""q"":null}"
490,a3bc153c572018ee8af62835391f0890c96e3cac128f8cbea30307cc2af79636,R,"{""archive"":""none"",""capacity_bytes"":1048576,""checkpoint"":""2026-07-15T00:00:00Z"",""delay_us"":0,""feed_lag_us"":5000000,""feed_poll_interval_us"":60000000,""interval_us"":900000000,""order"":""forward"",""phase"":2,""phase_us"":30000000,""policy"":""PCD-R"",""q"":null}"
491,5716ab719ab17f4f6f60121fa6d00f25a7c0bd59ea0fbab0f38c63977ba9dbc9,R,"{""archive"":""none"",""capacity_bytes"":1048576,""checkpoint"":""2026-07-15T00:00:00Z"",""delay_us"":0,""feed_lag_us"":5000000,""feed_poll_interval_us"":60000000,""interval_us"":900000000,""order"":""forward"",""phase"":3,""phase_us"":45000000,""policy"":""PCD-R"",""q"":null}"
492,4e38b79f70ea0c8e82b2d50c6fe3782de99daf7ebd6bb2a44db4349dc30f86d8,R,"{""archive"":""none"",""capacity_bytes"":1048576,""checkpoint"":""2026-07-15T00:00:00Z"",""delay_us"":0,""feed_lag_us"":5000000,""feed_poll_interval_us"":60000000,""interval_us"":900000000,""order"":""forward"",""phase"":4,""phase_us"":60000000,""policy"":""PCD-R"",""q"":null}"
493,2f945c7fb53a0574dcf666b90650d8db019b3cd9e70e7decdc188f6795591547,R,"{""archive"":""none"",""capacity_bytes"":1048576,""checkpoint"":""2026-07-15T00:00:00Z"",""delay_us"":0,""feed_lag_us"":5000000,""feed_poll_interval_us"":60000000,""interval_us"":900000000,""order"":""forward"",""phase"":5,""phase_us"":75000000,""policy"":""PCD-R"",""q"":null}"
494,54a7470dada488156d22f1bad0e80f86b71bc3158738a47f8c785039a4141f78,R,"{""archive"":""none"",""capacity_bytes"":1048576,""checkpoint"":""2026-07-15T00:00:00Z"",""delay_us"":0,""feed_lag_us"":5000000,""feed_poll_interval_us"":60000000,""interval_us"":900000000,""order"":""forward"",""phase"":6,""phase_us"":90000000,""policy"":""PCD-R"",""q"":null}"
495,0475c8e50c2c733c07c60f3c3c29a0052b448abf9575fe5de9d687d60427d312,R,"{""archive"":""none"",""capacity_bytes"":1048576,""checkpoint"":""2026-07-15T00:00:00Z"",""delay_us"":0,""feed_lag_us"":5000000,""feed_poll_interval_us"":60000000,""interval_us"":900000000,""order"":""forward"",""phase"":7,""phase_us"":105000000,""policy"":""PCD-R"",""q"":null}"
496,c6e5558951ebe179f78194f2139ef5ea2619de98006d292d4e145844034d98ee,R,"{""archive"":""none"",""capacity_bytes"":1048576,""checkpoint"":""2026-07-15T00:00:00Z"",""delay_us"":0,""feed_lag_us"":5000000,""feed_poll_interval_us"":60000000,""interval_us"":900000000,""order"":""forward"",""phase"":8,""phase_us"":120000000,""policy"":""PCD-R"",""q"":null}"
497,f7f82c91ae518f07299f130f2c9dc97404fecca172818d832ef65d53b8d7aced,R,"{""archive"":""none"",""capacity_bytes"":1048576,""checkpoint"":""2026-07-15T00:00:00Z"",""delay_us"":0,""feed_lag_us"":5000000,""feed_poll_interval_us"":60000000,""interval_us"":900000000,""order"":""forward"",""phase"":9,""phase_us"":135000000,""policy"":""PCD-R"",""q"":null}"
498,6c33c447de67db6437fb6dcf9c5e31dc427e7d7bc3c4d16a990e2831ac2947eb,R,"{""archive"":""none"",""capacity_bytes"":1048576,""checkpoint"":""2026-07-15T00:00:00Z"",""delay_us"":0,""feed_lag_us"":5000000,""feed_poll_interval_us"":60000000,""interval_us"":900000000,""order"":""forward"",""phase"":10,""phase_us"":150000000,""policy"":""PCD-R"",""q"":null}"
499,daa98045b125af9e92fc99ce0c818853ad997240aa38728eaabbaf9d68c96fa7,R,"{""archive"":""none"",""capacity_bytes"":1048576,""checkpoint"":""2026-07-15T00:00:00Z"",""delay_us"":0,""feed_lag_us"":5000000,""feed_poll_interval_us"":60000000,""interval_us"":900000000,""order"":""forward"",""phase"":11,""phase_us"":165000000,""policy"":""PCD-R"",""q"":null}"
500,55e16d8e2f16ced40e5131592ec4dbfdd9538f11b441fc6d6994bbda56cbfe77,R,"{""archive"":""none"",""capacity_bytes"":1048576,""checkpoint"":""2026-07-15T00:00:00Z"",""delay_us"":0,""feed_lag_us"":5000000,""feed_poll_interval_us"":60000000,""interval_us"":900000000,""order"":""forward"",""phase"":12,""phase_us"":180000000,""policy"":""PCD-R"",""q"":null}"
501,379d405ef83816b2241aa1e5b8f8da8c4f89b616eb8432cf232b5394f072adc4,R,"{""archive"":""none"",""capacity_bytes"":1048576,""checkpoint"":""2026-07-15T00:00:00Z"",""delay_us"":0,""feed_lag_us"":5000000,""feed_poll_interval_us"":60000000,""interval_us"":900000000,""order"":""forward"",""phase"":13,""phase_us"":195000000,""policy"":""PCD-R"",""q"":null}"
502,dabad65035262aaafd78ea14b9fcc2843342b65776735aa4260385c4a8545903,R,"{""archive"":""none"",""capacity_bytes"":1048576,""checkpoint"":""2026-07-15T00:00:00Z"",""delay_us"":0,""feed_lag_us"":5000000,""feed_poll_interval_us"":60000000,""interval_us"":900000000,""order"":""forward"",""phase"":14,""phase_us"":210000000,""policy"":""PCD-R"",""q"":null}"
503,7247e7ea424b5a897b0a28607e6e3e0ab7440632911d24477deddcafab4199a3,R,"{""archive"":""none"",""capacity_bytes"":1048576,""checkpoint"":""2026-07-15T00:00:00Z"",""delay_us"":0,""feed_lag_us"":5000000,""feed_poll_interval_us"":60000000,""interval_us"":900000000,""order"":""forward"",""phase"":15,""phase_us"":225000000,""policy"":""PCD-R"",""q"":null}"
504,c2bb5214b502c6c69e983ae9cc244a5ef9ff69ba2d5ebe0088b7a55bc2153a3b,R,"{""archive"":""none"",""capacity_bytes"":1048576,""checkpoint"":""2026-07-15T00:00:00Z"",""delay_us"":0,""feed_lag_us"":5000000,""feed_poll_interval_us"":60000000,""interval_us"":900000000,""order"":""forward"",""phase"":16,""phase_us"":240000000,""policy"":""PCD-R"",""q"":null}"
505,d8b7eb1b44d21f0307207c0b69ee2432a34b6044db0b8312819e9785882b419a,R,"{""archive"":""none"",""capacity_bytes"":1048576,""checkpoint"":""2026-07-15T00:00:00Z"",""delay_us"":0,""feed_lag_us"":5000000,""feed_poll_interval_us"":60000000,""interval_us"":900000000,""order"":""forward"",""phase"":17,""phase_us"":255000000,""policy"":""PCD-R"",""q"":null}"
506,19f55b4276e5122d646af410c375645ca5012ebf47f163e192316c6383855a26,R,"{""archive"":""none"",""capacity_bytes"":1048576,""checkpoint"":""2026-07-15T00:00:00Z"",""delay_us"":0,""feed_lag_us"":5000000,""feed_poll_interval_us"":60000000,""interval_us"":900000000,""order"":""forward"",""phase"":18,""phase_us"":270000000,""policy"":""PCD-R"",""q"":null}"
507,620b50fd8fe40a7660b1d8f9b83ec0b5609cc2af5e3a8371fe73194d9e01d998,R,"{""archive"":""none"",""capacity_bytes"":1048576,""checkpoint"":""2026-07-15T00:00:00Z"",""delay_us"":0,""feed_lag_us"":5000000,""feed_poll_interval_us"":60000000,""interval_us"":900000000,""order"":""forward"",""phase"":19,""phase_us"":285000000,""policy"":""PCD-R"",""q"":null}"
508,d84025d7dab4f3e05c09f5b7f94ce54311b41dc4327a511a94f50935cda286d0,R,"{""archive"":""none"",""capacity_bytes"":1048576,""checkpoint"":""2026-07-15T00:00:00Z"",""delay_us"":0,""feed_lag_us"":5000000,""feed_poll_interval_us"":60000000,""interval_us"":900000000,""order"":""forward"",""phase"":20,""phase_us"":300000000,""policy"":""PCD-R"",""q"":null}"
509,f54b554b56934db66f5aad0e3e2d7ea58d0738212d18fc5ed46d04d4f1a20c66,R,"{""archive"":""none"",""capacity_bytes"":1048576,""checkpoint"":""2026-07-15T00:00:00Z"",""delay_us"":0,""feed_lag_us"":5000000,""feed_poll_interval_us"":60000000,""interval_us"":900000000,""order"":""forward"",""phase"":21,""phase_us"":315000000,""policy"":""PCD-R"",""q"":null}"
510,ccee065e2ff8592f70ef25c3624399d13838779d78bb15ded0145fe2c82bcce6,R,"{""archive"":""none"",""capacity_bytes"":1048576,""checkpoint"":""2026-07-15T00:00:00Z"",""delay_us"":0,""feed_lag_us"":5000000,""feed_poll_interval_us"":60000000,""interval_us"":900000000,""order"":""forward"",""phase"":22,""phase_us"":330000000,""policy"":""PCD-R"",""q"":null}"
511,95840e86cc43201f70f54ad6ad83e5f9c7c6975245a82f54e80aecc1b4cbf214,R,"{""archive"":""none"",""capacity_bytes"":1048576,""checkpoint"":""2026-07-15T00:00:00Z"",""delay_us"":0,""feed_lag_us"":5000000,""feed_poll_interval_us"":60000000,""interval_us"":900000000,""order"":""forward"",""phase"":23,""phase_us"":345000000,""policy"":""PCD-R"",""q"":null}"
512,9c91d99fa69438668615164cc480132aafc7a0d1cec55854b6ea82d6d9bf5edb,R,"{""archive"":""none"",""capacity_bytes"":1048576,""checkpoint"":""2026-07-15T00:00:00Z"",""delay_us"":0,""feed_lag_us"":5000000,""feed_poll_interval_us"":60000000,""interval_us"":900000000,""order"":""forward"",""phase"":24,""phase_us"":360000000,""policy"":""PCD-R"",""q"":null}"
513,99310716636f375f09b7e73535c79cf6df5237c5a00f26e6772679bc7014cda1,R,"{""archive"":""none"",""capacity_bytes"":1048576,""checkpoint"":""2026-07-15T00:00:00Z"",""delay_us"":0,""feed_lag_us"":5000000,""feed_poll_interval_us"":60000000,""interval_us"":900000000,""order"":""forward"",""phase"":25,""phase_us"":375000000,""policy"":""PCD-R"",""q"":null}"
514,d3f19de6a02c633e7233302fb10e79fa6232efaa34ba1a2a599fc6d22753e1c0,R,"{""archive"":""none"",""capacity_bytes"":1048576,""checkpoint"":""2026-07-15T00:00:00Z"",""delay_us"":0,""feed_lag_us"":5000000,""feed_poll_interval_us"":60000000,""interval_us"":900000000,""order"":""forward"",""phase"":26,""phase_us"":390000000,""policy"":""PCD-R"",""q"":null}"
515,7a4f9fd99d96d2eba2a6d0eda0924a1d4a225f37c359500b63a1a42556d7105e,R,"{""archive"":""none"",""capacity_bytes"":1048576,""checkpoint"":""2026-07-15T00:00:00Z"",""delay_us"":0,""feed_lag_us"":5000000,""feed_poll_interval_us"":60000000,""interval_us"":900000000,""order"":""forward"",""phase"":27,""phase_us"":405000000,""policy"":""PCD-R"",""q"":null}"
516,7108109dd8f2fba7ab8ac853364d31272814b8400caa2143d5657f912d241c2f,R,"{""archive"":""none"",""capacity_bytes"":1048576,""checkpoint"":""2026-07-15T00:00:00Z"",""delay_us"":0,""feed_lag_us"":5000000,""feed_poll_interval_us"":60000000,""interval_us"":900000000,""order"":""forward"",""phase"":28,""phase_us"":420000000,""policy"":""PCD-R"",""q"":null}"
517,5b9637d1bed03237a9428cbfd70c9dd28a78642562bc8dceff0d130a7857f15d,R,"{""archive"":""none"",""capacity_bytes"":1048576,""checkpoint"":""2026-07-15T00:00:00Z"",""delay_us"":0,""feed_lag_us"":5000000,""feed_poll_interval_us"":60000000,""interval_us"":900000000,""order"":""forward"",""phase"":29,""phase_us"":435000000,""policy"":""PCD-R"",""q"":null}"
518,97fb96beb93d81fc3177dbb70711d53bf5d76637bdaa45bf3e83b5d613aac0d8,R,"{""archive"":""none"",""capacity_bytes"":1048576,""checkpoint"":""2026-07-15T00:00:00Z"",""delay_us"":0,""feed_lag_us"":5000000,""feed_poll_interval_us"":60000000,""interval_us"":900000000,""order"":""forward"",""phase"":30,""phase_us"":450000000,""policy"":""PCD-R"",""q"":null}"
519,f4c94624eab222dd345921c1118e3866cfc75aec2c4337359fe8acc524562235,R,"{""archive"":""none"",""capacity_bytes"":1048576,""checkpoint"":""2026-07-15T00:00:00Z"",""delay_us"":0,""feed_lag_us"":5000000,""feed_poll_interval_us"":60000000,""interval_us"":900000000,""order"":""forward"",""phase"":31,""phase_us"":465000000,""policy"":""PCD-R"",""q"":null}"
520,5dd7e80a219a03a4abf1323e61b425987830fee4db4509713e55a7b580c930a5,R,"{""archive"":""none"",""capacity_bytes"":1048576,""checkpoint"":""2026-07-15T00:00:00Z"",""delay_us"":0,""feed_lag_us"":5000000,""feed_poll_interval_us"":60000000,""interval_us"":900000000,""order"":""forward"",""phase"":32,""phase_us"":480000000,""policy"":""PCD-R"",""q"":null}"
521,33182441328017370a5e29479c3c18ba2713b1d834aefe85c0624182a427c245,R,"{""archive"":""none"",""capacity_bytes"":1048576,""checkpoint"":""2026-07-15T00:00:00Z"",""delay_us"":0,""feed_lag_us"":5000000,""feed_poll_interval_us"":60000000,""interval_us"":900000000,""order"":""forward"",""phase"":33,""phase_us"":495000000,""policy"":""PCD-R"",""q"":null}"
522,0a6b0bc9aba85c31976b1e1c4ae3efd3166ac08bd1cd0b14066bb357629d6f3a,R,"{""archive"":""none"",""capacity_bytes"":1048576,""checkpoint"":""2026-07-15T00:00:00Z"",""delay_us"":0,""feed_lag_us"":5000000,""feed_poll_interval_us"":60000000,""interval_us"":900000000,""order"":""forward"",""phase"":34,""phase_us"":510000000,""policy"":""PCD-R"",""q"":null}"
523,4b90edde064e8f19cb10a1638f2ee87322d413f525cff583d5395c44a29cb2bd,R,"{""archive"":""none"",""capacity_bytes"":1048576,""checkpoint"":""2026-07-15T00:00:00Z"",""delay_us"":0,""feed_lag_us"":5000000,""feed_poll_interval_us"":60000000,""interval_us"":900000000,""order"":""forward"",""phase"":35,""phase_us"":525000000,""policy"":""PCD-R"",""q"":null}"
524,6a8bd6969848fd280a718d31d245ac4d1d13ba34f521d884e97f2197a0f95cd6,R,"{""archive"":""none"",""capacity_bytes"":1048576,""checkpoint"":""2026-07-15T00:00:00Z"",""delay_us"":0,""feed_lag_us"":5000000,""feed_poll_interval_us"":60000000,""interval_us"":900000000,""order"":""forward"",""phase"":36,""phase_us"":540000000,""policy"":""PCD-R"",""q"":null}"
525,3a6c35c6b6ad7fbb8102360325b8bd1e07d25d44a297b1f97a642d7b7152e415,R,"{""archive"":""none"",""capacity_bytes"":1048576,""checkpoint"":""2026-07-15T00:00:00Z"",""delay_us"":0,""feed_lag_us"":5000000,""feed_poll_interval_us"":60000000,""interval_us"":900000000,""order"":""forward"",""phase"":37,""phase_us"":555000000,""policy"":""PCD-R"",""q"":null}"
526,b59cd11cb718484139418ed7a40f7750f006219c4416def0afc04302da29a1e9,R,"{""archive"":""none"",""capacity_bytes"":1048576,""checkpoint"":""2026-07-15T00:00:00Z"",""delay_us"":0,""feed_lag_us"":5000000,""feed_poll_interval_us"":60000000,""interval_us"":900000000,""order"":""forward"",""phase"":38,""phase_us"":570000000,""policy"":""PCD-R"",""q"":null}"
527,85467cc1c343197198a5318062ee4550385efba5aee7bc140f8141b873b78f50,R,"{""archive"":""none"",""capacity_bytes"":1048576,""checkpoint"":""2026-07-15T00:00:00Z"",""delay_us"":0,""feed_lag_us"":5000000,""feed_poll_interval_us"":60000000,""interval_us"":900000000,""order"":""forward"",""phase"":39,""phase_us"":585000000,""policy"":""PCD-R"",""q"":null}"
528,ce384b382280dae0acd2eb8a75d863b58f00a7892651cb41b82a78b514160e87,R,"{""archive"":""none"",""capacity_bytes"":1048576,""checkpoint"":""2026-07-15T00:00:00Z"",""delay_us"":0,""feed_lag_us"":5000000,""feed_poll_interval_us"":60000000,""interval_us"":900000000,""order"":""forward"",""phase"":40,""phase_us"":600000000,""policy"":""PCD-R"",""q"":null}"
529,5c394328f37a1b415b2596505de106d0ed31fc3c7e4d1adc16ffcf522674c58e,R,"{""archive"":""none"",""capacity_bytes"":1048576,""checkpoint"":""2026-07-15T00:00:00Z"",""delay_us"":0,""feed_lag_us"":5000000,""feed_poll_interval_us"":60000000,""interval_us"":900000000,""order"":""forward"",""phase"":41,""phase_us"":615000000,""policy"":""PCD-R"",""q"":null}"
530,11f3aa7759a0ee6f8750ced2ff337c7dfad32e52b6fd841316b2249c43ece096,R,"{""archive"":""none"",""capacity_bytes"":1048576,""checkpoint"":""2026-07-15T00:00:00Z"",""delay_us"":0,""feed_lag_us"":5000000,""feed_poll_interval_us"":60000000,""interval_us"":900000000,""order"":""forward"",""phase"":42,""phase_us"":630000000,""policy"":""PCD-R"",""q"":null}"
531,1a2ead2cd0de4f32e72e994c5c8c5529ef90abe685854c8c8a0c34b03ab71036,R,"{""archive"":""none"",""capacity_bytes"":1048576,""checkpoint"":""2026-07-15T00:00:00Z"",""delay_us"":0,""feed_lag_us"":5000000,""feed_poll_interval_us"":60000000,""interval_us"":900000000,""order"":""forward"",""phase"":43,""phase_us"":645000000,""policy"":""PCD-R"",""q"":null}"
532,d34e71b05b3dfb28b935fc3f939a414c1d415e6ed50c6119880ec601a9e337a7,R,"{""archive"":""none"",""capacity_bytes"":1048576,""checkpoint"":""2026-07-15T00:00:00Z"",""delay_us"":0,""feed_lag_us"":5000000,""feed_poll_interval_us"":60000000,""interval_us"":900000000,""order"":""forward"",""phase"":44,""phase_us"":660000000,""policy"":""PCD-R"",""q"":null}"
533,78f5943e908916143bc79824f300c32d6d1aedf763d050cf819a269bbb90327c,R,"{""archive"":""none"",""capacity_bytes"":1048576,""checkpoint"":""2026-07-15T00:00:00Z"",""delay_us"":0,""feed_lag_us"":5000000,""feed_poll_interval_us"":60000000,""interval_us"":900000000,""order"":""forward"",""phase"":45,""phase_us"":675000000,""policy"":""PCD-R"",""q"":null}"
534,afec869671603db28ec0f039eac8928101388f884be74026f11429e5f82c14d1,R,"{""archive"":""none"",""capacity_bytes"":1048576,""checkpoint"":""2026-07-15T00:00:00Z"",""delay_us"":0,""feed_lag_us"":5000000,""feed_poll_interval_us"":60000000,""interval_us"":900000000,""order"":""forward"",""phase"":46,""phase_us"":690000000,""policy"":""PCD-R"",""q"":null}"
535,b7fd46e7fac8ea23e11b93e40fe9e319a0c443c87ce42e865f3c35742fc99dac,R,"{""archive"":""none"",""capacity_bytes"":1048576,""checkpoint"":""2026-07-15T00:00:00Z"",""delay_us"":0,""feed_lag_us"":5000000,""feed_poll_interval_us"":60000000,""interval_us"":900000000,""order"":""forward"",""phase"":47,""phase_us"":705000000,""policy"":""PCD-R"",""q"":null}"
536,3c9ac310a7f5ebc036790db4de8ecaf9a9d636cbf356e082b678e614df72e76f,R,"{""archive"":""none"",""capacity_bytes"":1048576,""checkpoint"":""2026-07-15T00:00:00Z"",""delay_us"":0,""feed_lag_us"":5000000,""feed_poll_interval_us"":60000000,""interval_us"":900000000,""order"":""forward"",""phase"":48,""phase_us"":720000000,""policy"":""PCD-R"",""q"":null}"
537,80be47e5efd0fe5e980d8279dd69c9c8c217fed984ba5d14170a7612842fabfd,R,"{""archive"":""none"",""capacity_bytes"":1048576,""checkpoint"":""2026-07-15T00:00:00Z"",""delay_us"":0,""feed_lag_us"":5000000,""feed_poll_interval_us"":60000000,""interval_us"":900000000,""order"":""forward"",""phase"":49,""phase_us"":735000000,""policy"":""PCD-R"",""q"":null}"
538,8ec73a7d2198e8f80d15f825850c161327d880d2e4205e323d06390aba19209a,R,"{""archive"":""none"",""capacity_bytes"":1048576,""checkpoint"":""2026-07-15T00:00:00Z"",""delay_us"":0,""feed_lag_us"":5000000,""feed_poll_interval_us"":60000000,""interval_us"":900000000,""order"":""forward"",""phase"":50,""phase_us"":750000000,""policy"":""PCD-R"",""q"":null}"
539,22ceeb51ba79a4f869bfbf39c135bade229feb4cb52362018a7490db993bc94c,R,"{""archive"":""none"",""capacity_bytes"":1048576,""checkpoint"":""2026-07-15T00:00:00Z"",""delay_us"":0,""feed_lag_us"":5000000,""feed_poll_interval_us"":60000000,""interval_us"":900000000,""order"":""forward"",""phase"":51,""phase_us"":765000000,""policy"":""PCD-R"",""q"":null}"
540,ff4d512703ca34fc615e54e26cdb111a5ffbd9774e38a121c4d66933c8ab8911,R,"{""archive"":""none"",""capacity_bytes"":1048576,""checkpoint"":""2026-07-15T00:00:00Z"",""delay_us"":0,""feed_lag_us"":5000000,""feed_poll_interval_us"":60000000,""interval_us"":900000000,""order"":""forward"",""phase"":52,""phase_us"":780000000,""policy"":""PCD-R"",""q"":null}"
541,a182ca60cd12df8482d9e08167c27ad7c74080b2b6b8da0d623ca4f0543e24bb,R,"{""archive"":""none"",""capacity_bytes"":1048576,""checkpoint"":""2026-07-15T00:00:00Z"",""delay_us"":0,""feed_lag_us"":5000000,""feed_poll_interval_us"":60000000,""interval_us"":900000000,""order"":""forward"",""phase"":53,""phase_us"":795000000,""policy"":""PCD-R"",""q"":null}"
542,567c3874e923d201e2a910495852c5c0b619a3c71de2112a1a494eca01e402fd,R,"{""archive"":""none"",""capacity_bytes"":1048576,""checkpoint"":""2026-07-15T00:00:00Z"",""delay_us"":0,""feed_lag_us"":5000000,""feed_poll_interval_us"":60000000,""interval_us"":900000000,""order"":""forward"",""phase"":54,""phase_us"":810000000,""policy"":""PCD-R"",""q"":null}"
543,4764e1a0721162443ad7a4ec6f4446eb087bdb49dda91ac6931bbf99e1bde898,R,"{""archive"":""none"",""capacity_bytes"":1048576,""checkpoint"":""2026-07-15T00:00:00Z"",""delay_us"":0,""feed_lag_us"":5000000,""feed_poll_interval_us"":60000000,""interval_us"":900000000,""order"":""forward"",""phase"":55,""phase_us"":825000000,""policy"":""PCD-R"",""q"":null}"
544,329cb83f59a6d67d1d56d8e804eb3ef3a5064ef6a6c5d6d9394bb2c726f9420d,R,"{""archive"":""none"",""capacity_bytes"":1048576,""checkpoint"":""2026-07-15T00:00:00Z"",""delay_us"":0,""feed_lag_us"":5000000,""feed_poll_interval_us"":60000000,""interval_us"":900000000,""order"":""forward"",""phase"":56,""phase_us"":840000000,""policy"":""PCD-R"",""q"":null}"
545,3cb460f560023e434e76bb0bc6e5db7e145f5d81f6d2e9229c665ac1d3b8be57,R,"{""archive"":""none"",""capacity_bytes"":1048576,""checkpoint"":""2026-07-15T00:00:00Z"",""delay_us"":0,""feed_lag_us"":5000000,""feed_poll_interval_us"":60000000,""interval_us"":900000000,""order"":""forward"",""phase"":57,""phase_us"":855000000,""policy"":""PCD-R"",""q"":null}"
546,fcc0d209c8e5bdbcd8641b11f6a08adf7c97f1b61c608eb13862b1dececfbd27,R,"{""archive"":""none"",""capacity_bytes"":1048576,""checkpoint"":""2026-07-15T00:00:00Z"",""delay_us"":0,""feed_lag_us"":5000000,""feed_poll_interval_us"":60000000,""interval_us"":900000000,""order"":""forward"",""phase"":58,""phase_us"":870000000,""policy"":""PCD-R"",""q"":null}"
547,ebdc4ac9e6c8c3bf6247d4fd5c321c364a864b2a811bab80f2c941cc0b57ed13,R,"{""archive"":""none"",""capacity_bytes"":1048576,""checkpoint"":""2026-07-15T00:00:00Z"",""delay_us"":0,""feed_lag_us"":5000000,""feed_poll_interval_us"":60000000,""interval_us"":900000000,""order"":""forward"",""phase"":59,""phase_us"":885000000,""policy"":""PCD-R"",""q"":null}"
548,ea6b6bcb2b60569c1437d0526633b16a82af070449f73df2f41d2cc891c64dc2,O,"{""archive"":""none"",""capacity_bytes"":1048576,""checkpoint"":""2026-07-15T00:00:00Z"",""delay_us"":0,""feed_lag_us"":5000000,""feed_poll_interval_us"":60000000,""interval_us"":900000000,""order"":""reverse"",""phase"":0,""phase_us"":0,""policy"":""P"",""q"":null}"
549,018692b2a0266c1183e433c62fce9216b8e40c7e4b823a52dad81762834f8ba3,O,"{""archive"":""none"",""capacity_bytes"":1048576,""checkpoint"":""2026-07-15T00:00:00Z"",""delay_us"":0,""feed_lag_us"":5000000,""feed_poll_interval_us"":60000000,""interval_us"":900000000,""order"":""reverse"",""phase"":1,""phase_us"":15000000,""policy"":""P"",""q"":null}"
550,2067f0e0ffe2bdbfccaf529266385cc9fa7afdc0781a3428a4548a54aa5cc710,O,"{""archive"":""none"",""capacity_bytes"":1048576,""checkpoint"":""2026-07-15T00:00:00Z"",""delay_us"":0,""feed_lag_us"":5000000,""feed_poll_interval_us"":60000000,""interval_us"":900000000,""order"":""reverse"",""phase"":2,""phase_us"":30000000,""policy"":""P"",""q"":null}"
551,7770019aba9e63adc9862d7a22416c51bd4dca33a9c5bf7a59af9b28b3cca875,O,"{""archive"":""none"",""capacity_bytes"":1048576,""checkpoint"":""2026-07-15T00:00:00Z"",""delay_us"":0,""feed_lag_us"":5000000,""feed_poll_interval_us"":60000000,""interval_us"":900000000,""order"":""reverse"",""phase"":3,""phase_us"":45000000,""policy"":""P"",""q"":null}"
552,c24797c9478f94e31a0b9e21296d4092512706aaf7240512aa74367efd04a267,O,"{""archive"":""none"",""capacity_bytes"":1048576,""checkpoint"":""2026-07-15T00:00:00Z"",""delay_us"":0,""feed_lag_us"":5000000,""feed_poll_interval_us"":60000000,""interval_us"":900000000,""order"":""reverse"",""phase"":4,""phase_us"":60000000,""policy"":""P"",""q"":null}"
553,088add6fb326378ccf897f2076847c2aa661590612809a634c3520c3e9c5e5d5,O,"{""archive"":""none"",""capacity_bytes"":1048576,""checkpoint"":""2026-07-15T00:00:00Z"",""delay_us"":0,""feed_lag_us"":5000000,""feed_poll_interval_us"":60000000,""interval_us"":900000000,""order"":""reverse"",""phase"":5,""phase_us"":75000000,""policy"":""P"",""q"":null}"
554,d197a264373a104d6fb6003323b914c65e593ffe568c4cbbb996ee2c5e869fdc,O,"{""archive"":""none"",""capacity_bytes"":1048576,""checkpoint"":""2026-07-15T00:00:00Z"",""delay_us"":0,""feed_lag_us"":5000000,""feed_poll_interval_us"":60000000,""interval_us"":900000000,""order"":""reverse"",""phase"":6,""phase_us"":90000000,""policy"":""P"",""q"":null}"
555,1951f6367f02a9f3f955917a0e8d6ec33fe6e91a1fb030ebceb92b7eb356b364,O,"{""archive"":""none"",""capacity_bytes"":1048576,""checkpoint"":""2026-07-15T00:00:00Z"",""delay_us"":0,""feed_lag_us"":5000000,""feed_poll_interval_us"":60000000,""interval_us"":900000000,""order"":""reverse"",""phase"":7,""phase_us"":105000000,""policy"":""P"",""q"":null}"
556,f1d5e6f5cc2d9fd69b75dc5cb3cdf229d3b81bdfe417af311ae468de757fb5f7,O,"{""archive"":""none"",""capacity_bytes"":1048576,""checkpoint"":""2026-07-15T00:00:00Z"",""delay_us"":0,""feed_lag_us"":5000000,""feed_poll_interval_us"":60000000,""interval_us"":900000000,""order"":""reverse"",""phase"":8,""phase_us"":120000000,""policy"":""P"",""q"":null}"
557,f1ff833077163f1287639212b79cd51f2c88b637af66d0a0fc08c388e3e72fac,O,"{""archive"":""none"",""capacity_bytes"":1048576,""checkpoint"":""2026-07-15T00:00:00Z"",""delay_us"":0,""feed_lag_us"":5000000,""feed_poll_interval_us"":60000000,""interval_us"":900000000,""order"":""reverse"",""phase"":9,""phase_us"":135000000,""policy"":""P"",""q"":null}"
558,795b3034f6740850539b99a79c6b2289b6ded44b10a340df7d0a13ff7a341609,O,"{""archive"":""none"",""capacity_bytes"":1048576,""checkpoint"":""2026-07-15T00:00:00Z"",""delay_us"":0,""feed_lag_us"":5000000,""feed_poll_interval_us"":60000000,""interval_us"":900000000,""order"":""reverse"",""phase"":10,""phase_us"":150000000,""policy"":""P"",""q"":null}"
559,b417616efd156840fa8e80484f131a6d5175d2031c6333de685dfd8f75ac4810,O,"{""archive"":""none"",""capacity_bytes"":1048576,""checkpoint"":""2026-07-15T00:00:00Z"",""delay_us"":0,""feed_lag_us"":5000000,""feed_poll_interval_us"":60000000,""interval_us"":900000000,""order"":""reverse"",""phase"":11,""phase_us"":165000000,""policy"":""P"",""q"":null}"
560,d17082b5d9443758dbf65242f38e7cd0c0de8262f8f2aa022d3c414a11d6a1f5,O,"{""archive"":""none"",""capacity_bytes"":1048576,""checkpoint"":""2026-07-15T00:00:00Z"",""delay_us"":0,""feed_lag_us"":5000000,""feed_poll_interval_us"":60000000,""interval_us"":900000000,""order"":""reverse"",""phase"":12,""phase_us"":180000000,""policy"":""P"",""q"":null}"
561,abbcf26e47f416e767d1215587ab788b58f33672990ccc60949ebf56d253464d,O,"{""archive"":""none"",""capacity_bytes"":1048576,""checkpoint"":""2026-07-15T00:00:00Z"",""delay_us"":0,""feed_lag_us"":5000000,""feed_poll_interval_us"":60000000,""interval_us"":900000000,""order"":""reverse"",""phase"":13,""phase_us"":195000000,""policy"":""P"",""q"":null}"
562,fdc290dd7daed84ca9a69287b051b394d1a744620c23872efa1f54a7005d9183,O,"{""archive"":""none"",""capacity_bytes"":1048576,""checkpoint"":""2026-07-15T00:00:00Z"",""delay_us"":0,""feed_lag_us"":5000000,""feed_poll_interval_us"":60000000,""interval_us"":900000000,""order"":""reverse"",""phase"":14,""phase_us"":210000000,""policy"":""P"",""q"":null}"
563,ad2284bcd3492667fbfda3c5b946d8d07acdc7b2050b90978aed44b35d2dabb8,O,"{""archive"":""none"",""capacity_bytes"":1048576,""checkpoint"":""2026-07-15T00:00:00Z"",""delay_us"":0,""feed_lag_us"":5000000,""feed_poll_interval_us"":60000000,""interval_us"":900000000,""order"":""reverse"",""phase"":15,""phase_us"":225000000,""policy"":""P"",""q"":null}"
564,33de377f45d6d79a46f4f1f66ed196c83030cfc6517c1cbcc1436af6d80aded2,O,"{""archive"":""none"",""capacity_bytes"":1048576,""checkpoint"":""2026-07-15T00:00:00Z"",""delay_us"":0,""feed_lag_us"":5000000,""feed_poll_interval_us"":60000000,""interval_us"":900000000,""order"":""reverse"",""phase"":16,""phase_us"":240000000,""policy"":""P"",""q"":null}"
565,ceb6ad6f41bf2a72aa5fc0a3736fff064474532313d336ed1dcc34fa3e645e24,O,"{""archive"":""none"",""capacity_bytes"":1048576,""checkpoint"":""2026-07-15T00:00:00Z"",""delay_us"":0,""feed_lag_us"":5000000,""feed_poll_interval_us"":60000000,""interval_us"":900000000,""order"":""reverse"",""phase"":17,""phase_us"":255000000,""policy"":""P"",""q"":null}"
566,8b6ecd99932f7cbbf08791bd8fe3ac1d93e715da0149424ca449fc6aa2107ce7,O,"{""archive"":""none"",""capacity_bytes"":1048576,""checkpoint"":""2026-07-15T00:00:00Z"",""delay_us"":0,""feed_lag_us"":5000000,""feed_poll_interval_us"":60000000,""interval_us"":900000000,""order"":""reverse"",""phase"":18,""phase_us"":270000000,""policy"":""P"",""q"":null}"
567,97b1232fb4d86e6f8f6b5b57316f6fb71247fa4e16be5a4c95eed527b0459ff9,O,"{""archive"":""none"",""capacity_bytes"":1048576,""checkpoint"":""2026-07-15T00:00:00Z"",""delay_us"":0,""feed_lag_us"":5000000,""feed_poll_interval_us"":60000000,""interval_us"":900000000,""order"":""reverse"",""phase"":19,""phase_us"":285000000,""policy"":""P"",""q"":null}"
568,df3d02c3eed211f2544c1bc9158582fabf62e55fa5bfb7109e2c6de0023b7824,O,"{""archive"":""none"",""capacity_bytes"":1048576,""checkpoint"":""2026-07-15T00:00:00Z"",""delay_us"":0,""feed_lag_us"":5000000,""feed_poll_interval_us"":60000000,""interval_us"":900000000,""order"":""reverse"",""phase"":20,""phase_us"":300000000,""policy"":""P"",""q"":null}"
569,e8acafe829414381047030d8215717da30f488c1e4699e180a315d2518c5cd01,O,"{""archive"":""none"",""capacity_bytes"":1048576,""checkpoint"":""2026-07-15T00:00:00Z"",""delay_us"":0,""feed_lag_us"":5000000,""feed_poll_interval_us"":60000000,""interval_us"":900000000,""order"":""reverse"",""phase"":21,""phase_us"":315000000,""policy"":""P"",""q"":null}"
570,6c6e9a29bb1af071827afe94f18dcd18355c63c2907e25211b51d267cdfad504,O,"{""archive"":""none"",""capacity_bytes"":1048576,""checkpoint"":""2026-07-15T00:00:00Z"",""delay_us"":0,""feed_lag_us"":5000000,""feed_poll_interval_us"":60000000,""interval_us"":900000000,""order"":""reverse"",""phase"":22,""phase_us"":330000000,""policy"":""P"",""q"":null}"
571,067e7559bdf053d7a35bbd0aed178416aee5908a49f07422f1e7a0d63ee8e098,O,"{""archive"":""none"",""capacity_bytes"":1048576,""checkpoint"":""2026-07-15T00:00:00Z"",""delay_us"":0,""feed_lag_us"":5000000,""feed_poll_interval_us"":60000000,""interval_us"":900000000,""order"":""reverse"",""phase"":23,""phase_us"":345000000,""policy"":""P"",""q"":null}"
572,a477bded990c5dc74f1732662668f5a65af71a2aba409c4ccbcc8c4b544cbeba,O,"{""archive"":""none"",""capacity_bytes"":1048576,""checkpoint"":""2026-07-15T00:00:00Z"",""delay_us"":0,""feed_lag_us"":5000000,""feed_poll_interval_us"":60000000,""interval_us"":900000000,""order"":""reverse"",""phase"":24,""phase_us"":360000000,""policy"":""P"",""q"":null}"
573,03bd43830b939bc578860c9d1531b2b5e0b6a20ef4ab9da3d6f70eae5d1e45b0,O,"{""archive"":""none"",""capacity_bytes"":1048576,""checkpoint"":""2026-07-15T00:00:00Z"",""delay_us"":0,""feed_lag_us"":5000000,""feed_poll_interval_us"":60000000,""interval_us"":900000000,""order"":""reverse"",""phase"":25,""phase_us"":375000000,""policy"":""P"",""q"":null}"
574,c7a910216373afb570e5f7191003646e224bfc2fe618e08079a3235b225d1bd9,O,"{""archive"":""none"",""capacity_bytes"":1048576,""checkpoint"":""2026-07-15T00:00:00Z"",""delay_us"":0,""feed_lag_us"":5000000,""feed_poll_interval_us"":60000000,""interval_us"":900000000,""order"":""reverse"",""phase"":26,""phase_us"":390000000,""policy"":""P"",""q"":null}"
575,b5d51a2b749b258ce038800647f172f66fab33ba2e7815c3574e0f6e90d92dde,O,"{""archive"":""none"",""capacity_bytes"":1048576,""checkpoint"":""2026-07-15T00:00:00Z"",""delay_us"":0,""feed_lag_us"":5000000,""feed_poll_interval_us"":60000000,""interval_us"":900000000,""order"":""reverse"",""phase"":27,""phase_us"":405000000,""policy"":""P"",""q"":null}"
576,89a297f61353309b80c8573cdaa30cd1a83ddc1514adfc31c5c8264915bcd360,O,"{""archive"":""none"",""capacity_bytes"":1048576,""checkpoint"":""2026-07-15T00:00:00Z"",""delay_us"":0,""feed_lag_us"":5000000,""feed_poll_interval_us"":60000000,""interval_us"":900000000,""order"":""reverse"",""phase"":28,""phase_us"":420000000,""policy"":""P"",""q"":null}"
577,de6531eb41cc5dbe033861ef7585c16066a022562c38303f463843cd9c76df56,O,"{""archive"":""none"",""capacity_bytes"":1048576,""checkpoint"":""2026-07-15T00:00:00Z"",""delay_us"":0,""feed_lag_us"":5000000,""feed_poll_interval_us"":60000000,""interval_us"":900000000,""order"":""reverse"",""phase"":29,""phase_us"":435000000,""policy"":""P"",""q"":null}"
578,c5849b9e8083df0772bb96681512c80bf00108fdc8b1e9e7a0d1e4d2f2b01fbe,O,"{""archive"":""none"",""capacity_bytes"":1048576,""checkpoint"":""2026-07-15T00:00:00Z"",""delay_us"":0,""feed_lag_us"":5000000,""feed_poll_interval_us"":60000000,""interval_us"":900000000,""order"":""reverse"",""phase"":30,""phase_us"":450000000,""policy"":""P"",""q"":null}"
579,7d609e4027f2f1445d33e4baae3459eeda7fd2d729d4e506a2635893812e3691,O,"{""archive"":""none"",""capacity_bytes"":1048576,""checkpoint"":""2026-07-15T00:00:00Z"",""delay_us"":0,""feed_lag_us"":5000000,""feed_poll_interval_us"":60000000,""interval_us"":900000000,""order"":""reverse"",""phase"":31,""phase_us"":465000000,""policy"":""P"",""q"":null}"
580,41b2c5dfbede77ecdb562b24275852e233f089707daf8825c5519b125a681e4c,O,"{""archive"":""none"",""capacity_bytes"":1048576,""checkpoint"":""2026-07-15T00:00:00Z"",""delay_us"":0,""feed_lag_us"":5000000,""feed_poll_interval_us"":60000000,""interval_us"":900000000,""order"":""reverse"",""phase"":32,""phase_us"":480000000,""policy"":""P"",""q"":null}"
581,3157d2dcfd1c0c0c13c31ac61c0ca645f28f3724c88fdfd3785b2b59f6caa87e,O,"{""archive"":""none"",""capacity_bytes"":1048576,""checkpoint"":""2026-07-15T00:00:00Z"",""delay_us"":0,""feed_lag_us"":5000000,""feed_poll_interval_us"":60000000,""interval_us"":900000000,""order"":""reverse"",""phase"":33,""phase_us"":495000000,""policy"":""P"",""q"":null}"
582,5121b09846a977a970e7137f6914418e3273fc028643bb425daebfd202a45a7f,O,"{""archive"":""none"",""capacity_bytes"":1048576,""checkpoint"":""2026-07-15T00:00:00Z"",""delay_us"":0,""feed_lag_us"":5000000,""feed_poll_interval_us"":60000000,""interval_us"":900000000,""order"":""reverse"",""phase"":34,""phase_us"":510000000,""policy"":""P"",""q"":null}"
583,a14eb33930d2b59cae53b7652cd169f82ee15b694245560635569e12bda56027,O,"{""archive"":""none"",""capacity_bytes"":1048576,""checkpoint"":""2026-07-15T00:00:00Z"",""delay_us"":0,""feed_lag_us"":5000000,""feed_poll_interval_us"":60000000,""interval_us"":900000000,""order"":""reverse"",""phase"":35,""phase_us"":525000000,""policy"":""P"",""q"":null}"
584,b8f6e9c2e2e9f65f9e382331940b19b8bc7768a4d03f5332304a06fe5dd1a3b5,O,"{""archive"":""none"",""capacity_bytes"":1048576,""checkpoint"":""2026-07-15T00:00:00Z"",""delay_us"":0,""feed_lag_us"":5000000,""feed_poll_interval_us"":60000000,""interval_us"":900000000,""order"":""reverse"",""phase"":36,""phase_us"":540000000,""policy"":""P"",""q"":null}"
585,eeeb170daa23080fe91ee39f8b16857398758f6126ead2e4c7782c7b4661b88f,O,"{""archive"":""none"",""capacity_bytes"":1048576,""checkpoint"":""2026-07-15T00:00:00Z"",""delay_us"":0,""feed_lag_us"":5000000,""feed_poll_interval_us"":60000000,""interval_us"":900000000,""order"":""reverse"",""phase"":37,""phase_us"":555000000,""policy"":""P"",""q"":null}"
586,5112a77f77647986f239d80a075dcc2115a525f47b561e0105c04d14205f172f,O,"{""archive"":""none"",""capacity_bytes"":1048576,""checkpoint"":""2026-07-15T00:00:00Z"",""delay_us"":0,""feed_lag_us"":5000000,""feed_poll_interval_us"":60000000,""interval_us"":900000000,""order"":""reverse"",""phase"":38,""phase_us"":570000000,""policy"":""P"",""q"":null}"
587,9989e1a42f1799d13885fbf7c3ab8d059cf43295a7cde426757a4b826de831da,O,"{""archive"":""none"",""capacity_bytes"":1048576,""checkpoint"":""2026-07-15T00:00:00Z"",""delay_us"":0,""feed_lag_us"":5000000,""feed_poll_interval_us"":60000000,""interval_us"":900000000,""order"":""reverse"",""phase"":39,""phase_us"":585000000,""policy"":""P"",""q"":null}"
588,243224f2531cf1b988c7657e5ad4982ba2cdc6fa8e5fedd1deabb47deb131ea6,O,"{""archive"":""none"",""capacity_bytes"":1048576,""checkpoint"":""2026-07-15T00:00:00Z"",""delay_us"":0,""feed_lag_us"":5000000,""feed_poll_interval_us"":60000000,""interval_us"":900000000,""order"":""reverse"",""phase"":40,""phase_us"":600000000,""policy"":""P"",""q"":null}"
589,8c55b9de819cadc4079689486d85c99855b8c1af89d6b9964ee7f9a31fe0eed8,O,"{""archive"":""none"",""capacity_bytes"":1048576,""checkpoint"":""2026-07-15T00:00:00Z"",""delay_us"":0,""feed_lag_us"":5000000,""feed_poll_interval_us"":60000000,""interval_us"":900000000,""order"":""reverse"",""phase"":41,""phase_us"":615000000,""policy"":""P"",""q"":null}"
590,3feac29cee4214c5137381d4e311c9722806542f44ab89dd10cefdb590410dad,O,"{""archive"":""none"",""capacity_bytes"":1048576,""checkpoint"":""2026-07-15T00:00:00Z"",""delay_us"":0,""feed_lag_us"":5000000,""feed_poll_interval_us"":60000000,""interval_us"":900000000,""order"":""reverse"",""phase"":42,""phase_us"":630000000,""policy"":""P"",""q"":null}"
591,64a29e488f622a2cb2058ffbcbadab68ef634e2c8d123f8a4d4c93fd5d9cd7a5,O,"{""archive"":""none"",""capacity_bytes"":1048576,""checkpoint"":""2026-07-15T00:00:00Z"",""delay_us"":0,""feed_lag_us"":5000000,""feed_poll_interval_us"":60000000,""interval_us"":900000000,""order"":""reverse"",""phase"":43,""phase_us"":645000000,""policy"":""P"",""q"":null}"
592,4e4566d768e8178afb7e9dde7974457e158e6381054d1a60c4db1801f8483652,O,"{""archive"":""none"",""capacity_bytes"":1048576,""checkpoint"":""2026-07-15T00:00:00Z"",""delay_us"":0,""feed_lag_us"":5000000,""feed_poll_interval_us"":60000000,""interval_us"":900000000,""order"":""reverse"",""phase"":44,""phase_us"":660000000,""policy"":""P"",""q"":null}"
593,a377e811dd7718c41821f978964dc6569345be19fb4b1c2eff20377b91da0032,O,"{""archive"":""none"",""capacity_bytes"":1048576,""checkpoint"":""2026-07-15T00:00:00Z"",""delay_us"":0,""feed_lag_us"":5000000,""feed_poll_interval_us"":60000000,""interval_us"":900000000,""order"":""reverse"",""phase"":45,""phase_us"":675000000,""policy"":""P"",""q"":null}"
594,1e684764950e382def79f6ecb970bca42f8fdd47c37fca9df99f1e83ea0784e0,O,"{""archive"":""none"",""capacity_bytes"":1048576,""checkpoint"":""2026-07-15T00:00:00Z"",""delay_us"":0,""feed_lag_us"":5000000,""feed_poll_interval_us"":60000000,""interval_us"":900000000,""order"":""reverse"",""phase"":46,""phase_us"":690000000,""policy"":""P"",""q"":null}"
595,20aba651da4f8e3943baebbe023e36c848cf24a31f710847596093bba9d310d2,O,"{""archive"":""none"",""capacity_bytes"":1048576,""checkpoint"":""2026-07-15T00:00:00Z"",""delay_us"":0,""feed_lag_us"":5000000,""feed_poll_interval_us"":60000000,""interval_us"":900000000,""order"":""reverse"",""phase"":47,""phase_us"":705000000,""policy"":""P"",""q"":null}"
596,f3b926750d2481c3de0f6abe84d33a381b1d63d315e32c46c532830f498f38e1,O,"{""archive"":""none"",""capacity_bytes"":1048576,""checkpoint"":""2026-07-15T00:00:00Z"",""delay_us"":0,""feed_lag_us"":5000000,""feed_poll_interval_us"":60000000,""interval_us"":900000000,""order"":""reverse"",""phase"":48,""phase_us"":720000000,""policy"":""P"",""q"":null}"
597,a878840221f3275876e243f1461b4ebe960790376b330b1d5a24063fa39fdfa3,O,"{""archive"":""none"",""capacity_bytes"":1048576,""checkpoint"":""2026-07-15T00:00:00Z"",""delay_us"":0,""feed_lag_us"":5000000,""feed_poll_interval_us"":60000000,""interval_us"":900000000,""order"":""reverse"",""phase"":49,""phase_us"":735000000,""policy"":""P"",""q"":null}"
598,7ba1e2a23e2cef89b8082caf9a6f4eeba86ecc2c510f3c6422960a1f348bc54c,O,"{""archive"":""none"",""capacity_bytes"":1048576,""checkpoint"":""2026-07-15T00:00:00Z"",""delay_us"":0,""feed_lag_us"":5000000,""feed_poll_interval_us"":60000000,""interval_us"":900000000,""order"":""reverse"",""phase"":50,""phase_us"":750000000,""policy"":""P"",""q"":null}"
599,d11ac36e8d4435d67fb89206036336a053f4b5964d644e14137b2d6904a65179,O,"{""archive"":""none"",""capacity_bytes"":1048576,""checkpoint"":""2026-07-15T00:00:00Z"",""delay_us"":0,""feed_lag_us"":5000000,""feed_poll_interval_us"":60000000,""interval_us"":900000000,""order"":""reverse"",""phase"":51,""phase_us"":765000000,""policy"":""P"",""q"":null}"
600,76f7bc74ecda4f6f5c645d5a7afb0d45eb0e8871f5462d4aefbbf5d4b9a4a60b,O,"{""archive"":""none"",""capacity_bytes"":1048576,""checkpoint"":""2026-07-15T00:00:00Z"",""delay_us"":0,""feed_lag_us"":5000000,""feed_poll_interval_us"":60000000,""interval_us"":900000000,""order"":""reverse"",""phase"":52,""phase_us"":780000000,""policy"":""P"",""q"":null}"
601,8362bff80ea1d9a2ccaf678b49629a53843de7f92d804057d3e321ed548af90a,O,"{""archive"":""none"",""capacity_bytes"":1048576,""checkpoint"":""2026-07-15T00:00:00Z"",""delay_us"":0,""feed_lag_us"":5000000,""feed_poll_interval_us"":60000000,""interval_us"":900000000,""order"":""reverse"",""phase"":53,""phase_us"":795000000,""policy"":""P"",""q"":null}"
602,480d0c3447fa41d6d9b50de92b05da13fb66644c953e61ad4cd6f95a634c52ef,O,"{""archive"":""none"",""capacity_bytes"":1048576,""checkpoint"":""2026-07-15T00:00:00Z"",""delay_us"":0,""feed_lag_us"":5000000,""feed_poll_interval_us"":60000000,""interval_us"":900000000,""order"":""reverse"",""phase"":54,""phase_us"":810000000,""policy"":""P"",""q"":null}"
603,87fb417807c54df9a5da44fc597dd7c78770ba2d3c7fd75fa2b8896207c58c91,O,"{""archive"":""none"",""capacity_bytes"":1048576,""checkpoint"":""2026-07-15T00:00:00Z"",""delay_us"":0,""feed_lag_us"":5000000,""feed_poll_interval_us"":60000000,""interval_us"":900000000,""order"":""reverse"",""phase"":55,""phase_us"":825000000,""policy"":""P"",""q"":null}"
604,72a10c33ab69e94b822057bbce1607e8c3bc961aa710d2526f14a0dd6fc13a99,O,"{""archive"":""none"",""capacity_bytes"":1048576,""checkpoint"":""2026-07-15T00:00:00Z"",""delay_us"":0,""feed_lag_us"":5000000,""feed_poll_interval_us"":60000000,""interval_us"":900000000,""order"":""reverse"",""phase"":56,""phase_us"":840000000,""policy"":""P"",""q"":null}"
605,f4a865a0d240dddf06ff5aa7b764ff025065f247f16c55e63b3bb9f15cb1676d,O,"{""archive"":""none"",""capacity_bytes"":1048576,""checkpoint"":""2026-07-15T00:00:00Z"",""delay_us"":0,""feed_lag_us"":5000000,""feed_poll_interval_us"":60000000,""interval_us"":900000000,""order"":""reverse"",""phase"":57,""phase_us"":855000000,""policy"":""P"",""q"":null}"
606,dfd1c09ca3f84d5a8d35bae63e10cbcdda322f39cd226c1cb4bd447c8dba9b12,O,"{""archive"":""none"",""capacity_bytes"":1048576,""checkpoint"":""2026-07-15T00:00:00Z"",""delay_us"":0,""feed_lag_us"":5000000,""feed_poll_interval_us"":60000000,""interval_us"":900000000,""order"":""reverse"",""phase"":58,""phase_us"":870000000,""policy"":""P"",""q"":null}"
607,c918e60f04f3dfdc10e2df653f96704b62b956269d14f49ae45d7c0314dad6a4,O,"{""archive"":""none"",""capacity_bytes"":1048576,""checkpoint"":""2026-07-15T00:00:00Z"",""delay_us"":0,""feed_lag_us"":5000000,""feed_poll_interval_us"":60000000,""interval_us"":900000000,""order"":""reverse"",""phase"":59,""phase_us"":885000000,""policy"":""P"",""q"":null}"
608,eae017fca8d30cd9450c73f369d219754705fb1195c74f948d12dca587d2e134,O,"{""archive"":""none"",""capacity_bytes"":1048576,""checkpoint"":""2026-07-15T00:00:00Z"",""delay_us"":0,""feed_lag_us"":5000000,""feed_poll_interval_us"":60000000,""interval_us"":900000000,""order"":""reverse"",""phase"":0,""phase_us"":0,""policy"":""PD"",""q"":null}"
609,45772d7479168f376967458c6b0ecb57ac6fbe957a800172aadc7d56d747fdeb,O,"{""archive"":""none"",""capacity_bytes"":1048576,""checkpoint"":""2026-07-15T00:00:00Z"",""delay_us"":0,""feed_lag_us"":5000000,""feed_poll_interval_us"":60000000,""interval_us"":900000000,""order"":""reverse"",""phase"":1,""phase_us"":15000000,""policy"":""PD"",""q"":null}"
610,614e9004b1dc7a97d2b17e2b49da5e3321908c08bb5de8ddafa6fd9687065bdb,O,"{""archive"":""none"",""capacity_bytes"":1048576,""checkpoint"":""2026-07-15T00:00:00Z"",""delay_us"":0,""feed_lag_us"":5000000,""feed_poll_interval_us"":60000000,""interval_us"":900000000,""order"":""reverse"",""phase"":2,""phase_us"":30000000,""policy"":""PD"",""q"":null}"
611,18b0f557a69d58f83dd9d66b691eda9bb1e98a1c8aa3f7486ac863860481e337,O,"{""archive"":""none"",""capacity_bytes"":1048576,""checkpoint"":""2026-07-15T00:00:00Z"",""delay_us"":0,""feed_lag_us"":5000000,""feed_poll_interval_us"":60000000,""interval_us"":900000000,""order"":""reverse"",""phase"":3,""phase_us"":45000000,""policy"":""PD"",""q"":null}"
612,64dc26db8cde88394953def5ff95b4bc39a1ae2dc3e3a0f96cca94202ce5db6e,O,"{""archive"":""none"",""capacity_bytes"":1048576,""checkpoint"":""2026-07-15T00:00:00Z"",""delay_us"":0,""feed_lag_us"":5000000,""feed_poll_interval_us"":60000000,""interval_us"":900000000,""order"":""reverse"",""phase"":4,""phase_us"":60000000,""policy"":""PD"",""q"":null}"
613,3d2d212c466f0d947bef8bf4b9ca920fe5f58cee59a0cefd19c08abc773952e9,O,"{""archive"":""none"",""capacity_bytes"":1048576,""checkpoint"":""2026-07-15T00:00:00Z"",""delay_us"":0,""feed_lag_us"":5000000,""feed_poll_interval_us"":60000000,""interval_us"":900000000,""order"":""reverse"",""phase"":5,""phase_us"":75000000,""policy"":""PD"",""q"":null}"
614,e9e71902517feb3654cbb2dd1162ff7b43cb651a4f1b9ce0cc7d1e460b090ce7,O,"{""archive"":""none"",""capacity_bytes"":1048576,""checkpoint"":""2026-07-15T00:00:00Z"",""delay_us"":0,""feed_lag_us"":5000000,""feed_poll_interval_us"":60000000,""interval_us"":900000000,""order"":""reverse"",""phase"":6,""phase_us"":90000000,""policy"":""PD"",""q"":null}"
615,a0c0db52919565947a91d0b92e3b00e2daff950870ee2c83a9da7a515721bed3,O,"{""archive"":""none"",""capacity_bytes"":1048576,""checkpoint"":""2026-07-15T00:00:00Z"",""delay_us"":0,""feed_lag_us"":5000000,""feed_poll_interval_us"":60000000,""interval_us"":900000000,""order"":""reverse"",""phase"":7,""phase_us"":105000000,""policy"":""PD"",""q"":null}"
616,1d7255203bb2cf95c6f9f688fb92ca2b6c105ea56d546a841d7681e03b208076,O,"{""archive"":""none"",""capacity_bytes"":1048576,""checkpoint"":""2026-07-15T00:00:00Z"",""delay_us"":0,""feed_lag_us"":5000000,""feed_poll_interval_us"":60000000,""interval_us"":900000000,""order"":""reverse"",""phase"":8,""phase_us"":120000000,""policy"":""PD"",""q"":null}"
617,7ad1449ecda2ccbacdd341fd79995117b866efa267fd1c5c166009ae1b127184,O,"{""archive"":""none"",""capacity_bytes"":1048576,""checkpoint"":""2026-07-15T00:00:00Z"",""delay_us"":0,""feed_lag_us"":5000000,""feed_poll_interval_us"":60000000,""interval_us"":900000000,""order"":""reverse"",""phase"":9,""phase_us"":135000000,""policy"":""PD"",""q"":null}"
618,f8a7d705d50c0c8875dcd4be7b6dc2b0713e06544f6df4f1eaa9828990d7ed92,O,"{""archive"":""none"",""capacity_bytes"":1048576,""checkpoint"":""2026-07-15T00:00:00Z"",""delay_us"":0,""feed_lag_us"":5000000,""feed_poll_interval_us"":60000000,""interval_us"":900000000,""order"":""reverse"",""phase"":10,""phase_us"":150000000,""policy"":""PD"",""q"":null}"
619,456ee429e8f33c596531cf55f0a2f8483774078160a9c48ec5ce4ab57411c51d,O,"{""archive"":""none"",""capacity_bytes"":1048576,""checkpoint"":""2026-07-15T00:00:00Z"",""delay_us"":0,""feed_lag_us"":5000000,""feed_poll_interval_us"":60000000,""interval_us"":900000000,""order"":""reverse"",""phase"":11,""phase_us"":165000000,""policy"":""PD"",""q"":null}"
620,de83f137654b4295439620feeaf6fa415314dd77dfc1b54df797000228584328,O,"{""archive"":""none"",""capacity_bytes"":1048576,""checkpoint"":""2026-07-15T00:00:00Z"",""delay_us"":0,""feed_lag_us"":5000000,""feed_poll_interval_us"":60000000,""interval_us"":900000000,""order"":""reverse"",""phase"":12,""phase_us"":180000000,""policy"":""PD"",""q"":null}"
621,e4c7a3ab971f44bfec12984e494877e005bd4182a5d84b8ce2c7e74e75dd0387,O,"{""archive"":""none"",""capacity_bytes"":1048576,""checkpoint"":""2026-07-15T00:00:00Z"",""delay_us"":0,""feed_lag_us"":5000000,""feed_poll_interval_us"":60000000,""interval_us"":900000000,""order"":""reverse"",""phase"":13,""phase_us"":195000000,""policy"":""PD"",""q"":null}"
622,3637933232697f906d265b5faf3da91a3cc8f1fd4c46b698baff84304aee585b,O,"{""archive"":""none"",""capacity_bytes"":1048576,""checkpoint"":""2026-07-15T00:00:00Z"",""delay_us"":0,""feed_lag_us"":5000000,""feed_poll_interval_us"":60000000,""interval_us"":900000000,""order"":""reverse"",""phase"":14,""phase_us"":210000000,""policy"":""PD"",""q"":null}"
623,7c5ee908ac60f5103d55415066a0029865b36642593cc646b5e4799e20e8b518,O,"{""archive"":""none"",""capacity_bytes"":1048576,""checkpoint"":""2026-07-15T00:00:00Z"",""delay_us"":0,""feed_lag_us"":5000000,""feed_poll_interval_us"":60000000,""interval_us"":900000000,""order"":""reverse"",""phase"":15,""phase_us"":225000000,""policy"":""PD"",""q"":null}"
624,66166c55dca94d61857492cad980d47ac7fbcedf23b5758e0cec3bec7c30bd72,O,"{""archive"":""none"",""capacity_bytes"":1048576,""checkpoint"":""2026-07-15T00:00:00Z"",""delay_us"":0,""feed_lag_us"":5000000,""feed_poll_interval_us"":60000000,""interval_us"":900000000,""order"":""reverse"",""phase"":16,""phase_us"":240000000,""policy"":""PD"",""q"":null}"
625,a88ed16a9de4afbab4597cdc12518a7cb6334d6afc41b4f344a9e326f7e38508,O,"{""archive"":""none"",""capacity_bytes"":1048576,""checkpoint"":""2026-07-15T00:00:00Z"",""delay_us"":0,""feed_lag_us"":5000000,""feed_poll_interval_us"":60000000,""interval_us"":900000000,""order"":""reverse"",""phase"":17,""phase_us"":255000000,""policy"":""PD"",""q"":null}"
626,cc7a82d7e0a2f40da5848986a31711807bb40d437706abb3e5513b0de378a916,O,"{""archive"":""none"",""capacity_bytes"":1048576,""checkpoint"":""2026-07-15T00:00:00Z"",""delay_us"":0,""feed_lag_us"":5000000,""feed_poll_interval_us"":60000000,""interval_us"":900000000,""order"":""reverse"",""phase"":18,""phase_us"":270000000,""policy"":""PD"",""q"":null}"
627,03cc156926d3ff9a968d9d404704309515fd65afd437d9ccd573a27e79a8136a,O,"{""archive"":""none"",""capacity_bytes"":1048576,""checkpoint"":""2026-07-15T00:00:00Z"",""delay_us"":0,""feed_lag_us"":5000000,""feed_poll_interval_us"":60000000,""interval_us"":900000000,""order"":""reverse"",""phase"":19,""phase_us"":285000000,""policy"":""PD"",""q"":null}"
628,47b908ff4d8d0498bab1fa4f9fb8740ec964acbbdbcc683c23753f5fceb7fcff,O,"{""archive"":""none"",""capacity_bytes"":1048576,""checkpoint"":""2026-07-15T00:00:00Z"",""delay_us"":0,""feed_lag_us"":5000000,""feed_poll_interval_us"":60000000,""interval_us"":900000000,""order"":""reverse"",""phase"":20,""phase_us"":300000000,""policy"":""PD"",""q"":null}"
629,b3034f71f76e039bf1a674685fb86d087717d4a595098e5aa4e8d8a724e1fef2,O,"{""archive"":""none"",""capacity_bytes"":1048576,""checkpoint"":""2026-07-15T00:00:00Z"",""delay_us"":0,""feed_lag_us"":5000000,""feed_poll_interval_us"":60000000,""interval_us"":900000000,""order"":""reverse"",""phase"":21,""phase_us"":315000000,""policy"":""PD"",""q"":null}"
630,973a8822dca552f3f079f04acb6fb505bc5504bfeee103f79d38cb91915820f6,O,"{""archive"":""none"",""capacity_bytes"":1048576,""checkpoint"":""2026-07-15T00:00:00Z"",""delay_us"":0,""feed_lag_us"":5000000,""feed_poll_interval_us"":60000000,""interval_us"":900000000,""order"":""reverse"",""phase"":22,""phase_us"":330000000,""policy"":""PD"",""q"":null}"
631,fc62486de96ffde9af943859f049fa898a20a10d3ee87d150c2c8f210e5fe8c3,O,"{""archive"":""none"",""capacity_bytes"":1048576,""checkpoint"":""2026-07-15T00:00:00Z"",""delay_us"":0,""feed_lag_us"":5000000,""feed_poll_interval_us"":60000000,""interval_us"":900000000,""order"":""reverse"",""phase"":23,""phase_us"":345000000,""policy"":""PD"",""q"":null}"
632,62c3fece171739746e648662e52df0958c481de55dc372739be32af7944c65b9,O,"{""archive"":""none"",""capacity_bytes"":1048576,""checkpoint"":""2026-07-15T00:00:00Z"",""delay_us"":0,""feed_lag_us"":5000000,""feed_poll_interval_us"":60000000,""interval_us"":900000000,""order"":""reverse"",""phase"":24,""phase_us"":360000000,""policy"":""PD"",""q"":null}"
633,c2cc5772f9ca909fb7ba7538a25c61a7cb9eaf906fe3d29f8a03f8656607d8d6,O,"{""archive"":""none"",""capacity_bytes"":1048576,""checkpoint"":""2026-07-15T00:00:00Z"",""delay_us"":0,""feed_lag_us"":5000000,""feed_poll_interval_us"":60000000,""interval_us"":900000000,""order"":""reverse"",""phase"":25,""phase_us"":375000000,""policy"":""PD"",""q"":null}"
634,6bc0c97b4f96f83369beee829a788365f3bee40b298132dacfd84caefffb0ca5,O,"{""archive"":""none"",""capacity_bytes"":1048576,""checkpoint"":""2026-07-15T00:00:00Z"",""delay_us"":0,""feed_lag_us"":5000000,""feed_poll_interval_us"":60000000,""interval_us"":900000000,""order"":""reverse"",""phase"":26,""phase_us"":390000000,""policy"":""PD"",""q"":null}"
635,44ca790230d10baa3649e4304615cf5acaaf43f8f43c81dcfbdc42cdef663cb2,O,"{""archive"":""none"",""capacity_bytes"":1048576,""checkpoint"":""2026-07-15T00:00:00Z"",""delay_us"":0,""feed_lag_us"":5000000,""feed_poll_interval_us"":60000000,""interval_us"":900000000,""order"":""reverse"",""phase"":27,""phase_us"":405000000,""policy"":""PD"",""q"":null}"
636,b55caf32872d0f019c50fea4c6b691cdc0d6f5484426eb5f9df7593583aba0f7,O,"{""archive"":""none"",""capacity_bytes"":1048576,""checkpoint"":""2026-07-15T00:00:00Z"",""delay_us"":0,""feed_lag_us"":5000000,""feed_poll_interval_us"":60000000,""interval_us"":900000000,""order"":""reverse"",""phase"":28,""phase_us"":420000000,""policy"":""PD"",""q"":null}"
637,6b3baf4df46f8cc459ce80dc1b9ce7024353bca756a49acd06e01a3cc8a02311,O,"{""archive"":""none"",""capacity_bytes"":1048576,""checkpoint"":""2026-07-15T00:00:00Z"",""delay_us"":0,""feed_lag_us"":5000000,""feed_poll_interval_us"":60000000,""interval_us"":900000000,""order"":""reverse"",""phase"":29,""phase_us"":435000000,""policy"":""PD"",""q"":null}"
638,6e906dc21350df9fce76b38914335d33c7e24579853ed4f748321a86319f828b,O,"{""archive"":""none"",""capacity_bytes"":1048576,""checkpoint"":""2026-07-15T00:00:00Z"",""delay_us"":0,""feed_lag_us"":5000000,""feed_poll_interval_us"":60000000,""interval_us"":900000000,""order"":""reverse"",""phase"":30,""phase_us"":450000000,""policy"":""PD"",""q"":null}"
639,05886a9854e0a81c47e7e75ff704857c388afd3f6e788c32e86264140c554c25,O,"{""archive"":""none"",""capacity_bytes"":1048576,""checkpoint"":""2026-07-15T00:00:00Z"",""delay_us"":0,""feed_lag_us"":5000000,""feed_poll_interval_us"":60000000,""interval_us"":900000000,""order"":""reverse"",""phase"":31,""phase_us"":465000000,""policy"":""PD"",""q"":null}"
640,5e36f7c752ca269112bccca6962f9bdb1e1a8b16bcbfd07e3e965127d5059279,O,"{""archive"":""none"",""capacity_bytes"":1048576,""checkpoint"":""2026-07-15T00:00:00Z"",""delay_us"":0,""feed_lag_us"":5000000,""feed_poll_interval_us"":60000000,""interval_us"":900000000,""order"":""reverse"",""phase"":32,""phase_us"":480000000,""policy"":""PD"",""q"":null}"
641,04bf6f20a0f00f1204f2a451db8a8610b0e3b4c379fff46a9a9fdbd1e05c876e,O,"{""archive"":""none"",""capacity_bytes"":1048576,""checkpoint"":""2026-07-15T00:00:00Z"",""delay_us"":0,""feed_lag_us"":5000000,""feed_poll_interval_us"":60000000,""interval_us"":900000000,""order"":""reverse"",""phase"":33,""phase_us"":495000000,""policy"":""PD"",""q"":null}"
642,88071930078331f53169ef0abbd0c3bb87d472e1260a9a01e8f0319ab0a9aa7f,O,"{""archive"":""none"",""capacity_bytes"":1048576,""checkpoint"":""2026-07-15T00:00:00Z"",""delay_us"":0,""feed_lag_us"":5000000,""feed_poll_interval_us"":60000000,""interval_us"":900000000,""order"":""reverse"",""phase"":34,""phase_us"":510000000,""policy"":""PD"",""q"":null}"
643,c82963190a1eb0600b7afcdde1e3efa4dfbe23fa0143a0bec871f85813460650,O,"{""archive"":""none"",""capacity_bytes"":1048576,""checkpoint"":""2026-07-15T00:00:00Z"",""delay_us"":0,""feed_lag_us"":5000000,""feed_poll_interval_us"":60000000,""interval_us"":900000000,""order"":""reverse"",""phase"":35,""phase_us"":525000000,""policy"":""PD"",""q"":null}"
644,2d587a5a8432b49ed88b793ac24aa2bfd817763d513e5f889997eae88f95489c,O,"{""archive"":""none"",""capacity_bytes"":1048576,""checkpoint"":""2026-07-15T00:00:00Z"",""delay_us"":0,""feed_lag_us"":5000000,""feed_poll_interval_us"":60000000,""interval_us"":900000000,""order"":""reverse"",""phase"":36,""phase_us"":540000000,""policy"":""PD"",""q"":null}"
645,4e5d33b67dd2aa4a68c55ed948d8cee13fd2819679b86755bac2edb2d59a329e,O,"{""archive"":""none"",""capacity_bytes"":1048576,""checkpoint"":""2026-07-15T00:00:00Z"",""delay_us"":0,""feed_lag_us"":5000000,""feed_poll_interval_us"":60000000,""interval_us"":900000000,""order"":""reverse"",""phase"":37,""phase_us"":555000000,""policy"":""PD"",""q"":null}"
646,305a6bb6ace74514eaffa241698931b15d9e73603d494448d1c26ee950b8fb74,O,"{""archive"":""none"",""capacity_bytes"":1048576,""checkpoint"":""2026-07-15T00:00:00Z"",""delay_us"":0,""feed_lag_us"":5000000,""feed_poll_interval_us"":60000000,""interval_us"":900000000,""order"":""reverse"",""phase"":38,""phase_us"":570000000,""policy"":""PD"",""q"":null}"
647,79b2a231cd63d751046118d7523da4124532d8f003328897bb7306c75e06ca99,O,"{""archive"":""none"",""capacity_bytes"":1048576,""checkpoint"":""2026-07-15T00:00:00Z"",""delay_us"":0,""feed_lag_us"":5000000,""feed_poll_interval_us"":60000000,""interval_us"":900000000,""order"":""reverse"",""phase"":39,""phase_us"":585000000,""policy"":""PD"",""q"":null}"
648,724db4bbebaae16038b6367feb9ad7af37a32d748eb20a2a8ad1361255eb2657,O,"{""archive"":""none"",""capacity_bytes"":1048576,""checkpoint"":""2026-07-15T00:00:00Z"",""delay_us"":0,""feed_lag_us"":5000000,""feed_poll_interval_us"":60000000,""interval_us"":900000000,""order"":""reverse"",""phase"":40,""phase_us"":600000000,""policy"":""PD"",""q"":null}"
649,dd39021b8e805c2561295dac6ca015134e212d61a49c5109467840f78900cf9f,O,"{""archive"":""none"",""capacity_bytes"":1048576,""checkpoint"":""2026-07-15T00:00:00Z"",""delay_us"":0,""feed_lag_us"":5000000,""feed_poll_interval_us"":60000000,""interval_us"":900000000,""order"":""reverse"",""phase"":41,""phase_us"":615000000,""policy"":""PD"",""q"":null}"
650,f91468f25fdca9834fd212c1a16abc404c6995e0ec718229fa83eba96c84a22b,O,"{""archive"":""none"",""capacity_bytes"":1048576,""checkpoint"":""2026-07-15T00:00:00Z"",""delay_us"":0,""feed_lag_us"":5000000,""feed_poll_interval_us"":60000000,""interval_us"":900000000,""order"":""reverse"",""phase"":42,""phase_us"":630000000,""policy"":""PD"",""q"":null}"
651,9e6398c7da746fba4fdbaf3e033471ee4ff27b628023a563e7d0bbf916b93bae,O,"{""archive"":""none"",""capacity_bytes"":1048576,""checkpoint"":""2026-07-15T00:00:00Z"",""delay_us"":0,""feed_lag_us"":5000000,""feed_poll_interval_us"":60000000,""interval_us"":900000000,""order"":""reverse"",""phase"":43,""phase_us"":645000000,""policy"":""PD"",""q"":null}"
652,d39d5666ec1ffbd45a30b0013f30813aa3aa233d6ced15b7edc76b445ebd77e2,O,"{""archive"":""none"",""capacity_bytes"":1048576,""checkpoint"":""2026-07-15T00:00:00Z"",""delay_us"":0,""feed_lag_us"":5000000,""feed_poll_interval_us"":60000000,""interval_us"":900000000,""order"":""reverse"",""phase"":44,""phase_us"":660000000,""policy"":""PD"",""q"":null}"
653,c15492ddfb34941a2a84fce5f02d33f6d464843dd46e5feb552012bcf626539f,O,"{""archive"":""none"",""capacity_bytes"":1048576,""checkpoint"":""2026-07-15T00:00:00Z"",""delay_us"":0,""feed_lag_us"":5000000,""feed_poll_interval_us"":60000000,""interval_us"":900000000,""order"":""reverse"",""phase"":45,""phase_us"":675000000,""policy"":""PD"",""q"":null}"
654,9e5ad7d556763909abf6b0dd523f85468af29024e2ddf077e38152c5b58fddb0,O,"{""archive"":""none"",""capacity_bytes"":1048576,""checkpoint"":""2026-07-15T00:00:00Z"",""delay_us"":0,""feed_lag_us"":5000000,""feed_poll_interval_us"":60000000,""interval_us"":900000000,""order"":""reverse"",""phase"":46,""phase_us"":690000000,""policy"":""PD"",""q"":null}"
655,4e48b5df43e05c12ae169d794f05642bb20a34f58c13d6cf4ecf34ef1a0cbb17,O,"{""archive"":""none"",""capacity_bytes"":1048576,""checkpoint"":""2026-07-15T00:00:00Z"",""delay_us"":0,""feed_lag_us"":5000000,""feed_poll_interval_us"":60000000,""interval_us"":900000000,""order"":""reverse"",""phase"":47,""phase_us"":705000000,""policy"":""PD"",""q"":null}"
656,08a49dfa954538e88526141694f8f577e85e7905774ec159f75e8ce8731c3c6d,O,"{""archive"":""none"",""capacity_bytes"":1048576,""checkpoint"":""2026-07-15T00:00:00Z"",""delay_us"":0,""feed_lag_us"":5000000,""feed_poll_interval_us"":60000000,""interval_us"":900000000,""order"":""reverse"",""phase"":48,""phase_us"":720000000,""policy"":""PD"",""q"":null}"
657,1289cc2efbafad8276192246107b6c68705e89fc3013bd9d023a51e2ace8fee9,O,"{""archive"":""none"",""capacity_bytes"":1048576,""checkpoint"":""2026-07-15T00:00:00Z"",""delay_us"":0,""feed_lag_us"":5000000,""feed_poll_interval_us"":60000000,""interval_us"":900000000,""order"":""reverse"",""phase"":49,""phase_us"":735000000,""policy"":""PD"",""q"":null}"
658,68c90c4feefbbb58e2ea860a6db045759ecf739796f5e481aebdc31c01bdf8fb,O,"{""archive"":""none"",""capacity_bytes"":1048576,""checkpoint"":""2026-07-15T00:00:00Z"",""delay_us"":0,""feed_lag_us"":5000000,""feed_poll_interval_us"":60000000,""interval_us"":900000000,""order"":""reverse"",""phase"":50,""phase_us"":750000000,""policy"":""PD"",""q"":null}"
659,2ff2b9470cc5b89600e6958615259d8992c84924d8282ad1d34b414262edf288,O,"{""archive"":""none"",""capacity_bytes"":1048576,""checkpoint"":""2026-07-15T00:00:00Z"",""delay_us"":0,""feed_lag_us"":5000000,""feed_poll_interval_us"":60000000,""interval_us"":900000000,""order"":""reverse"",""phase"":51,""phase_us"":765000000,""policy"":""PD"",""q"":null}"
660,d5d5cecc19ac158a8bc3add3ccd5a55fdf9ce516f9a7d5516f88fa47921cf0fa,O,"{""archive"":""none"",""capacity_bytes"":1048576,""checkpoint"":""2026-07-15T00:00:00Z"",""delay_us"":0,""feed_lag_us"":5000000,""feed_poll_interval_us"":60000000,""interval_us"":900000000,""order"":""reverse"",""phase"":52,""phase_us"":780000000,""policy"":""PD"",""q"":null}"
661,fffa996240d0f6787fce664462fa8ea61a66dea3aac3a40c1c5df87671616caf,O,"{""archive"":""none"",""capacity_bytes"":1048576,""checkpoint"":""2026-07-15T00:00:00Z"",""delay_us"":0,""feed_lag_us"":5000000,""feed_poll_interval_us"":60000000,""interval_us"":900000000,""order"":""reverse"",""phase"":53,""phase_us"":795000000,""policy"":""PD"",""q"":null}"
662,9c114eec7b9be22d45ed8187025534cc2ecc176f35559f714bc48a23dfba70a0,O,"{""archive"":""none"",""capacity_bytes"":1048576,""checkpoint"":""2026-07-15T00:00:00Z"",""delay_us"":0,""feed_lag_us"":5000000,""feed_poll_interval_us"":60000000,""interval_us"":900000000,""order"":""reverse"",""phase"":54,""phase_us"":810000000,""policy"":""PD"",""q"":null}"
663,798308dcd62b6007e679aa736ea2b11ffe23057e9fa28fa9737e1cff078b5aa6,O,"{""archive"":""none"",""capacity_bytes"":1048576,""checkpoint"":""2026-07-15T00:00:00Z"",""delay_us"":0,""feed_lag_us"":5000000,""feed_poll_interval_us"":60000000,""interval_us"":900000000,""order"":""reverse"",""phase"":55,""phase_us"":825000000,""policy"":""PD"",""q"":null}"
664,c562e28c608e0f2c8ab85d31c7f34f5e5e275345666150db2943703df4724bd8,O,"{""archive"":""none"",""capacity_bytes"":1048576,""checkpoint"":""2026-07-15T00:00:00Z"",""delay_us"":0,""feed_lag_us"":5000000,""feed_poll_interval_us"":60000000,""interval_us"":900000000,""order"":""reverse"",""phase"":56,""phase_us"":840000000,""policy"":""PD"",""q"":null}"
665,6610919eba1cc4ac1e815a1beba1228714ca39c432054fbfe1664656b7e66910,O,"{""archive"":""none"",""capacity_bytes"":1048576,""checkpoint"":""2026-07-15T00:00:00Z"",""delay_us"":0,""feed_lag_us"":5000000,""feed_poll_interval_us"":60000000,""interval_us"":900000000,""order"":""reverse"",""phase"":57,""phase_us"":855000000,""policy"":""PD"",""q"":null}"
666,c61294b85abf410cb271093c404e1fd539b778717dba686ceaa96c1eabe411e1,O,"{""archive"":""none"",""capacity_bytes"":1048576,""checkpoint"":""2026-07-15T00:00:00Z"",""delay_us"":0,""feed_lag_us"":5000000,""feed_poll_interval_us"":60000000,""interval_us"":900000000,""order"":""reverse"",""phase"":58,""phase_us"":870000000,""policy"":""PD"",""q"":null}"
667,e45b84890e2ace47cc87bdf00234ce33d54bf7b3ddcf334dc094f6a9c41945c2,O,"{""archive"":""none"",""capacity_bytes"":1048576,""checkpoint"":""2026-07-15T00:00:00Z"",""delay_us"":0,""feed_lag_us"":5000000,""feed_poll_interval_us"":60000000,""interval_us"":900000000,""order"":""reverse"",""phase"":59,""phase_us"":885000000,""policy"":""PD"",""q"":null}"
668,020d1a097087d03fc9ae981b9f7d2886739e104e06252f39a04894e252769d37,O,"{""archive"":""none"",""capacity_bytes"":1048576,""checkpoint"":""2026-07-15T00:00:00Z"",""delay_us"":0,""feed_lag_us"":5000000,""feed_poll_interval_us"":60000000,""interval_us"":900000000,""order"":""reverse"",""phase"":0,""phase_us"":0,""policy"":""PCD"",""q"":null}"
669,cd1efcb96ecbe40b95b012c87793c7716c87076d4affd18f3972d72089ce2d23,O,"{""archive"":""none"",""capacity_bytes"":1048576,""checkpoint"":""2026-07-15T00:00:00Z"",""delay_us"":0,""feed_lag_us"":5000000,""feed_poll_interval_us"":60000000,""interval_us"":900000000,""order"":""reverse"",""phase"":1,""phase_us"":15000000,""policy"":""PCD"",""q"":null}"
670,ca006d1f2ee53f6877b9d2993dfd238dff1f5bcb4a2c0c2e04f8a1316da46f35,O,"{""archive"":""none"",""capacity_bytes"":1048576,""checkpoint"":""2026-07-15T00:00:00Z"",""delay_us"":0,""feed_lag_us"":5000000,""feed_poll_interval_us"":60000000,""interval_us"":900000000,""order"":""reverse"",""phase"":2,""phase_us"":30000000,""policy"":""PCD"",""q"":null}"
671,91068df65f500bbdb7a1e223b23234fe9dd20a8aa259c967a91c4c14cdb0d8c0,O,"{""archive"":""none"",""capacity_bytes"":1048576,""checkpoint"":""2026-07-15T00:00:00Z"",""delay_us"":0,""feed_lag_us"":5000000,""feed_poll_interval_us"":60000000,""interval_us"":900000000,""order"":""reverse"",""phase"":3,""phase_us"":45000000,""policy"":""PCD"",""q"":null}"
672,4f1541e154c57676a6a6d2de05f925cca9f35bd2dd15a79321ea533f038cb533,O,"{""archive"":""none"",""capacity_bytes"":1048576,""checkpoint"":""2026-07-15T00:00:00Z"",""delay_us"":0,""feed_lag_us"":5000000,""feed_poll_interval_us"":60000000,""interval_us"":900000000,""order"":""reverse"",""phase"":4,""phase_us"":60000000,""policy"":""PCD"",""q"":null}"
673,0cb3497af98f50cbaae98cd4cea23b536ed272db3c59848793a5c7fbe3896cd1,O,"{""archive"":""none"",""capacity_bytes"":1048576,""checkpoint"":""2026-07-15T00:00:00Z"",""delay_us"":0,""feed_lag_us"":5000000,""feed_poll_interval_us"":60000000,""interval_us"":900000000,""order"":""reverse"",""phase"":5,""phase_us"":75000000,""policy"":""PCD"",""q"":null}"
674,bee7f092ef9a43cf19eea3f50099765460cc6baed71e6bf5ae804d506d353bda,O,"{""archive"":""none"",""capacity_bytes"":1048576,""checkpoint"":""2026-07-15T00:00:00Z"",""delay_us"":0,""feed_lag_us"":5000000,""feed_poll_interval_us"":60000000,""interval_us"":900000000,""order"":""reverse"",""phase"":6,""phase_us"":90000000,""policy"":""PCD"",""q"":null}"
675,fb163b62646bc585368ce1fdb0c6c7ec9a9e2e4e33badf23e3aadf3125c9da8c,O,"{""archive"":""none"",""capacity_bytes"":1048576,""checkpoint"":""2026-07-15T00:00:00Z"",""delay_us"":0,""feed_lag_us"":5000000,""feed_poll_interval_us"":60000000,""interval_us"":900000000,""order"":""reverse"",""phase"":7,""phase_us"":105000000,""policy"":""PCD"",""q"":null}"
676,80a0359ec231eeabdf758e4096690504331ea0962487826cba716e237dcc130e,O,"{""archive"":""none"",""capacity_bytes"":1048576,""checkpoint"":""2026-07-15T00:00:00Z"",""delay_us"":0,""feed_lag_us"":5000000,""feed_poll_interval_us"":60000000,""interval_us"":900000000,""order"":""reverse"",""phase"":8,""phase_us"":120000000,""policy"":""PCD"",""q"":null}"
677,7ad38a9a01a9d9cc0d0428039ae21d02c43bcc143ab57e72941f85e0a6ff4e2d,O,"{""archive"":""none"",""capacity_bytes"":1048576,""checkpoint"":""2026-07-15T00:00:00Z"",""delay_us"":0,""feed_lag_us"":5000000,""feed_poll_interval_us"":60000000,""interval_us"":900000000,""order"":""reverse"",""phase"":9,""phase_us"":135000000,""policy"":""PCD"",""q"":null}"
678,a4a0189003558868dbbc601a4d31e37d0dd7a4b3f52108f49bb47c85ff6db8a5,O,"{""archive"":""none"",""capacity_bytes"":1048576,""checkpoint"":""2026-07-15T00:00:00Z"",""delay_us"":0,""feed_lag_us"":5000000,""feed_poll_interval_us"":60000000,""interval_us"":900000000,""order"":""reverse"",""phase"":10,""phase_us"":150000000,""policy"":""PCD"",""q"":null}"
679,59aa79fb0694d641ffe4e47ecaa51309beb9ca5ead683d89b77cce35d369d0f1,O,"{""archive"":""none"",""capacity_bytes"":1048576,""checkpoint"":""2026-07-15T00:00:00Z"",""delay_us"":0,""feed_lag_us"":5000000,""feed_poll_interval_us"":60000000,""interval_us"":900000000,""order"":""reverse"",""phase"":11,""phase_us"":165000000,""policy"":""PCD"",""q"":null}"
680,297041c41fe0533fd531f6ec404f1e91db135ad7f0ea68fbf18a2877e3659a67,O,"{""archive"":""none"",""capacity_bytes"":1048576,""checkpoint"":""2026-07-15T00:00:00Z"",""delay_us"":0,""feed_lag_us"":5000000,""feed_poll_interval_us"":60000000,""interval_us"":900000000,""order"":""reverse"",""phase"":12,""phase_us"":180000000,""policy"":""PCD"",""q"":null}"
681,9b24ef029b6a7d08ab097877b8dba828c2d3f6ca1901ac27af91d15ccf0a0d97,O,"{""archive"":""none"",""capacity_bytes"":1048576,""checkpoint"":""2026-07-15T00:00:00Z"",""delay_us"":0,""feed_lag_us"":5000000,""feed_poll_interval_us"":60000000,""interval_us"":900000000,""order"":""reverse"",""phase"":13,""phase_us"":195000000,""policy"":""PCD"",""q"":null}"
682,65cd5dd24f8bb0cd7b28f2fc5164dc7f0de22cbdcf9fe206679368040eddc151,O,"{""archive"":""none"",""capacity_bytes"":1048576,""checkpoint"":""2026-07-15T00:00:00Z"",""delay_us"":0,""feed_lag_us"":5000000,""feed_poll_interval_us"":60000000,""interval_us"":900000000,""order"":""reverse"",""phase"":14,""phase_us"":210000000,""policy"":""PCD"",""q"":null}"
683,4a319e00a117427e8cd34f4ae23ee872dd295059c667a851e9b248907320ade2,O,"{""archive"":""none"",""capacity_bytes"":1048576,""checkpoint"":""2026-07-15T00:00:00Z"",""delay_us"":0,""feed_lag_us"":5000000,""feed_poll_interval_us"":60000000,""interval_us"":900000000,""order"":""reverse"",""phase"":15,""phase_us"":225000000,""policy"":""PCD"",""q"":null}"
684,7a0166da9d78207b6a5705125fe79b8d852f94223e853d4cb0c01675999e62ff,O,"{""archive"":""none"",""capacity_bytes"":1048576,""checkpoint"":""2026-07-15T00:00:00Z"",""delay_us"":0,""feed_lag_us"":5000000,""feed_poll_interval_us"":60000000,""interval_us"":900000000,""order"":""reverse"",""phase"":16,""phase_us"":240000000,""policy"":""PCD"",""q"":null}"
685,237e706a133cef88206cf6e158fcb97dd2552a769cdd18e4ca6883e936c97c14,O,"{""archive"":""none"",""capacity_bytes"":1048576,""checkpoint"":""2026-07-15T00:00:00Z"",""delay_us"":0,""feed_lag_us"":5000000,""feed_poll_interval_us"":60000000,""interval_us"":900000000,""order"":""reverse"",""phase"":17,""phase_us"":255000000,""policy"":""PCD"",""q"":null}"
686,8d552f9a1b4206a3ea6cbddf1e68df4c638cf443398eb45356b0c7928671407b,O,"{""archive"":""none"",""capacity_bytes"":1048576,""checkpoint"":""2026-07-15T00:00:00Z"",""delay_us"":0,""feed_lag_us"":5000000,""feed_poll_interval_us"":60000000,""interval_us"":900000000,""order"":""reverse"",""phase"":18,""phase_us"":270000000,""policy"":""PCD"",""q"":null}"
687,324a18af3334958ff53be21a8d004d351950ed5024a098c3dc90e5fb9ba7202e,O,"{""archive"":""none"",""capacity_bytes"":1048576,""checkpoint"":""2026-07-15T00:00:00Z"",""delay_us"":0,""feed_lag_us"":5000000,""feed_poll_interval_us"":60000000,""interval_us"":900000000,""order"":""reverse"",""phase"":19,""phase_us"":285000000,""policy"":""PCD"",""q"":null}"
688,031d6ea2d26db9e74458e1a53f541ecff325c4bf549189f613b26bff5a27c051,O,"{""archive"":""none"",""capacity_bytes"":1048576,""checkpoint"":""2026-07-15T00:00:00Z"",""delay_us"":0,""feed_lag_us"":5000000,""feed_poll_interval_us"":60000000,""interval_us"":900000000,""order"":""reverse"",""phase"":20,""phase_us"":300000000,""policy"":""PCD"",""q"":null}"
689,107aab0ce8f6067068c7e0dfa38d43fa6440a630c4335df4b061411057e193e7,O,"{""archive"":""none"",""capacity_bytes"":1048576,""checkpoint"":""2026-07-15T00:00:00Z"",""delay_us"":0,""feed_lag_us"":5000000,""feed_poll_interval_us"":60000000,""interval_us"":900000000,""order"":""reverse"",""phase"":21,""phase_us"":315000000,""policy"":""PCD"",""q"":null}"
690,cd77d1148cceebf09176afbdbe571aa3cb80ee919655cd0b3c41de246ce476aa,O,"{""archive"":""none"",""capacity_bytes"":1048576,""checkpoint"":""2026-07-15T00:00:00Z"",""delay_us"":0,""feed_lag_us"":5000000,""feed_poll_interval_us"":60000000,""interval_us"":900000000,""order"":""reverse"",""phase"":22,""phase_us"":330000000,""policy"":""PCD"",""q"":null}"
691,fddff2c2474c2c08939606248448a4caedb2ce8197a472f812447063ef9780d2,O,"{""archive"":""none"",""capacity_bytes"":1048576,""checkpoint"":""2026-07-15T00:00:00Z"",""delay_us"":0,""feed_lag_us"":5000000,""feed_poll_interval_us"":60000000,""interval_us"":900000000,""order"":""reverse"",""phase"":23,""phase_us"":345000000,""policy"":""PCD"",""q"":null}"
692,b9edfa6eae5f98a0d44394d55f26564fb8e39f40b77f638b9a90af012afea625,O,"{""archive"":""none"",""capacity_bytes"":1048576,""checkpoint"":""2026-07-15T00:00:00Z"",""delay_us"":0,""feed_lag_us"":5000000,""feed_poll_interval_us"":60000000,""interval_us"":900000000,""order"":""reverse"",""phase"":24,""phase_us"":360000000,""policy"":""PCD"",""q"":null}"
693,9a3a49bfc5f0e1631995ce3fb2279d7db6cb5e6c1f7e72bba6728634a4c71890,O,"{""archive"":""none"",""capacity_bytes"":1048576,""checkpoint"":""2026-07-15T00:00:00Z"",""delay_us"":0,""feed_lag_us"":5000000,""feed_poll_interval_us"":60000000,""interval_us"":900000000,""order"":""reverse"",""phase"":25,""phase_us"":375000000,""policy"":""PCD"",""q"":null}"
694,f40eb8150ababe56e1dc28e44e64a497d67ecd340fd2e3ad820011753765f41b,O,"{""archive"":""none"",""capacity_bytes"":1048576,""checkpoint"":""2026-07-15T00:00:00Z"",""delay_us"":0,""feed_lag_us"":5000000,""feed_poll_interval_us"":60000000,""interval_us"":900000000,""order"":""reverse"",""phase"":26,""phase_us"":390000000,""policy"":""PCD"",""q"":null}"
695,424fe2fdf6b9052fb144d6439522044b8ae1b96a0f13318f8bb92cd5225c8104,O,"{""archive"":""none"",""capacity_bytes"":1048576,""checkpoint"":""2026-07-15T00:00:00Z"",""delay_us"":0,""feed_lag_us"":5000000,""feed_poll_interval_us"":60000000,""interval_us"":900000000,""order"":""reverse"",""phase"":27,""phase_us"":405000000,""policy"":""PCD"",""q"":null}"
696,8d966917c62435079e28c852e675e8004493e9de9f67f40b551bfa524f4cfea9,O,"{""archive"":""none"",""capacity_bytes"":1048576,""checkpoint"":""2026-07-15T00:00:00Z"",""delay_us"":0,""feed_lag_us"":5000000,""feed_poll_interval_us"":60000000,""interval_us"":900000000,""order"":""reverse"",""phase"":28,""phase_us"":420000000,""policy"":""PCD"",""q"":null}"
697,908bc5fc760d2f7533234625f7c427f1f14a3d32d5469bbb17daefd2fd655563,O,"{""archive"":""none"",""capacity_bytes"":1048576,""checkpoint"":""2026-07-15T00:00:00Z"",""delay_us"":0,""feed_lag_us"":5000000,""feed_poll_interval_us"":60000000,""interval_us"":900000000,""order"":""reverse"",""phase"":29,""phase_us"":435000000,""policy"":""PCD"",""q"":null}"
698,737fe88998051b1533d03c836f75f0cf519b7861ace1b96f0f2c5f13bf19b7be,O,"{""archive"":""none"",""capacity_bytes"":1048576,""checkpoint"":""2026-07-15T00:00:00Z"",""delay_us"":0,""feed_lag_us"":5000000,""feed_poll_interval_us"":60000000,""interval_us"":900000000,""order"":""reverse"",""phase"":30,""phase_us"":450000000,""policy"":""PCD"",""q"":null}"
699,4dd9f8b092ebbe2b9851bb67e14f090727414f16ff64a1b5319e9229a9089fe6,O,"{""archive"":""none"",""capacity_bytes"":1048576,""checkpoint"":""2026-07-15T00:00:00Z"",""delay_us"":0,""feed_lag_us"":5000000,""feed_poll_interval_us"":60000000,""interval_us"":900000000,""order"":""reverse"",""phase"":31,""phase_us"":465000000,""policy"":""PCD"",""q"":null}"
700,4fe25e1d34e087215b405a74bad539a6e443c78554e626583e8fe59da19f6e77,O,"{""archive"":""none"",""capacity_bytes"":1048576,""checkpoint"":""2026-07-15T00:00:00Z"",""delay_us"":0,""feed_lag_us"":5000000,""feed_poll_interval_us"":60000000,""interval_us"":900000000,""order"":""reverse"",""phase"":32,""phase_us"":480000000,""policy"":""PCD"",""q"":null}"
701,7a676b9255e5f6619a3685942512c8a8e9c9500b32461118a0c8d84bba560420,O,"{""archive"":""none"",""capacity_bytes"":1048576,""checkpoint"":""2026-07-15T00:00:00Z"",""delay_us"":0,""feed_lag_us"":5000000,""feed_poll_interval_us"":60000000,""interval_us"":900000000,""order"":""reverse"",""phase"":33,""phase_us"":495000000,""policy"":""PCD"",""q"":null}"
702,88fd1efed340896e6adf6e566698785f00dd1f8692c83861b362f83c8f37b073,O,"{""archive"":""none"",""capacity_bytes"":1048576,""checkpoint"":""2026-07-15T00:00:00Z"",""delay_us"":0,""feed_lag_us"":5000000,""feed_poll_interval_us"":60000000,""interval_us"":900000000,""order"":""reverse"",""phase"":34,""phase_us"":510000000,""policy"":""PCD"",""q"":null}"
703,0177773b4cd21eaa18ecb6394ae7d076ba2ea1a4d605f72ca509e477032cd4fc,O,"{""archive"":""none"",""capacity_bytes"":1048576,""checkpoint"":""2026-07-15T00:00:00Z"",""delay_us"":0,""feed_lag_us"":5000000,""feed_poll_interval_us"":60000000,""interval_us"":900000000,""order"":""reverse"",""phase"":35,""phase_us"":525000000,""policy"":""PCD"",""q"":null}"
704,7cf5a2d30f99943fbf0a83ce6fefd21dc86f9a98005f27cadac277a598be57cc,O,"{""archive"":""none"",""capacity_bytes"":1048576,""checkpoint"":""2026-07-15T00:00:00Z"",""delay_us"":0,""feed_lag_us"":5000000,""feed_poll_interval_us"":60000000,""interval_us"":900000000,""order"":""reverse"",""phase"":36,""phase_us"":540000000,""policy"":""PCD"",""q"":null}"
705,a7da6c465568764c06f2668dd784867e5aa2d315423b696a96f3f5b823bfc291,O,"{""archive"":""none"",""capacity_bytes"":1048576,""checkpoint"":""2026-07-15T00:00:00Z"",""delay_us"":0,""feed_lag_us"":5000000,""feed_poll_interval_us"":60000000,""interval_us"":900000000,""order"":""reverse"",""phase"":37,""phase_us"":555000000,""policy"":""PCD"",""q"":null}"
706,7973a2bbbe9d46458c0284c6d308d54b8ff8b973c584c88cafdacfce6f70da8b,O,"{""archive"":""none"",""capacity_bytes"":1048576,""checkpoint"":""2026-07-15T00:00:00Z"",""delay_us"":0,""feed_lag_us"":5000000,""feed_poll_interval_us"":60000000,""interval_us"":900000000,""order"":""reverse"",""phase"":38,""phase_us"":570000000,""policy"":""PCD"",""q"":null}"
707,29427ab5bf13a3538e75cf17b82e590a4f35f24353054ec3db9932288fa07c05,O,"{""archive"":""none"",""capacity_bytes"":1048576,""checkpoint"":""2026-07-15T00:00:00Z"",""delay_us"":0,""feed_lag_us"":5000000,""feed_poll_interval_us"":60000000,""interval_us"":900000000,""order"":""reverse"",""phase"":39,""phase_us"":585000000,""policy"":""PCD"",""q"":null}"
708,76ec4958447de75a79cd81ce790724e6c5ad5e3db19e8958871aaf3a78755013,O,"{""archive"":""none"",""capacity_bytes"":1048576,""checkpoint"":""2026-07-15T00:00:00Z"",""delay_us"":0,""feed_lag_us"":5000000,""feed_poll_interval_us"":60000000,""interval_us"":900000000,""order"":""reverse"",""phase"":40,""phase_us"":600000000,""policy"":""PCD"",""q"":null}"
709,36f56c1e2c772cc6ee14b4777d4a844723ad2fbbba5265d519ac7215d659148f,O,"{""archive"":""none"",""capacity_bytes"":1048576,""checkpoint"":""2026-07-15T00:00:00Z"",""delay_us"":0,""feed_lag_us"":5000000,""feed_poll_interval_us"":60000000,""interval_us"":900000000,""order"":""reverse"",""phase"":41,""phase_us"":615000000,""policy"":""PCD"",""q"":null}"
710,fbbc3ef6ffcb2dcdf5e766b2ecd8cf21a484a68fdc102eaf7b78a6ec05db0c23,O,"{""archive"":""none"",""capacity_bytes"":1048576,""checkpoint"":""2026-07-15T00:00:00Z"",""delay_us"":0,""feed_lag_us"":5000000,""feed_poll_interval_us"":60000000,""interval_us"":900000000,""order"":""reverse"",""phase"":42,""phase_us"":630000000,""policy"":""PCD"",""q"":null}"
711,31b60ccdcaec2d4e3b12e37b7beeb6aa6aa16426b16d6d8e270fcf101da527a2,O,"{""archive"":""none"",""capacity_bytes"":1048576,""checkpoint"":""2026-07-15T00:00:00Z"",""delay_us"":0,""feed_lag_us"":5000000,""feed_poll_interval_us"":60000000,""interval_us"":900000000,""order"":""reverse"",""phase"":43,""phase_us"":645000000,""policy"":""PCD"",""q"":null}"
712,cd196e909a45c23c3bbcec0c4897ac3c57573f4f459bb17cc0f9ed157b8ad1f6,O,"{""archive"":""none"",""capacity_bytes"":1048576,""checkpoint"":""2026-07-15T00:00:00Z"",""delay_us"":0,""feed_lag_us"":5000000,""feed_poll_interval_us"":60000000,""interval_us"":900000000,""order"":""reverse"",""phase"":44,""phase_us"":660000000,""policy"":""PCD"",""q"":null}"
713,ef8d17d21dd65960d44cb782f51a2da40bbf9e4184fb682aaf7b1db1b1475a3e,O,"{""archive"":""none"",""capacity_bytes"":1048576,""checkpoint"":""2026-07-15T00:00:00Z"",""delay_us"":0,""feed_lag_us"":5000000,""feed_poll_interval_us"":60000000,""interval_us"":900000000,""order"":""reverse"",""phase"":45,""phase_us"":675000000,""policy"":""PCD"",""q"":null}"
714,9bafbdc21585a3adc508202535b1f0cd0e2a761456ae951524d4609dac03da5c,O,"{""archive"":""none"",""capacity_bytes"":1048576,""checkpoint"":""2026-07-15T00:00:00Z"",""delay_us"":0,""feed_lag_us"":5000000,""feed_poll_interval_us"":60000000,""interval_us"":900000000,""order"":""reverse"",""phase"":46,""phase_us"":690000000,""policy"":""PCD"",""q"":null}"
715,2ec8651f7a9a6b96c1531a0d2689d8fbeb9d481ab107080a2ea615b27ba82d70,O,"{""archive"":""none"",""capacity_bytes"":1048576,""checkpoint"":""2026-07-15T00:00:00Z"",""delay_us"":0,""feed_lag_us"":5000000,""feed_poll_interval_us"":60000000,""interval_us"":900000000,""order"":""reverse"",""phase"":47,""phase_us"":705000000,""policy"":""PCD"",""q"":null}"
716,ffecd05267efb730c34e5cd5052132b9c7dbe80a2abe3422617b59ceba824305,O,"{""archive"":""none"",""capacity_bytes"":1048576,""checkpoint"":""2026-07-15T00:00:00Z"",""delay_us"":0,""feed_lag_us"":5000000,""feed_poll_interval_us"":60000000,""interval_us"":900000000,""order"":""reverse"",""phase"":48,""phase_us"":720000000,""policy"":""PCD"",""q"":null}"
717,c87b627147db3a3ad6f1b9b2f7f718eb52937df62790b45eadb0e1abd6558a18,O,"{""archive"":""none"",""capacity_bytes"":1048576,""checkpoint"":""2026-07-15T00:00:00Z"",""delay_us"":0,""feed_lag_us"":5000000,""feed_poll_interval_us"":60000000,""interval_us"":900000000,""order"":""reverse"",""phase"":49,""phase_us"":735000000,""policy"":""PCD"",""q"":null}"
718,3be18a4ee4ce6ce16f7f4b8cc333e5947c8a7ab685ee75c0aae4c08f531137e0,O,"{""archive"":""none"",""capacity_bytes"":1048576,""checkpoint"":""2026-07-15T00:00:00Z"",""delay_us"":0,""feed_lag_us"":5000000,""feed_poll_interval_us"":60000000,""interval_us"":900000000,""order"":""reverse"",""phase"":50,""phase_us"":750000000,""policy"":""PCD"",""q"":null}"
719,4414823970775a9272f040cc83fb775a1feb5645fcc7a9ae902611543d9b6484,O,"{""archive"":""none"",""capacity_bytes"":1048576,""checkpoint"":""2026-07-15T00:00:00Z"",""delay_us"":0,""feed_lag_us"":5000000,""feed_poll_interval_us"":60000000,""interval_us"":900000000,""order"":""reverse"",""phase"":51,""phase_us"":765000000,""policy"":""PCD"",""q"":null}"
720,6adc03b819978aba068a5350808f0aada122824891847d50e340568f95fc6c6d,O,"{""archive"":""none"",""capacity_bytes"":1048576,""checkpoint"":""2026-07-15T00:00:00Z"",""delay_us"":0,""feed_lag_us"":5000000,""feed_poll_interval_us"":60000000,""interval_us"":900000000,""order"":""reverse"",""phase"":52,""phase_us"":780000000,""policy"":""PCD"",""q"":null}"
721,2c35338680a7d5429b1d0b30a2f99fd91ec63c6ba7272c675cd6ebfca1bb0401,O,"{""archive"":""none"",""capacity_bytes"":1048576,""checkpoint"":""2026-07-15T00:00:00Z"",""delay_us"":0,""feed_lag_us"":5000000,""feed_poll_interval_us"":60000000,""interval_us"":900000000,""order"":""reverse"",""phase"":53,""phase_us"":795000000,""policy"":""PCD"",""q"":null}"
722,f809d50f77bac2441473cbfdb2419513882971dadf1cb307d88496dd9a2fca11,O,"{""archive"":""none"",""capacity_bytes"":1048576,""checkpoint"":""2026-07-15T00:00:00Z"",""delay_us"":0,""feed_lag_us"":5000000,""feed_poll_interval_us"":60000000,""interval_us"":900000000,""order"":""reverse"",""phase"":54,""phase_us"":810000000,""policy"":""PCD"",""q"":null}"
723,1cffde4a956826035e604ec968f89e829e380553dd2ce0df00d988709a547cd4,O,"{""archive"":""none"",""capacity_bytes"":1048576,""checkpoint"":""2026-07-15T00:00:00Z"",""delay_us"":0,""feed_lag_us"":5000000,""feed_poll_interval_us"":60000000,""interval_us"":900000000,""order"":""reverse"",""phase"":55,""phase_us"":825000000,""policy"":""PCD"",""q"":null}"
724,34082b1e548b48b4c7a660d131db3161faf916ee7efb5f03d5927a39dc1e81e9,O,"{""archive"":""none"",""capacity_bytes"":1048576,""checkpoint"":""2026-07-15T00:00:00Z"",""delay_us"":0,""feed_lag_us"":5000000,""feed_poll_interval_us"":60000000,""interval_us"":900000000,""order"":""reverse"",""phase"":56,""phase_us"":840000000,""policy"":""PCD"",""q"":null}"
725,426fe196d33276dd7bb1304ee379cf33510fd755d96ab37115598f138304a3bd,O,"{""archive"":""none"",""capacity_bytes"":1048576,""checkpoint"":""2026-07-15T00:00:00Z"",""delay_us"":0,""feed_lag_us"":5000000,""feed_poll_interval_us"":60000000,""interval_us"":900000000,""order"":""reverse"",""phase"":57,""phase_us"":855000000,""policy"":""PCD"",""q"":null}"
726,59a877490160f1aeb4aa08b39bd31fb2dedb2fea1baa441138af6e7b27a79f1c,O,"{""archive"":""none"",""capacity_bytes"":1048576,""checkpoint"":""2026-07-15T00:00:00Z"",""delay_us"":0,""feed_lag_us"":5000000,""feed_poll_interval_us"":60000000,""interval_us"":900000000,""order"":""reverse"",""phase"":58,""phase_us"":870000000,""policy"":""PCD"",""q"":null}"
727,f589608f7d4f0407f692e96d3feefa1ec1010e9832fe1a5da739f169ec687569,O,"{""archive"":""none"",""capacity_bytes"":1048576,""checkpoint"":""2026-07-15T00:00:00Z"",""delay_us"":0,""feed_lag_us"":5000000,""feed_poll_interval_us"":60000000,""interval_us"":900000000,""order"":""reverse"",""phase"":59,""phase_us"":885000000,""policy"":""PCD"",""q"":null}"
728,47fc0c5163aff7e77ebde4c9d841498ad99a164fbe6065c3f0d6e4e29db7c6de,O,"{""archive"":""none"",""capacity_bytes"":1048576,""checkpoint"":""2026-07-15T00:00:00Z"",""delay_us"":0,""feed_lag_us"":5000000,""feed_poll_interval_us"":60000000,""interval_us"":null,""order"":""reverse_ties"",""phase"":null,""phase_us"":null,""policy"":""E"",""q"":30}"
729,642dad95ceed12466969648cf053a825b4f1afc1faca0ae5861291983a6cc7e2,A-live,"{""archive"":""terminal_persistent"",""capacity_bytes"":1048576,""checkpoint"":""2026-07-15T00:00:00Z"",""delay_us"":0,""feed_lag_us"":5000000,""feed_poll_interval_us"":60000000,""interval_us"":900000000,""order"":""forward"",""phase"":0,""phase_us"":0,""policy"":""PCD"",""q"":null}"
730,018a6841b3e1cffb4a1109b0f66e73e144e2de914a2a4625406dae39c067a63a,A-live,"{""archive"":""terminal_persistent"",""capacity_bytes"":1048576,""checkpoint"":""2026-07-15T00:00:00Z"",""delay_us"":0,""feed_lag_us"":5000000,""feed_poll_interval_us"":60000000,""interval_us"":900000000,""order"":""forward"",""phase"":1,""phase_us"":15000000,""policy"":""PCD"",""q"":null}"
731,b1baa28a54cdf839c3e68274d82b7f89bf25798a1e2a4ccb3c5debdd759a5dd5,A-live,"{""archive"":""terminal_persistent"",""capacity_bytes"":1048576,""checkpoint"":""2026-07-15T00:00:00Z"",""delay_us"":0,""feed_lag_us"":5000000,""feed_poll_interval_us"":60000000,""interval_us"":900000000,""order"":""forward"",""phase"":2,""phase_us"":30000000,""policy"":""PCD"",""q"":null}"
732,a2aca80e745b6fa5dd8ea8fa41d60b5fa7aa7a79724af4f382ab561dc68373b0,A-live,"{""archive"":""terminal_persistent"",""capacity_bytes"":1048576,""checkpoint"":""2026-07-15T00:00:00Z"",""delay_us"":0,""feed_lag_us"":5000000,""feed_poll_interval_us"":60000000,""interval_us"":900000000,""order"":""forward"",""phase"":3,""phase_us"":45000000,""policy"":""PCD"",""q"":null}"
733,55471d3289067db5466e73ff1a37b5c2fbbab73e5dfff93e349db7b5f1438672,A-live,"{""archive"":""terminal_persistent"",""capacity_bytes"":1048576,""checkpoint"":""2026-07-15T00:00:00Z"",""delay_us"":0,""feed_lag_us"":5000000,""feed_poll_interval_us"":60000000,""interval_us"":900000000,""order"":""forward"",""phase"":4,""phase_us"":60000000,""policy"":""PCD"",""q"":null}"
734,ae88748119360f921de957e024ecee5a59091cc0d6420522cfee4844c5c892b9,A-live,"{""archive"":""terminal_persistent"",""capacity_bytes"":1048576,""checkpoint"":""2026-07-15T00:00:00Z"",""delay_us"":0,""feed_lag_us"":5000000,""feed_poll_interval_us"":60000000,""interval_us"":900000000,""order"":""forward"",""phase"":5,""phase_us"":75000000,""policy"":""PCD"",""q"":null}"
735,5cf88bf028eb91ecae1e51f1d85c2ee203a56ca88301a495db5288f51616edd1,A-live,"{""archive"":""terminal_persistent"",""capacity_bytes"":1048576,""checkpoint"":""2026-07-15T00:00:00Z"",""delay_us"":0,""feed_lag_us"":5000000,""feed_poll_interval_us"":60000000,""interval_us"":900000000,""order"":""forward"",""phase"":6,""phase_us"":90000000,""policy"":""PCD"",""q"":null}"
736,d8b35dde457a5ae21d14c88a6f651898642f960ffbc8a6e165e2dfe2ace246ef,A-live,"{""archive"":""terminal_persistent"",""capacity_bytes"":1048576,""checkpoint"":""2026-07-15T00:00:00Z"",""delay_us"":0,""feed_lag_us"":5000000,""feed_poll_interval_us"":60000000,""interval_us"":900000000,""order"":""forward"",""phase"":7,""phase_us"":105000000,""policy"":""PCD"",""q"":null}"
737,494489b4b486b7fc8728bb23d41f727a64c84b435c36088d5dde35931a23db51,A-live,"{""archive"":""terminal_persistent"",""capacity_bytes"":1048576,""checkpoint"":""2026-07-15T00:00:00Z"",""delay_us"":0,""feed_lag_us"":5000000,""feed_poll_interval_us"":60000000,""interval_us"":900000000,""order"":""forward"",""phase"":8,""phase_us"":120000000,""policy"":""PCD"",""q"":null}"
738,3b8b73c2683e44634be7effa69fec6539506b57debf5d4a4df870b73ca8bdc65,A-live,"{""archive"":""terminal_persistent"",""capacity_bytes"":1048576,""checkpoint"":""2026-07-15T00:00:00Z"",""delay_us"":0,""feed_lag_us"":5000000,""feed_poll_interval_us"":60000000,""interval_us"":900000000,""order"":""forward"",""phase"":9,""phase_us"":135000000,""policy"":""PCD"",""q"":null}"
739,b4fba1766a2689a474937910379a3f9dd0d924e3973a60461f614287e91369f8,A-live,"{""archive"":""terminal_persistent"",""capacity_bytes"":1048576,""checkpoint"":""2026-07-15T00:00:00Z"",""delay_us"":0,""feed_lag_us"":5000000,""feed_poll_interval_us"":60000000,""interval_us"":900000000,""order"":""forward"",""phase"":10,""phase_us"":150000000,""policy"":""PCD"",""q"":null}"
740,5f7d53a9b6f3295824bdad83d0c003a7d2bc8be8b19f5bb1a9f3eb19ef2d6fe2,A-live,"{""archive"":""terminal_persistent"",""capacity_bytes"":1048576,""checkpoint"":""2026-07-15T00:00:00Z"",""delay_us"":0,""feed_lag_us"":5000000,""feed_poll_interval_us"":60000000,""interval_us"":900000000,""order"":""forward"",""phase"":11,""phase_us"":165000000,""policy"":""PCD"",""q"":null}"
741,1797b1fcbf7260c631ad98bbc2037242549b7b0f17735f2e85dbc9eb2cebb8f4,A-live,"{""archive"":""terminal_persistent"",""capacity_bytes"":1048576,""checkpoint"":""2026-07-15T00:00:00Z"",""delay_us"":0,""feed_lag_us"":5000000,""feed_poll_interval_us"":60000000,""interval_us"":900000000,""order"":""forward"",""phase"":12,""phase_us"":180000000,""policy"":""PCD"",""q"":null}"
742,87ac3d07a89d978016dab7c8f15a3a1aef2b26b98ed5221cbefca712881f4967,A-live,"{""archive"":""terminal_persistent"",""capacity_bytes"":1048576,""checkpoint"":""2026-07-15T00:00:00Z"",""delay_us"":0,""feed_lag_us"":5000000,""feed_poll_interval_us"":60000000,""interval_us"":900000000,""order"":""forward"",""phase"":13,""phase_us"":195000000,""policy"":""PCD"",""q"":null}"
743,a6d4d71f7454a89ef0c1a0b5fa41959df9a270e44eb9b77767e3ef83a29b0281,A-live,"{""archive"":""terminal_persistent"",""capacity_bytes"":1048576,""checkpoint"":""2026-07-15T00:00:00Z"",""delay_us"":0,""feed_lag_us"":5000000,""feed_poll_interval_us"":60000000,""interval_us"":900000000,""order"":""forward"",""phase"":14,""phase_us"":210000000,""policy"":""PCD"",""q"":null}"
744,b58b326b34df9252713d28af5b05f3803d035b2d1479ff9b433395c56d11d06d,A-live,"{""archive"":""terminal_persistent"",""capacity_bytes"":1048576,""checkpoint"":""2026-07-15T00:00:00Z"",""delay_us"":0,""feed_lag_us"":5000000,""feed_poll_interval_us"":60000000,""interval_us"":900000000,""order"":""forward"",""phase"":15,""phase_us"":225000000,""policy"":""PCD"",""q"":null}"
745,5d990dc9274d8c4275b4fdb607880ff8d5e143905b045e44b40ea00d5d4384e1,A-live,"{""archive"":""terminal_persistent"",""capacity_bytes"":1048576,""checkpoint"":""2026-07-15T00:00:00Z"",""delay_us"":0,""feed_lag_us"":5000000,""feed_poll_interval_us"":60000000,""interval_us"":900000000,""order"":""forward"",""phase"":16,""phase_us"":240000000,""policy"":""PCD"",""q"":null}"
746,d686b543e2380e8791d0172f72be289a6ccb734ca8c23e010290a73515a55915,A-live,"{""archive"":""terminal_persistent"",""capacity_bytes"":1048576,""checkpoint"":""2026-07-15T00:00:00Z"",""delay_us"":0,""feed_lag_us"":5000000,""feed_poll_interval_us"":60000000,""interval_us"":900000000,""order"":""forward"",""phase"":17,""phase_us"":255000000,""policy"":""PCD"",""q"":null}"
747,064e41be708d1d3ffc6cac7b6ac45f5971dfa7296f75bfd179fc28c9d2bc4d89,A-live,"{""archive"":""terminal_persistent"",""capacity_bytes"":1048576,""checkpoint"":""2026-07-15T00:00:00Z"",""delay_us"":0,""feed_lag_us"":5000000,""feed_poll_interval_us"":60000000,""interval_us"":900000000,""order"":""forward"",""phase"":18,""phase_us"":270000000,""policy"":""PCD"",""q"":null}"
748,6cc06c32e29a9011ff38438240ab04abe861e80fcc50f0255dddbcd845a2723e,A-live,"{""archive"":""terminal_persistent"",""capacity_bytes"":1048576,""checkpoint"":""2026-07-15T00:00:00Z"",""delay_us"":0,""feed_lag_us"":5000000,""feed_poll_interval_us"":60000000,""interval_us"":900000000,""order"":""forward"",""phase"":19,""phase_us"":285000000,""policy"":""PCD"",""q"":null}"
749,ed3235feccd1083bf68bf98ce30d05691a71ff556dfc579e4111d95b39c77234,A-live,"{""archive"":""terminal_persistent"",""capacity_bytes"":1048576,""checkpoint"":""2026-07-15T00:00:00Z"",""delay_us"":0,""feed_lag_us"":5000000,""feed_poll_interval_us"":60000000,""interval_us"":900000000,""order"":""forward"",""phase"":20,""phase_us"":300000000,""policy"":""PCD"",""q"":null}"
750,ca516c61ae5f68958c982b80a070b4e51e01645b4668860e9e1202af128e616d,A-live,"{""archive"":""terminal_persistent"",""capacity_bytes"":1048576,""checkpoint"":""2026-07-15T00:00:00Z"",""delay_us"":0,""feed_lag_us"":5000000,""feed_poll_interval_us"":60000000,""interval_us"":900000000,""order"":""forward"",""phase"":21,""phase_us"":315000000,""policy"":""PCD"",""q"":null}"
751,b94145603cd9cac6ccdc65705ad433df68b460b53976454237dd3f5b44de8f36,A-live,"{""archive"":""terminal_persistent"",""capacity_bytes"":1048576,""checkpoint"":""2026-07-15T00:00:00Z"",""delay_us"":0,""feed_lag_us"":5000000,""feed_poll_interval_us"":60000000,""interval_us"":900000000,""order"":""forward"",""phase"":22,""phase_us"":330000000,""policy"":""PCD"",""q"":null}"
752,03bdfaafb13f24d7313fd0569cfc5d6b2bf43bc6dedc1c040eba95ab4318b14d,A-live,"{""archive"":""terminal_persistent"",""capacity_bytes"":1048576,""checkpoint"":""2026-07-15T00:00:00Z"",""delay_us"":0,""feed_lag_us"":5000000,""feed_poll_interval_us"":60000000,""interval_us"":900000000,""order"":""forward"",""phase"":23,""phase_us"":345000000,""policy"":""PCD"",""q"":null}"
753,f7c2716ccd759aa4bad7e520a9ede9282822090f762159bceaf8d36ea3a8d199,A-live,"{""archive"":""terminal_persistent"",""capacity_bytes"":1048576,""checkpoint"":""2026-07-15T00:00:00Z"",""delay_us"":0,""feed_lag_us"":5000000,""feed_poll_interval_us"":60000000,""interval_us"":900000000,""order"":""forward"",""phase"":24,""phase_us"":360000000,""policy"":""PCD"",""q"":null}"
754,5e6dcbfa38027ff4add6547b423e894b749394fb8c8745280c1f62efc1a1c45a,A-live,"{""archive"":""terminal_persistent"",""capacity_bytes"":1048576,""checkpoint"":""2026-07-15T00:00:00Z"",""delay_us"":0,""feed_lag_us"":5000000,""feed_poll_interval_us"":60000000,""interval_us"":900000000,""order"":""forward"",""phase"":25,""phase_us"":375000000,""policy"":""PCD"",""q"":null}"
755,5cadda5b2e1895b19c07c7ba484cb9ce24715698685d66c2187d618aee0da098,A-live,"{""archive"":""terminal_persistent"",""capacity_bytes"":1048576,""checkpoint"":""2026-07-15T00:00:00Z"",""delay_us"":0,""feed_lag_us"":5000000,""feed_poll_interval_us"":60000000,""interval_us"":900000000,""order"":""forward"",""phase"":26,""phase_us"":390000000,""policy"":""PCD"",""q"":null}"
756,af9a29961f6f0461ed5fbe9764f371c9b3bd19760068f0648a90d5cc8b8b4918,A-live,"{""archive"":""terminal_persistent"",""capacity_bytes"":1048576,""checkpoint"":""2026-07-15T00:00:00Z"",""delay_us"":0,""feed_lag_us"":5000000,""feed_poll_interval_us"":60000000,""interval_us"":900000000,""order"":""forward"",""phase"":27,""phase_us"":405000000,""policy"":""PCD"",""q"":null}"
757,1a229e29bee0dcd0d5dc1edec008d844b3dae7cda5d950d8d7080d7741aecc60,A-live,"{""archive"":""terminal_persistent"",""capacity_bytes"":1048576,""checkpoint"":""2026-07-15T00:00:00Z"",""delay_us"":0,""feed_lag_us"":5000000,""feed_poll_interval_us"":60000000,""interval_us"":900000000,""order"":""forward"",""phase"":28,""phase_us"":420000000,""policy"":""PCD"",""q"":null}"
758,75c0bf2dd45473169911165b52f473a7769614a8a8f1383b80a59016f0cdf02d,A-live,"{""archive"":""terminal_persistent"",""capacity_bytes"":1048576,""checkpoint"":""2026-07-15T00:00:00Z"",""delay_us"":0,""feed_lag_us"":5000000,""feed_poll_interval_us"":60000000,""interval_us"":900000000,""order"":""forward"",""phase"":29,""phase_us"":435000000,""policy"":""PCD"",""q"":null}"
759,f3b87dadf195c654998050f0a8592adc014b9aa8e3a8c135380de2b912fcbd0f,A-live,"{""archive"":""terminal_persistent"",""capacity_bytes"":1048576,""checkpoint"":""2026-07-15T00:00:00Z"",""delay_us"":0,""feed_lag_us"":5000000,""feed_poll_interval_us"":60000000,""interval_us"":900000000,""order"":""forward"",""phase"":30,""phase_us"":450000000,""policy"":""PCD"",""q"":null}"
760,207ca343ee18d7eb63ff5dc1472664887db5f36299ae9ce7d4a385cb5b4ca635,A-live,"{""archive"":""terminal_persistent"",""capacity_bytes"":1048576,""checkpoint"":""2026-07-15T00:00:00Z"",""delay_us"":0,""feed_lag_us"":5000000,""feed_poll_interval_us"":60000000,""interval_us"":900000000,""order"":""forward"",""phase"":31,""phase_us"":465000000,""policy"":""PCD"",""q"":null}"
761,2d7f38323fe9a9e1072d293cb60a3f49444a43c8248e656452be7dd9b274b42d,A-live,"{""archive"":""terminal_persistent"",""capacity_bytes"":1048576,""checkpoint"":""2026-07-15T00:00:00Z"",""delay_us"":0,""feed_lag_us"":5000000,""feed_poll_interval_us"":60000000,""interval_us"":900000000,""order"":""forward"",""phase"":32,""phase_us"":480000000,""policy"":""PCD"",""q"":null}"
762,6533815ffc8fde60cdfd148a532d2c11cec3e56a2ede78ed31f0951dec5976c7,A-live,"{""archive"":""terminal_persistent"",""capacity_bytes"":1048576,""checkpoint"":""2026-07-15T00:00:00Z"",""delay_us"":0,""feed_lag_us"":5000000,""feed_poll_interval_us"":60000000,""interval_us"":900000000,""order"":""forward"",""phase"":33,""phase_us"":495000000,""policy"":""PCD"",""q"":null}"
763,acdfc809d329587b3506934d0ef3a0201fb4eebc9cb132167612fb096bd20125,A-live,"{""archive"":""terminal_persistent"",""capacity_bytes"":1048576,""checkpoint"":""2026-07-15T00:00:00Z"",""delay_us"":0,""feed_lag_us"":5000000,""feed_poll_interval_us"":60000000,""interval_us"":900000000,""order"":""forward"",""phase"":34,""phase_us"":510000000,""policy"":""PCD"",""q"":null}"
764,f1eca8929c3d617b1edddf13c885dff471f9a6128c12bca40ccb60edf3e93a25,A-live,"{""archive"":""terminal_persistent"",""capacity_bytes"":1048576,""checkpoint"":""2026-07-15T00:00:00Z"",""delay_us"":0,""feed_lag_us"":5000000,""feed_poll_interval_us"":60000000,""interval_us"":900000000,""order"":""forward"",""phase"":35,""phase_us"":525000000,""policy"":""PCD"",""q"":null}"
765,ae1f3b1e144ed5a6b9503a700ebf06b7ed72e3f19e514cc591505a67504add14,A-live,"{""archive"":""terminal_persistent"",""capacity_bytes"":1048576,""checkpoint"":""2026-07-15T00:00:00Z"",""delay_us"":0,""feed_lag_us"":5000000,""feed_poll_interval_us"":60000000,""interval_us"":900000000,""order"":""forward"",""phase"":36,""phase_us"":540000000,""policy"":""PCD"",""q"":null}"
766,3020e1a9d891b38b8ce1875e0dceaa3099870b78c6c7240ec65de0f14e4c036e,A-live,"{""archive"":""terminal_persistent"",""capacity_bytes"":1048576,""checkpoint"":""2026-07-15T00:00:00Z"",""delay_us"":0,""feed_lag_us"":5000000,""feed_poll_interval_us"":60000000,""interval_us"":900000000,""order"":""forward"",""phase"":37,""phase_us"":555000000,""policy"":""PCD"",""q"":null}"
767,2d9275d6e6a50586f498c52f7cd45f77744fedd78a7037f198e553ea8ce07cd3,A-live,"{""archive"":""terminal_persistent"",""capacity_bytes"":1048576,""checkpoint"":""2026-07-15T00:00:00Z"",""delay_us"":0,""feed_lag_us"":5000000,""feed_poll_interval_us"":60000000,""interval_us"":900000000,""order"":""forward"",""phase"":38,""phase_us"":570000000,""policy"":""PCD"",""q"":null}"
768,f6864bd664f1743d55b89c764094ad9573de325e75ddab0c09d94eb79a81b6eb,A-live,"{""archive"":""terminal_persistent"",""capacity_bytes"":1048576,""checkpoint"":""2026-07-15T00:00:00Z"",""delay_us"":0,""feed_lag_us"":5000000,""feed_poll_interval_us"":60000000,""interval_us"":900000000,""order"":""forward"",""phase"":39,""phase_us"":585000000,""policy"":""PCD"",""q"":null}"
769,11686c5c943ae97e7d3c52efcb17e9c1586e9c888d8e4d076c838bb3ace9df82,A-live,"{""archive"":""terminal_persistent"",""capacity_bytes"":1048576,""checkpoint"":""2026-07-15T00:00:00Z"",""delay_us"":0,""feed_lag_us"":5000000,""feed_poll_interval_us"":60000000,""interval_us"":900000000,""order"":""forward"",""phase"":40,""phase_us"":600000000,""policy"":""PCD"",""q"":null}"
770,2fd84e48915dd434f1ab91e5afcc7d47670aaf2e031d41cefaec9ce3199672a0,A-live,"{""archive"":""terminal_persistent"",""capacity_bytes"":1048576,""checkpoint"":""2026-07-15T00:00:00Z"",""delay_us"":0,""feed_lag_us"":5000000,""feed_poll_interval_us"":60000000,""interval_us"":900000000,""order"":""forward"",""phase"":41,""phase_us"":615000000,""policy"":""PCD"",""q"":null}"
771,c5d650817de0af9ad04668efad184979908258882d9b3c25205a69bea8610d95,A-live,"{""archive"":""terminal_persistent"",""capacity_bytes"":1048576,""checkpoint"":""2026-07-15T00:00:00Z"",""delay_us"":0,""feed_lag_us"":5000000,""feed_poll_interval_us"":60000000,""interval_us"":900000000,""order"":""forward"",""phase"":42,""phase_us"":630000000,""policy"":""PCD"",""q"":null}"
772,8d43e3ba66c26d3355ae19aca2f2214d74b0429a430e13c486d92fb22dd0f501,A-live,"{""archive"":""terminal_persistent"",""capacity_bytes"":1048576,""checkpoint"":""2026-07-15T00:00:00Z"",""delay_us"":0,""feed_lag_us"":5000000,""feed_poll_interval_us"":60000000,""interval_us"":900000000,""order"":""forward"",""phase"":43,""phase_us"":645000000,""policy"":""PCD"",""q"":null}"
773,f912291e6d05be877f4f5fba67bd856f2602f4cf3b7ec4b9585a4807dc141d46,A-live,"{""archive"":""terminal_persistent"",""capacity_bytes"":1048576,""checkpoint"":""2026-07-15T00:00:00Z"",""delay_us"":0,""feed_lag_us"":5000000,""feed_poll_interval_us"":60000000,""interval_us"":900000000,""order"":""forward"",""phase"":44,""phase_us"":660000000,""policy"":""PCD"",""q"":null}"
774,3e8d49c69769e72348e419f188298102c27e927c7e3530ac0626dd0f9a78ca1e,A-live,"{""archive"":""terminal_persistent"",""capacity_bytes"":1048576,""checkpoint"":""2026-07-15T00:00:00Z"",""delay_us"":0,""feed_lag_us"":5000000,""feed_poll_interval_us"":60000000,""interval_us"":900000000,""order"":""forward"",""phase"":45,""phase_us"":675000000,""policy"":""PCD"",""q"":null}"
775,66522c3fc75689b58d0f3f5c059d858b5a10764544eb60b9f8e5f9bb43bfda5f,A-live,"{""archive"":""terminal_persistent"",""capacity_bytes"":1048576,""checkpoint"":""2026-07-15T00:00:00Z"",""delay_us"":0,""feed_lag_us"":5000000,""feed_poll_interval_us"":60000000,""interval_us"":900000000,""order"":""forward"",""phase"":46,""phase_us"":690000000,""policy"":""PCD"",""q"":null}"
776,12bcc6de112714bda596cc80716ddfcf83b59fbc53441ab5670dfcc6885449a4,A-live,"{""archive"":""terminal_persistent"",""capacity_bytes"":1048576,""checkpoint"":""2026-07-15T00:00:00Z"",""delay_us"":0,""feed_lag_us"":5000000,""feed_poll_interval_us"":60000000,""interval_us"":900000000,""order"":""forward"",""phase"":47,""phase_us"":705000000,""policy"":""PCD"",""q"":null}"
777,48a74914e8f74b36745e7ec9d1c41a5dd588efc183788df3658dcb0f58b9d794,A-live,"{""archive"":""terminal_persistent"",""capacity_bytes"":1048576,""checkpoint"":""2026-07-15T00:00:00Z"",""delay_us"":0,""feed_lag_us"":5000000,""feed_poll_interval_us"":60000000,""interval_us"":900000000,""order"":""forward"",""phase"":48,""phase_us"":720000000,""policy"":""PCD"",""q"":null}"
778,cf29759bb40daa3ff9bdc2f82ddf42c7927f037c7f8559e183def7ba6ab4cba1,A-live,"{""archive"":""terminal_persistent"",""capacity_bytes"":1048576,""checkpoint"":""2026-07-15T00:00:00Z"",""delay_us"":0,""feed_lag_us"":5000000,""feed_poll_interval_us"":60000000,""interval_us"":900000000,""order"":""forward"",""phase"":49,""phase_us"":735000000,""policy"":""PCD"",""q"":null}"
779,1cdf63460c80f5c9ed8fba93895b85e2f2c0e74e73491012e1bebabba4dd1620,A-live,"{""archive"":""terminal_persistent"",""capacity_bytes"":1048576,""checkpoint"":""2026-07-15T00:00:00Z"",""delay_us"":0,""feed_lag_us"":5000000,""feed_poll_interval_us"":60000000,""interval_us"":900000000,""order"":""forward"",""phase"":50,""phase_us"":750000000,""policy"":""PCD"",""q"":null}"
780,fa99f19737ccea0b03c7f1e74b6899a2b95729cafce8f1a2086e69707134fa11,A-live,"{""archive"":""terminal_persistent"",""capacity_bytes"":1048576,""checkpoint"":""2026-07-15T00:00:00Z"",""delay_us"":0,""feed_lag_us"":5000000,""feed_poll_interval_us"":60000000,""interval_us"":900000000,""order"":""forward"",""phase"":51,""phase_us"":765000000,""policy"":""PCD"",""q"":null}"
781,e86453ae37ead67a772a68fa1df6e5c398743eb5cfef0afd64c7867bf262d6a3,A-live,"{""archive"":""terminal_persistent"",""capacity_bytes"":1048576,""checkpoint"":""2026-07-15T00:00:00Z"",""delay_us"":0,""feed_lag_us"":5000000,""feed_poll_interval_us"":60000000,""interval_us"":900000000,""order"":""forward"",""phase"":52,""phase_us"":780000000,""policy"":""PCD"",""q"":null}"
782,f278cbb6eaba9dd5b98449dce3d40122522e09858ca832c81c7036ca034935c6,A-live,"{""archive"":""terminal_persistent"",""capacity_bytes"":1048576,""checkpoint"":""2026-07-15T00:00:00Z"",""delay_us"":0,""feed_lag_us"":5000000,""feed_poll_interval_us"":60000000,""interval_us"":900000000,""order"":""forward"",""phase"":53,""phase_us"":795000000,""policy"":""PCD"",""q"":null}"
783,43df9717a2cc6344fb6a727d59a453cb7aa67694125f45a902162767dd6c8a40,A-live,"{""archive"":""terminal_persistent"",""capacity_bytes"":1048576,""checkpoint"":""2026-07-15T00:00:00Z"",""delay_us"":0,""feed_lag_us"":5000000,""feed_poll_interval_us"":60000000,""interval_us"":900000000,""order"":""forward"",""phase"":54,""phase_us"":810000000,""policy"":""PCD"",""q"":null}"
784,0ee09b0b69a68098eee708b581525fd3fc436604ed564bcfb97e9f902443fd54,A-live,"{""archive"":""terminal_persistent"",""capacity_bytes"":1048576,""checkpoint"":""2026-07-15T00:00:00Z"",""delay_us"":0,""feed_lag_us"":5000000,""feed_poll_interval_us"":60000000,""interval_us"":900000000,""order"":""forward"",""phase"":55,""phase_us"":825000000,""policy"":""PCD"",""q"":null}"
785,dbe41895eb7b10762b2ed575cc27e79cb036669a4245c5e3dc5030ab48ad3d75,A-live,"{""archive"":""terminal_persistent"",""capacity_bytes"":1048576,""checkpoint"":""2026-07-15T00:00:00Z"",""delay_us"":0,""feed_lag_us"":5000000,""feed_poll_interval_us"":60000000,""interval_us"":900000000,""order"":""forward"",""phase"":56,""phase_us"":840000000,""policy"":""PCD"",""q"":null}"
786,8832ecd5d305ea6a5d83f9648891461216bb03986402ffae1fbe395de02ce395,A-live,"{""archive"":""terminal_persistent"",""capacity_bytes"":1048576,""checkpoint"":""2026-07-15T00:00:00Z"",""delay_us"":0,""feed_lag_us"":5000000,""feed_poll_interval_us"":60000000,""interval_us"":900000000,""order"":""forward"",""phase"":57,""phase_us"":855000000,""policy"":""PCD"",""q"":null}"
787,812abe96283c441a390bdb11bb4d4e346aa30fffee67c558164bcee9e21d6275,A-live,"{""archive"":""terminal_persistent"",""capacity_bytes"":1048576,""checkpoint"":""2026-07-15T00:00:00Z"",""delay_us"":0,""feed_lag_us"":5000000,""feed_poll_interval_us"":60000000,""interval_us"":900000000,""order"":""forward"",""phase"":58,""phase_us"":870000000,""policy"":""PCD"",""q"":null}"
788,efc7f7d21df3e9fb9783e0c7acf7c802492b9bb85f3c1ff51b387b88589a09f1,A-live,"{""archive"":""terminal_persistent"",""capacity_bytes"":1048576,""checkpoint"":""2026-07-15T00:00:00Z"",""delay_us"":0,""feed_lag_us"":5000000,""feed_poll_interval_us"":60000000,""interval_us"":900000000,""order"":""forward"",""phase"":59,""phase_us"":885000000,""policy"":""PCD"",""q"":null}"
789,645e32e526e1739442b48582ac9557fca9ba4f832d5b1f903259833ab77bcbf0,A-live,"{""archive"":""terminal_persistent"",""capacity_bytes"":1048576,""checkpoint"":""2026-07-15T00:00:00Z"",""delay_us"":0,""feed_lag_us"":5000000,""feed_poll_interval_us"":60000000,""interval_us"":null,""order"":""forward"",""phase"":null,""phase_us"":null,""policy"":""E"",""q"":30}"
790,784bb3ea1ae6b7935d2a5987ae0710a5ea8a011b6ca98c674f9850f89c6837f3,A-only,"{""archive"":""terminal_persistent"",""capacity_bytes"":1048576,""checkpoint"":""2026-07-15T00:00:00Z"",""delay_us"":0,""feed_lag_us"":5000000,""feed_poll_interval_us"":60000000,""interval_us"":null,""order"":""forward"",""phase"":null,""phase_us"":null,""policy"":""A-only"",""q"":null}"
791,8ca4296df3733a876ded54a137827d9c2105875980141442bfbab67fedff65a4,A-only,"{""archive"":""terminal_persistent"",""capacity_bytes"":null,""checkpoint"":""2026-07-15T00:00:00Z"",""delay_us"":0,""feed_lag_us"":5000000,""feed_poll_interval_us"":60000000,""interval_us"":null,""order"":""forward"",""phase"":null,""phase_us"":null,""policy"":""A-only"",""q"":null}"
