path,bytes,sha256,records,inspection
.gitattributes,765,8525f26c6affa411b82453880ed5bb3290ddf4d5ed9a21afe7ac6566c26323c6,,byte inventory
.gitignore,103,63fcc65f5e92d0a2d165641b51883a69c1b614e6eaf1ce761f5872dd48b3ee4f,,byte inventory
annotations/A03_PILOT_HANDOFF.md,4956,7b07381fc9af69faddb07697c328b8c161a56c903a98c361daa34cb9b6842f74,63,text indexed; targeted review separately documented
annotations/A11_BENCHMARK_SPEC.md,5016,d9deac839b2a3972af50ad1f4aa4f99cc2746e2178fe14a7cf5f3d12ee3bd276,46,text indexed; targeted review separately documented
annotations/adjudication.csv,12073,aaab09f6afae45b19b97b232d52ccdf827572715edb5638edfcad2322471fcf1,65,CSV parsed; structural inspection
annotations/context_eligibility.jsonl,31916,59affb8ad353e87b98b00be21b75f22934a4c8eb3025e9384d31e79e7ba38034,65,JSON parsed; structural inspection
annotations/context_eligibility_DRAFT_SAM.jsonl,26520,04d1ce409060afa08ded805dca56562e9a7b8c625cdf51f134a80e07620845bf,65,JSON parsed; structural inspection
annotations/context_fragments.jsonl,7743,485e8897dbd9c8bea51ef1e2ec000653612b5539122b52db820e9945317848bd,10,JSON parsed; structural inspection
annotations/context_fragments_DRAFT_SAM.jsonl,29573,d519ea18f8da23231bf072bdd4d4dbf7e72ee7cb5c1e107428a3fde149f161e5,65,JSON parsed; structural inspection
annotations/context_occurrences.jsonl,43906,040a4c8c5bff7b34428212470b1b036feab9331f02c4704a0ba80c5beefaa2f3,101,JSON parsed; structural inspection
annotations/eligibility.jsonl,50727,acb0ef84d749e42f9bac2786b1ceb7903a76bfdeae930eac98341109788f674a,65,JSON parsed; structural inspection
annotations/evidence.jsonl,105683,2efff9113056a797614de940c28b3fe1f5aac301fdaf3250c8fc83978c88565b,65,JSON parsed; structural inspection
annotations/occurrences.jsonl,754076,02542d8e78b640da45f05cc1376c92226c459c44cdcbc1f782e022b932ad0c9d,1421,JSON parsed; structural inspection
annotations/rubric.md,7221,4588d7558af7ed3c04392869256f10b822784d4207454a58906a22657240eb20,102,text indexed; targeted review separately documented
annotations/splits.json,20788,46db260749340a6a37bc08bf7b1e6b5f1b386cc99063971e1b5f37c66eca84c9,1,JSON parsed; structural inspection
audit/A11_CONTEXT_AXIS_INDEPENDENT_CHECK.md,7728,48a2f4f184adbe1373cf82098fe72ad4ef8c80b379d33cf871547f40d822b408,50,text indexed; targeted review separately documented
audit/A11_CONTEXT_RECONCILIATION.md,17028,bd85ffc769d51b454aba0976409acb991c28567db6e10de17c154009e52e7352,161,text indexed; targeted review separately documented
audit/A11_ENCODING_PROVENANCE_REPAIR.md,13401,ea637f77ca4557038491de641ffb7b4259d893685720bcfff02b60a5de3deb08,116,text indexed; targeted review separately documented
audit/A11_INDEPENDENT_VERIFICATION.md,8959,7e6da7572cb0f7fd6cb0a8de7f61523f5db04606c1b0edddcd1f37121a2af335,119,text indexed; targeted review separately documented
audit/A11_ITEMS_CDE_PROGRESS.md,8332,c6668b97d6c8ad69dbd54e03646ce23d258783883fbe242508da31727148611f,108,text indexed; targeted review separately documented
audit/A11_PROP61_GROUNDABILITY_REVERIFICATION.md,13572,810501570dcf793aa5efeb05a414fcac6c27c5aec4759da039f041ad349727db,232,text indexed; targeted review separately documented
audit/count_x13_requests.py,6862,b7b171526693aff042c4147610fe4668c018c36ac97a78bb169da6f84a0121aa,159,text indexed; targeted review separately documented
audit/E08_NEUTRALITY_AUDIT.md,13190,7fdabf93636f969c68e4a4a279f382754c3169eaefc9d2430d7e5f7fe8ad5a69,64,text indexed; targeted review separately documented
audit/E10_CROSS_POLICY_AUDIT.md,15718,3e3eeec5e6d537e614de78a98dde79bcbd7115b2bfa8d0c3b37f8012124c8501,204,text indexed; targeted review separately documented
audit/E12_INDEPENDENT_ACCEPTANCE.md,24008,6ccf6eb15ce2d8fe87d222e8b077e588291258664ed0a428658d2bb4da0c7719,321,text indexed; targeted review separately documented
audit/FINAL_PRE_X13_INDEPENDENT_READINESS.md,31898,a75058e4026aec1bf89736d4cc2aa70539270c7e049a11e2adf8d514ae629ce5,161,text indexed; targeted review separately documented
audit/FINAL_REPORT_AUDIT.md,6444,a3dd083dbbff15963dad11bfc36a3634d445ae2c84e6dcd569a6a3ab5fd0c9bc,60,text indexed; targeted review separately documented
audit/final_report_repository_scan.py,6226,a33c0c78d7df70a69ec85b745f6f9de5ebdb6ad45aa4db2d2cffb3f7abce8811,108,text indexed; targeted review separately documented
audit/independent_replay.py,19253,d88e166103a7790f2a9554d4ab7a287d0170e793943d590889c4639c9f36e124,436,text indexed; targeted review separately documented
audit/JASWIN_V02_RECONSTRUCTION.md,109548,29773cc6ada6c3e38ccc0ce21327d06d537e7b9d8d8c27050f4ffe7b52b29eee,625,text indexed; targeted review separately documented
audit/near_copy_search_DRAFT_SAM.py,2105,1ee74d0895e16fc7c09afe1f16772b6c2da08389476c43b41bf74f69286e4749,55,text indexed; targeted review separately documented
audit/occurrence_census_candidates.json,2,4f53cda18c2baa0c0354bb5f9a3ecbe5ed12ab4d8e11ba873c2f11161202b945,1,JSON parsed; structural inspection
audit/occurrence_census_search.py,3947,ef48cb1e7731df3d6f0f9cae3e191326697a6302b95bd168d2eab39ddd6e2e6f,90,text indexed; targeted review separately documented
audit/Open Notebook.onetoc2,6248,d9e9dfe6f3f4d056d8ec19ed9a2370fdc90b08e62295656049ece3ae98908818,,byte inventory
audit/profile_x13_collection.py,3013,2566142567195462d120c2b679a1f2dbab3df6492e3d30e1d538ebb3380822fe,73,text indexed; targeted review separately documented
audit/R04_ACCOUNTING_VERIFICATION.md,9723,dc177bfdb8a80f736f3d5a5e6c7f705925d45c914704523e5401c9c81445f6a1,81,text indexed; targeted review separately documented
audit/raw_export_hash_verification.csv,1454,999411ddc70b959dfd3364cd48643e69fbb4842096957584a69e303a4f267af1,5,CSV parsed; structural inspection
audit/reconstruction_checks.csv,74354,776bbce411e716d27dabc8502d127026b39c572d945eec393585f3f39c5b791f,321,CSV parsed; structural inspection
audit/SAM_RESPONSE_TO_PRE_RESULTS_AUDIT.md,12981,5dc320a2d77f0c31a68b79c5ec337029f8a49dd48ab196451c918b2cef06dd08,167,text indexed; targeted review separately documented
audit/scratch_controls_gate2_check.py,30546,c3b9796fc068abb0faa5ea262965a6d030242496f9793833591ca2b2cfd9d447,530,text indexed; targeted review separately documented
audit/scratch_e12_gate2_check.py,35127,67440f7f2a4d2be3c38a45567a13480c8effa414acc400cd817bd94e91657822,526,text indexed; targeted review separately documented
audit/scratch_observer_gate2_check.py,31316,f601ec4c5f5f6e5b49a3a7e766d87134efa42b8a60a9da769cec3726ebfc0a07,679,text indexed; targeted review separately documented
audit/scratch_runner_gate2_check.py,15282,4b3f677d7bb780014341f5c13b24e7e42474356db03adec680dee164eca37eaf,294,text indexed; targeted review separately documented
audit/smoke_event_derived.py,1925,a2a6c91605fdc31d1f4a3c3734495a0b2f46f1336aeb32e3417ef6fd64887a21,54,text indexed; targeted review separately documented
audit/smoke_periodic.py,2288,bb72e4d845bdb11abdcde7984dcefa6be87e63f1a7f248170a7df45f75d9da26,63,text indexed; targeted review separately documented
audit/UBAYD_FINAL_ENGINEERING_READINESS.md,15840,b9b48d0d0aba42e036b30d58629c0ba0eaff1825431561ff784f2f56ceef8204,308,text indexed; targeted review separately documented
audit/V02_ADJUDICATION_2026-09-12.md,11367,d4e6d4c00dcc8dc36838f96f593937298051dea68bdb85bb9a2a35e04d13cfba,89,text indexed; targeted review separately documented
audit/V07_BLIND_VALIDATION.md,17157,539b179f8d254a3667c881503a5b4d708d8fd2076595a2616204682627e52459,127,text indexed; targeted review separately documented
audit/V07_SECOND_BLIND_RECONSTRUCTION.md,16007,027f7810f9028f33cbe5602a0d63c604fe82ed086fcbcdfd30b420889082a71e,167,text indexed; targeted review separately documented
audit/verify_a11_independent.py,14013,15a02894f66d6debae4b298b6fc868f0eb82323c17be1174aed317eccf8331c2,235,text indexed; targeted review separately documented
audit/verify_accounting.py,17787,8371599c431608a3dec8608382f7c2b6e4164e0ab7cb2dfac24e527cc33164f7,304,text indexed; targeted review separately documented
audit/verify_ahi_against_real_code.py,8104,5e15463821abb497294758ed9ed7bd4c8452efcb5fb371cdda62de8a11ad6249,125,text indexed; targeted review separately documented
audit/verify_annotations.py,7801,7e05885fd2ca8ecbf377e638a4d341f7ae4d57565b053fd5124e3a4602baa4e9,172,text indexed; targeted review separately documented
audit/verify_collectors_cross_policy.py,39882,69c9ce3492dcf9ffae4e75daebca8875ee47d7f715c68626e2e5ba200d8cd5c1,594,text indexed; targeted review separately documented
audit/verify_e08_neutrality.py,23417,4a6ea8538f4f8f8a58f3f848a43f94acbf11f8214267adccacd50e6b54a67918,369,text indexed; targeted review separately documented
audit/verify_e12_independent.py,23781,8f0590759fb6338d07cbe9c34e2db808a43e65b3d728c946282f38809861e904,372,text indexed; targeted review separately documented
audit/verify_final_context.py,3747,856163ca48435789bb7ee68bd420b93fdad19f705abe5126838a49a6a58f6038,68,text indexed; targeted review separately documented
audit/verify_final_x13_readiness.py,18468,fe7ff37641f5548e6b168238f44f44881bf8dcdae0e4905680e24c868ff06ec1,297,text indexed; targeted review separately documented
audit/verify_hashes.py,2102,f3c4e0dc75652876ff29f613c2420428b18af79d3c96c1e75666ac2e3caa503b,48,text indexed; targeted review separately documented
audit/verify_performance_equivalence.py,10476,67b686f7b37a2681ab6070032cef4f0d8dcb5b9de48401fa03a22f94f4480d40,230,text indexed; targeted review separately documented
audit/X01_X02_A04_FIXES.md,8798,3ecefdfb9cde5f498d58727a52cdaadd7c1197cc4e05110ae25b9fd1adac0bc9,114,text indexed; targeted review separately documented
audit/X13_FAILED_RUN_PRESERVATION.md,973,72e0c6eeaaf4c35a80f713af18c9ea2d9947beef8943d817d9e8d374327eccb2,19,text indexed; targeted review separately documented
audit/X13_PERFORMANCE_DIAGNOSIS.md,5680,262779dd4513d29a84239e952413955538692254d6dee5039eddf35ce9db1ba9,102,text indexed; targeted review separately documented
audit/X13_RUNTIME_SCOPE_EVIDENCE.md,3259,408ce35435f4ed1503e27cf570e6f7a32be00374975901fcb67e7a59288c1ce9,65,text indexed; targeted review separately documented
configs/x13_deadline_v1.json,610,c5a1d7812fa36da10e200bd83897d11a957f8c51f2ebebfa89e321071d1c219b,1,JSON parsed; structural inspection
configs/x13_runtime_v2.json,7571,ae1d74e676e0c394ffd4ea3dd850477552014af20b7a9d771974928c61c06b3d,1,JSON parsed; structural inspection
data/raw/export/events.jsonl,8543896,588584295f1c4a7c3d90b04075ab151504f165ff069534d935cda08853ec28b1,19913,JSON parsed; structural inspection
data/raw/export/labels.jsonl,1471940,d94aecd84baecda46344f5b8726a95a9c81e7e41a1c0969fc89a90c8906f0388,3103,JSON parsed; structural inspection
data/raw/export/manifest.json,62254,b6d53e16b5d9a6a0a98d4577238835ee7a574d7d10a8f1312330b4e626c6ba2b,1,JSON parsed; structural inspection
data/raw/export/pages.jsonl,2973326,92b296170b496b836cdf5ef783bed9465d2d75db7e1a0becec1c36c8b7c42cfd,4579,JSON parsed; structural inspection
data/raw/export/revisions.jsonl,41521492,60df4a515178230aa952d9f64f6215aea4bd95ab2f05e31e484cf9b887e3f793,14591,JSON parsed; structural inspection
data/raw/export/SHA256SUMS,398,4c09a28dcda5d24506c31fe78029103a5cf90b4813c76f1d4db40613f3251d12,,byte inventory
data/raw/full-wiki-logs.zip,4228605,eb68aa12d26bf189d8bfc4ce47f4d8af66ae5ba7ebbadd429738297a3cbb25ae,,byte inventory
docs/A11_CONTEXT_AXIS_DRAFT_SAM.md,7492,ab5708da3d670093aafffb0972f892479cff02e5099f9024d214644e2fcb1570,100,text indexed; targeted review separately documented
docs/Astra_Project_Selection_Analysis.md,95081,6f84c0ed04924f8eec81cd16147a8bb0cc1e93669a09af97ce6e37a982ab3065,2026,text indexed; targeted review separately documented
docs/DATA_AUDIT_2026-09-12.md,19564,d212a8dcaddddaa85c2c1ec439006a58b97996284eafc3ab1605386850c06b5e,155,text indexed; targeted review separately documented
docs/E05_TYPED_LOADER.md,2861,15a864071ed320dbcc0c8b08aa0c7954e0b92500fa9d10243f510fb142dc86f8,55,text indexed; targeted review separately documented
docs/E06_FIXTURE_BUNDLE.md,19019,ed8fcec3116519661269adaa783ab5cd9e159108d41f5f5f759f0681554d3499,224,text indexed; targeted review separately documented
docs/E06_IMPLEMENTATION_CONTRACT.md,17320,19560be596244b1c92720fbc5fecc73bab6845fc7a6110489d4332f97a17cd58,121,text indexed; targeted review separately documented
docs/E06_TIMELINE_ENGINE.md,6334,ec9853d684ed2d95465f8f0425698e6e3f2cab270d612146dcff11d68047513e,121,text indexed; targeted review separately documented
docs/E08_OBSERVER_STORAGE.md,7237,0d3cf6475dce6613e62177bf88e61ed26bdf0f3226371f28be2220d2c04fa2dd,128,text indexed; targeted review separately documented
docs/E09_PERIODIC_COLLECTORS.md,5648,b21c796e333ef5846badad75713149a74e5f7022864c53876bca94ad3a7b6cd3,112,text indexed; targeted review separately documented
docs/E10_EVENT_DERIVED_COLLECTOR.md,4202,443e0c79131c94038a900c249dbceb71cc4a5e78f80e25eee1a3bad80c520b39,74,text indexed; targeted review separately documented
docs/E12_EVALUATOR.md,8208,7f48ddcc388e89a70148b51e625ad8dc9014c6ce491f6643407dc6c7fb68a9bf,75,text indexed; targeted review separately documented
docs/E12_SUBSTRATE.md,6851,c2d75a948e53cb1b4e614042fc0ced2f3ae7457d111f489b07b73f4aa566802b,86,text indexed; targeted review separately documented
docs/EXECUTION_SPEC_v0.1.md,46301,988f273fbc282a772007f4e5f19d530f4dbe82afe0421ba0e440098086e7df23,308,text indexed; targeted review separately documented
docs/FINAL_PRE_X13_FREEZE.md,41025,167fc474e1741444ca55f13c6344f4ed3adfc5a0cb70033b5cf1501ae24fb2c2,233,text indexed; targeted review separately documented
docs/FINAL_X13_RUNTIME_AMENDMENT.md,19706,8d7b58492058085cf7277dc1f744598df282735e6fc396d2ef447a9624353ad0,312,text indexed; targeted review separately documented
docs/Hackathon_AI_Context.md,15314,68e8108c13e7db1f8bdc716759e3a4fc5ee01c13a66b4c9b8380896d9f3889b1,463,text indexed; targeted review separately documented
docs/Hackathon_Judging_Submission_Requirements.md,18076,7b0df9b761333c9d1ad2bcf0320c4de1b4bcb57a907bee9960227e5917ba5b83,606,text indexed; targeted review separately documented
docs/Hackathon_Track_Analysis_Context.md,26533,cf0b7873bdb97aa13871b7886f2f7aea69b852e1ac555e282e4f920450a58cc3,902,text indexed; targeted review separately documented
docs/JUDGE_WALKTHROUGH.md,12901,4f19172628bed23cb1dbde734f2d886b1ba43b9d6c108711021862dc41d7229d,155,text indexed; targeted review separately documented
docs/Official_Sprint_Landing_Page.md,4403,34a2c1d5c82a7439b9c6852c672e75c2e83ab6108d21e3e5951dfd8915ae4460,45,text indexed; targeted review separately documented
docs/PRE_RESULTS_AUDIT.md,51332,c0ea03de8fbded9117336b6f8e0221d755aa007e78f5c530f58bd36fb0e5b259,298,text indexed; targeted review separately documented
docs/PRE_RESULTS_CLOSURE.md,43509,0a4bfd65ff0000acd579d18b7bce1948d1fbac921e255e8b0d1e0c806b1fac94,268,text indexed; targeted review separately documented
docs/Project_Selection_Team_Brief.md,11419,13f95e08e383b374303b96fcf09da57f45a37609bf7267af5bfb0fd611284387,149,text indexed; targeted review separately documented
docs/PROJECT_STATUS.md,12566,8d77774f30a0ffe296ef0aa9b79014c56db3a411531f3355dba16c7f3afab948,90,text indexed; targeted review separately documented
docs/R04_ACCOUNTING_AMENDMENT.md,24499,3ccd0a5566cb31546455bc1a98b56bcc4369ea1d4e78f3f9f95f8e1adf573fbb,157,text indexed; targeted review separately documented
docs/R04_FROZEN_SPEC.md,15909,7185db17182501873ba63c97bacf08cc2b3707c5332f9b9f9a33238e7954a0ee,80,text indexed; targeted review separately documented
docs/R04_PRE_FREEZE_DECISIONS.md,29036,9d5762d2dc77ef6320e16965ba45ab4c280bd0e54d7d1fb51b434661359e0e23,117,text indexed; targeted review separately documented
docs/V02_ADJUDICATION.md,18024,0b5d76b25e9d54ce0dcd75798e1ca5608f4f9af0294377c3f2416b2e2e4a2ab4,103,text indexed; targeted review separately documented
docs/V02_INDEPENDENT_RECONSTRUCTION_2026-09-12.md,17617,ef9fa94220504dd0b924b1adcf819379155ffc2a233d3b8467816881c7ccebbb,135,text indexed; targeted review separately documented
docs/X13_REPRODUCIBILITY.md,1143,b5de348a87223a6565ea7b9b994272b89ea9bd71d10b93950918582b8467f3e8,22,text indexed; targeted review separately documented
docs/X13_RUN_CONTRACT.md,53693,8de39c68dcc6858a8d7d53a110124854ab9d3f520768787743120cafa3e05d63,277,text indexed; targeted review separately documented
evidence_timeline/CORRECTIONS.md,2723,654f909ba18c7e1196a043f6604fc778a57335564ab1349a8e8d7d050f59f5aa,51,text indexed; targeted review separately documented
evidence_timeline/evidence_timeline.csv,4179,6d2ce0ccad02bd8a9258d4c1a0eed6aa181fc564c6918e8e7ce32aa815571c3b,20,CSV parsed; structural inspection
evidence_timeline/methodology.md,3900,83bc3a691144f132357e09ba571f53cd4013c80b1b4993d0879e5327e6b430f1,76,text indexed; targeted review separately documented
evidence_timeline/README.md,2598,501cd3b3fa4a2c83f30a20de868722f1eec06eb2802fcfda041fd4e59afa6a0a,53,text indexed; targeted review separately documented
evidence_timeline/verify_events.py,3885,65d7de09a5e8d367dd225dae3094aab72fa72bf39446a346a017c435fb7d7163,111,text indexed; targeted review separately documented
figures/case_walkthrough.svg,5591,b28c8c7b491e23ff95188017b2fd5c6864a72c5c60330f30e4b3f57983d4b802,57,text indexed; targeted review separately documented
figures/coverage_cost.svg,4621,52466b17d19d3a0ad360a685d6a4cf66fa260eb7875563649f5bc5b134bd9258,52,text indexed; targeted review separately documented
LICENSE,1090,f8edb289ea1a402b7f1fa230b4ce3606a08bd99c707b3e470c1424f42427d9d7,,byte inventory
README.md,5728,0770925d51dfa85a0fa3f4e0c5653ddbb7ea2fad1c15393777635605ceea5a59,111,text indexed; targeted review separately documented
report/Open Notebook.onetoc2,6152,66315fd9dcf589ebfa918dfd7705d0a7f7e5edfd1b06cfcd06b91d2a6abe721e,,byte inventory
report/report.tex,32070,1bc9df1da5c6dd743f998e32ee428a8ab6e4f134dff7b99de0cd94c961a01da0,245,text indexed; targeted review separately documented
report/X13_RESULTS_HANDOFF.md,5230,3cf42b5b8158d5d20c585ee1980188329d80ce5571652e029f103287444dbfb8,73,text indexed; targeted review separately documented
runs/FINAL_PRE_X13_DEADLINE_v1/freeze/benchmark_manifest.json,1084,1b738a0bcb84fde7a9cc8985ac54089459608dbf7ad47358ecc006371297e1cf,1,JSON parsed; structural inspection
runs/FINAL_PRE_X13_DEADLINE_v1/freeze/configuration_manifest.csv,283240,6541da7ab127a49bb2df8a17c90786952bc57563bd8125453097d44d2fa97b26,791,CSV parsed; structural inspection
runs/FINAL_PRE_X13_DEADLINE_v1/freeze/manifest.sha256,84,2f008370fa1af8496327688be6c96ab10b83ea71b01a611d4bc9ee349c13269e,,byte inventory
runs/FINAL_PRE_X13_DEADLINE_v1/freeze/omitted_scope.csv,769,a6e3574468639e663dee87e4ad5b3dc871fbe66a7bbbc58a294d39b68f0bf8b2,12,CSV parsed; structural inspection
runs/FINAL_PRE_X13_DEADLINE_v1/freeze/run_manifest.json,2053,5ac8b2a7cbda11710d03c597a88ad30dc38ffa3bb9434ffa9a1656e455ea14c5,1,JSON parsed; structural inspection
runs/FINAL_PRE_X13_DEADLINE_v1/freeze/stable_support_intervals.jsonl,442253,78081b810fbcc277cdeade86f6dd61d4ca4fd25025d57c94f353329095787093,1522,JSON parsed; structural inspection
runs/FINAL_PRE_X13_DEADLINE_v1/gate2_authorization.json,244,96776f43e3b2e6424a967799d549868d532080b939d8d07eaf2275a1c2a759ad,1,JSON parsed; structural inspection
runs/FINAL_PRE_X13_DEADLINE_v1/results/admissibility.csv,63,946aae3530328a5f7a48ab8e848cb52359c53733787cdefa4285c849c45955bd,0,CSV parsed; structural inspection
runs/FINAL_PRE_X13_DEADLINE_v1/results/all_configurations.csv,33,00c9b6e3c1e0b54571c878e2e3fc2c15d7d416106b04c764284d5491912d8d00,0,CSV parsed; structural inspection
runs/FINAL_PRE_X13_DEADLINE_v1/results/archive_sensitivity.csv,26,5b9f931fc45696864ce2ca81100e79104482cb670f6229acb3bafb939231d893,0,CSV parsed; structural inspection
runs/FINAL_PRE_X13_DEADLINE_v1/results/baseline_robustness.csv,20,47bafea75eec5e3ed66c612b2d50dbaae2101d2fa361055632b85fd001d42fb7,0,CSV parsed; structural inspection
runs/FINAL_PRE_X13_DEADLINE_v1/results/case_walkthrough.csv,27,711db31f8972d79a10c72577f664c2e9d1f1b7ac5d0fce476fb281b1cc5d3e44,0,CSV parsed; structural inspection
runs/FINAL_PRE_X13_DEADLINE_v1/results/chronology_sensitivity.csv,40,6e6b9d2cd88a09d068ca6805618429166d03acaf614150f72d6e17c7c0911941,0,CSV parsed; structural inspection
runs/FINAL_PRE_X13_DEADLINE_v1/results/completeness.csv,60,febc106715ab176663f27b33171cbf1a76b17e6232ee84baea3202886bdadc78,0,CSV parsed; structural inspection
runs/FINAL_PRE_X13_DEADLINE_v1/results/cost_envelopes.csv,44,b09f4b8c350fecc15dbfcc3486fa8d04333d9b98dec05dc2d7fea7ba659714bc,0,CSV parsed; structural inspection
runs/FINAL_PRE_X13_DEADLINE_v1/results/delay.csv,40,d587e3477cf8592c5257c580fa40bd4f55c9f20e008927d4e12d71914e3a1995,0,CSV parsed; structural inspection
runs/FINAL_PRE_X13_DEADLINE_v1/results/eligibility_missingness.csv,28,4b73d973e76983fa8e746d3002644412e4453057ef93d31a24cb414eb7983ae6,0,CSV parsed; structural inspection
runs/FINAL_PRE_X13_DEADLINE_v1/results/group_metrics.csv,49,22dc181980b87d96a44135f3bea2540516def9101292a26bfff374a4bc89f67d,0,CSV parsed; structural inspection
runs/FINAL_PRE_X13_DEADLINE_v1/results/group_robustness.csv,35,178ad726c297a1b9d794b0f8ef6cfee27ad514ff0655faef5b4473ffa8e77be1,0,CSV parsed; structural inspection
runs/FINAL_PRE_X13_DEADLINE_v1/results/headline.csv,51,a2b01286e8fee9b1c5345aa4f76fdca0834347d812e9cb229212a18257ffe49c,0,CSV parsed; structural inspection
runs/FINAL_PRE_X13_DEADLINE_v1/results/latency_checkpoint.csv,29,a52040f1a3b860c70e20e79435aa0a27b3ce9685a71baf697f915aff53333be0,0,CSV parsed; structural inspection
runs/FINAL_PRE_X13_DEADLINE_v1/results/overhead.csv,77,33122f40163e19c593116a38ace22a7eca91ff99392827ac8e329db5c350d2b3,0,CSV parsed; structural inspection
runs/FINAL_PRE_X13_DEADLINE_v1/results/phase_values.csv,19,5654e9b6aed93bc7c3de9667efee83f6c1dbdc313ce0f1fee0e0c8b450e4259b,0,CSV parsed; structural inspection
runs/FINAL_PRE_X13_DEADLINE_v1/results/reproducibility.md,356,7e3ec05422459827e1e80f600796787ff580cb444d093b053712121bd86c2077,3,text indexed; targeted review separately documented
runs/FINAL_PRE_X13_DEADLINE_v1/results/status_index.json,465,e9ec5c178de707adc630581ed3a4a4f284c85e79ca0ad543757829c102b49654,1,JSON parsed; structural inspection
runs/FINAL_PRE_X13_DEADLINE_v1/results/unit_retention.csv,68,559e19ceac93b9dc51d9d0881faf12812fd50ba01181c94b9ca7573a2599fa50,0,CSV parsed; structural inspection
runs/FINAL_PRE_X13_DEADLINE_v1/results/unknowns.csv,31,368a364292194bc7ef03c73760e493e8dc41d9c3544c530c319ec301d34224a9,0,CSV parsed; structural inspection
runs/FINAL_PRE_X13_DEADLINE_v1/status/real.jsonl,432,f9eebfa02b0ba1fff311d5dbd6fa25ec2cae2ce0e71aad26cafc4bd4fd607453,2,JSON parsed; structural inspection
runs/FINAL_PRE_X13_DEADLINE_v1/status/real_identity.json,222,9145669ff8c1301015a27a53e72e66dff22cfb445019b33088efa1973d95fa29,1,JSON parsed; structural inspection
runs/FINAL_PRE_X13_DEADLINE_v1/status/synthetic.jsonl,263403,f8c042492fe643558f3e85831770e82080657eba9e34650a0198c09bd0829a0e,1582,JSON parsed; structural inspection
runs/FINAL_PRE_X13_DEADLINE_v1/status/synthetic_identity.json,227,a357499ac635875b1f65be33eeeee4c94fd58b6a10f83e83e5c7b71b1c0c2dd4,1,JSON parsed; structural inspection
runs/FINAL_PRE_X13_DEADLINE_v1/status/synthetic_index.json,359,9097e0aee57b15b963256d3db0c325e710ee13038b33a6d972a0c3df90621fd1,1,JSON parsed; structural inspection
runs/FINAL_PRE_X13_DEADLINE_v1/synthetic_reporting/phase_values.csv,1676,4eefaf094e590fbb43c60677cfb4cb30a350508f9e1c3a4039c546f0bca1fae4,60,CSV parsed; structural inspection
runs/FINAL_PRE_X13_DEADLINE_v1/synthetic_reporting/summary.json,207,3d3427aab1d8fcef39f92d8bd801885c3493e99b9d3ef9c029f81b185ab72305,1,JSON parsed; structural inspection
runs/FINAL_PRE_X13_DEADLINE_v1/synthetic_rows/00b01688827c813119772d96b4809f9d5edd27299c7a0f43b979c4ff2b67fad6.json,2245,e5b7064dadcbc9556921fd9f8f8e7c21bbb02cb8d075b7e564f81c3cd18ec48b,1,JSON parsed; structural inspection
runs/FINAL_PRE_X13_DEADLINE_v1/synthetic_rows/00b01688827c813119772d96b4809f9d5edd27299c7a0f43b979c4ff2b67fad6.sha256,136,b7dc80a7ec4b5fb7d32121902abe7ac27fd2718d2202ac7b6b3c2eebf6ae20c2,,byte inventory
runs/FINAL_PRE_X13_DEADLINE_v1/synthetic_rows/01142759fe1fe9cd29a4a946dbc239261fb326d62c46cc36853efd5d24a678c5.json,2244,71ea17f1433fd0b6fa60970fb9e79775852368b2d69001d45434a6d5da70c0ca,1,JSON parsed; structural inspection
runs/FINAL_PRE_X13_DEADLINE_v1/synthetic_rows/01142759fe1fe9cd29a4a946dbc239261fb326d62c46cc36853efd5d24a678c5.sha256,136,61505d9a966e17ae29eda450baaebbe158afdaa2ddbd50ee2256b628b0742d20,,byte inventory
runs/FINAL_PRE_X13_DEADLINE_v1/synthetic_rows/0177773b4cd21eaa18ecb6394ae7d076ba2ea1a4d605f72ca509e477032cd4fc.json,2235,ed6f978b97a65b6cfd3ae64f1af87bf68248a510a2bbe129da0bfa1a9c72968e,1,JSON parsed; structural inspection
runs/FINAL_PRE_X13_DEADLINE_v1/synthetic_rows/0177773b4cd21eaa18ecb6394ae7d076ba2ea1a4d605f72ca509e477032cd4fc.sha256,136,ce38485123e8e617b676ccd89658ec3ce42be8f97ec8caa3a79c0c9e890e5a30,,byte inventory
runs/FINAL_PRE_X13_DEADLINE_v1/synthetic_rows/018692b2a0266c1183e433c62fce9216b8e40c7e4b823a52dad81762834f8ba3.json,2231,03294684172e4f2074d13c92f1712a36c431f9ac1b22878be7eccac3fecb3228,1,JSON parsed; structural inspection
runs/FINAL_PRE_X13_DEADLINE_v1/synthetic_rows/018692b2a0266c1183e433c62fce9216b8e40c7e4b823a52dad81762834f8ba3.sha256,136,26cd9320cdc223f1a5cd5d52e67047a8e4483fc63a16f14f66f968c5d677f1c9,,byte inventory
runs/FINAL_PRE_X13_DEADLINE_v1/synthetic_rows/018a6841b3e1cffb4a1109b0f66e73e144e2de914a2a4625406dae39c067a63a.json,2253,8e651932a5af9ace65dc1e5970135f3d3ddb3e56a07bd5f117e1ac598ecaba63,1,JSON parsed; structural inspection
runs/FINAL_PRE_X13_DEADLINE_v1/synthetic_rows/018a6841b3e1cffb4a1109b0f66e73e144e2de914a2a4625406dae39c067a63a.sha256,136,a04a2315b6f42f9a36976732faf60592f5c4f69a30d7fb06263610375adaaa4b,,byte inventory
runs/FINAL_PRE_X13_DEADLINE_v1/synthetic_rows/018e9a5e0efb0e3c36bd5baae598cf4921971f37427a66a4b34d3c949c694b59.json,2251,02fab503f04ea9a9dd4895cc13a7936dd324bf0fc10f13eb147d04981897c0b0,1,JSON parsed; structural inspection
runs/FINAL_PRE_X13_DEADLINE_v1/synthetic_rows/018e9a5e0efb0e3c36bd5baae598cf4921971f37427a66a4b34d3c949c694b59.sha256,136,a38c862fd58e730c3f793a787f83c0b5fdd12740b12baf0fc0b3f1560fed133c,,byte inventory
runs/FINAL_PRE_X13_DEADLINE_v1/synthetic_rows/020d1a097087d03fc9ae981b9f7d2886739e104e06252f39a04894e252769d37.json,2227,b2d67da862bd90ee333ff53f69d1cc652979cc3a480bbf49d255bbddda9dfb28,1,JSON parsed; structural inspection
runs/FINAL_PRE_X13_DEADLINE_v1/synthetic_rows/020d1a097087d03fc9ae981b9f7d2886739e104e06252f39a04894e252769d37.sha256,136,7fdba87b9901af792a9e50c913a91b53be305083940e3d11ac95c602f30878a3,,byte inventory
runs/FINAL_PRE_X13_DEADLINE_v1/synthetic_rows/031d6ea2d26db9e74458e1a53f541ecff325c4bf549189f613b26bff5a27c051.json,2234,5555fe17afcc4b00c8cb1371d78f7cd11f33debd7493695eedab39c808607985,1,JSON parsed; structural inspection
runs/FINAL_PRE_X13_DEADLINE_v1/synthetic_rows/031d6ea2d26db9e74458e1a53f541ecff325c4bf549189f613b26bff5a27c051.sha256,136,b4e04a41ae401ef4828504d56d84691c0d59eab7219d1124f3a9efef0686532e,,byte inventory
runs/FINAL_PRE_X13_DEADLINE_v1/synthetic_rows/036d41fbcde7bdf48897523199cb7ad8337c8341196840781efd9848f9c3c620.json,2251,b54dea1836238a0e75c9a33faf4c36af71ff44392b7b44327c6b1ad8b0a42f73,1,JSON parsed; structural inspection
runs/FINAL_PRE_X13_DEADLINE_v1/synthetic_rows/036d41fbcde7bdf48897523199cb7ad8337c8341196840781efd9848f9c3c620.sha256,136,b08ddf7a8bcb5b8d71590bc17e8b4332c2dda8c3eaf99bf49e4528054e3204f9,,byte inventory
runs/FINAL_PRE_X13_DEADLINE_v1/synthetic_rows/03bd43830b939bc578860c9d1531b2b5e0b6a20ef4ab9da3d6f70eae5d1e45b0.json,2234,77980b2d0db7b9b320f2191deebb3bf16976a9a7c595851bcdfa5b2275841e53,1,JSON parsed; structural inspection
runs/FINAL_PRE_X13_DEADLINE_v1/synthetic_rows/03bd43830b939bc578860c9d1531b2b5e0b6a20ef4ab9da3d6f70eae5d1e45b0.sha256,136,149f8672a2f83898838e1244f154edf35eb20afdb65bbb77c95f24cff4d0b7eb,,byte inventory
runs/FINAL_PRE_X13_DEADLINE_v1/synthetic_rows/03bdfaafb13f24d7313fd0569cfc5d6b2bf43bc6dedc1c040eba95ab4318b14d.json,2256,a421c0006d48989be21233240c8ba8a0e6d09e62df498ea8268bb8eef3945e51,1,JSON parsed; structural inspection
runs/FINAL_PRE_X13_DEADLINE_v1/synthetic_rows/03bdfaafb13f24d7313fd0569cfc5d6b2bf43bc6dedc1c040eba95ab4318b14d.sha256,136,a836f7104c0613abeb0908eec62fa1a57c10c5b4c9ca2551b746c9bc288561df,,byte inventory
runs/FINAL_PRE_X13_DEADLINE_v1/synthetic_rows/03cc156926d3ff9a968d9d404704309515fd65afd437d9ccd573a27e79a8136a.json,2234,d2b2b9f8034ebec3ce1566056cdef69bb53196c6ce4eb6f6c2bb441d7a225dba,1,JSON parsed; structural inspection
runs/FINAL_PRE_X13_DEADLINE_v1/synthetic_rows/03cc156926d3ff9a968d9d404704309515fd65afd437d9ccd573a27e79a8136a.sha256,136,e18a44d3f0189ed643c99116cb98189d7d1a1cfec701a6df57075778fff0566a,,byte inventory
runs/FINAL_PRE_X13_DEADLINE_v1/synthetic_rows/03dc9b95f51565a776181ef487d632cded928eb74ae31946c6d20ad451269eef.json,2245,30ece0df1ee9e6b68ad16a9df74cb3ab65b4863b79dc336f5e6cf6a831f4aeda,1,JSON parsed; structural inspection
runs/FINAL_PRE_X13_DEADLINE_v1/synthetic_rows/03dc9b95f51565a776181ef487d632cded928eb74ae31946c6d20ad451269eef.sha256,136,3e00270613b4d5dee06e4025c8e8b4b7841b9d77951810d440ac67e97ea809de,,byte inventory
runs/FINAL_PRE_X13_DEADLINE_v1/synthetic_rows/03edc3c61eba1ee857d6514c5de48dd7779a55d172846de25e7c8c7dfb15a65b.json,2242,348e3bfcc2aadb174e694c9f1a072d087e0490be3ce3fc5cb6c1eedcd8d603f0,1,JSON parsed; structural inspection
runs/FINAL_PRE_X13_DEADLINE_v1/synthetic_rows/03edc3c61eba1ee857d6514c5de48dd7779a55d172846de25e7c8c7dfb15a65b.sha256,136,9d527660ada26d23df745eaacf02e27342ea60d8a26d1c728d1660c4feae7032,,byte inventory
runs/FINAL_PRE_X13_DEADLINE_v1/synthetic_rows/03fbc183f2ad9619e22da2557691994b8e0bdad81d5a23621e40cd6944caf61c.json,2244,31de62af19eba327874d6e6c0f9a1a5cbfbcf4d108b0b0139afe0cac3104c95a,1,JSON parsed; structural inspection
runs/FINAL_PRE_X13_DEADLINE_v1/synthetic_rows/03fbc183f2ad9619e22da2557691994b8e0bdad81d5a23621e40cd6944caf61c.sha256,136,59bef9a873bb147a2eb364b60bd2d17435e8462d119e4280e40c9b571e42cd5b,,byte inventory
runs/FINAL_PRE_X13_DEADLINE_v1/synthetic_rows/0475c8e50c2c733c07c60f3c3c29a0052b448abf9575fe5de9d687d60427d312.json,2237,a93dc69704e6992cdeac1758b6fc46dcfdc5069c0b2c50813cf6883713b7695b,1,JSON parsed; structural inspection
runs/FINAL_PRE_X13_DEADLINE_v1/synthetic_rows/0475c8e50c2c733c07c60f3c3c29a0052b448abf9575fe5de9d687d60427d312.sha256,136,a353d5126c0a67075bc6ad809df34686c6ae7164e3a4c9fb185214aa97060628,,byte inventory
runs/FINAL_PRE_X13_DEADLINE_v1/synthetic_rows/04b8ee679470143f0b8d33804aa09e864cde5e6acbda5f2ef39dcca9af695e89.json,2244,258dac291d043b48c2061f5e9c508012766bc6b06e907d5f6d62c40a0d3d063f,1,JSON parsed; structural inspection
runs/FINAL_PRE_X13_DEADLINE_v1/synthetic_rows/04b8ee679470143f0b8d33804aa09e864cde5e6acbda5f2ef39dcca9af695e89.sha256,136,e0b34a6fe23ce64b1b3107c58cc7424e6fa47edd2bb0665a1ef3b76597c5afe4,,byte inventory
runs/FINAL_PRE_X13_DEADLINE_v1/synthetic_rows/04bf6f20a0f00f1204f2a451db8a8610b0e3b4c379fff46a9a9fdbd1e05c876e.json,2234,c8194f4db7242b14463a8d06f363ff0f0391ec4b41e647a85a40121040afc095,1,JSON parsed; structural inspection
runs/FINAL_PRE_X13_DEADLINE_v1/synthetic_rows/04bf6f20a0f00f1204f2a451db8a8610b0e3b4c379fff46a9a9fdbd1e05c876e.sha256,136,de78bfc19273d096e8b3a6c81c00bb9b84809cfa42e33ae6da9c56ea43f946de,,byte inventory
runs/FINAL_PRE_X13_DEADLINE_v1/synthetic_rows/04e98edc3fe349f31ce1dd72342ed2f34eaabeb2aa3eab24ca1d1f32b48e8dfc.json,2247,ca1fdde28ea0e4000be366e9a7e391510ca48e601d57107695c48e0a848d9ed3,1,JSON parsed; structural inspection
runs/FINAL_PRE_X13_DEADLINE_v1/synthetic_rows/04e98edc3fe349f31ce1dd72342ed2f34eaabeb2aa3eab24ca1d1f32b48e8dfc.sha256,136,da9fdf46255af3bcbcf6bb91625e161bf0e0ac4704a22869d01df0a80c5de5be,,byte inventory
runs/FINAL_PRE_X13_DEADLINE_v1/synthetic_rows/055c96b43364f5e14922573a91378e560e7163e5cc771b8dda6fe0ea651cf357.json,2243,ddd37168cb818aee0acddbd2f83b153e5fa453d3ee76e077b806c0aaf1cd6c67,1,JSON parsed; structural inspection
runs/FINAL_PRE_X13_DEADLINE_v1/synthetic_rows/055c96b43364f5e14922573a91378e560e7163e5cc771b8dda6fe0ea651cf357.sha256,136,aef07bc8ecbf5200082ddf31798c4fc92dd3b3928bff50879ebab8d96b5fc4ac,,byte inventory
runs/FINAL_PRE_X13_DEADLINE_v1/synthetic_rows/057bdfbfa1d438a3d07d229667ad6b7dd9e0ac9fce142ca1b4964225042ee6c6.json,2250,a6ce4e10f8e6c59c9e96e44455daa1e5a46750bf70f5a91aad2e860e6e9a712b,1,JSON parsed; structural inspection
runs/FINAL_PRE_X13_DEADLINE_v1/synthetic_rows/057bdfbfa1d438a3d07d229667ad6b7dd9e0ac9fce142ca1b4964225042ee6c6.sha256,136,e6caa94c6352addbb6e82107d3a60325640c02807f9cee109ee649dcce4729b6,,byte inventory
runs/FINAL_PRE_X13_DEADLINE_v1/synthetic_rows/0580a4d381de813f9909b43239c0abb7f5203b14888092456ef244a04ffe0e91.json,2243,83f3454522f641a6cf1040ead46a125e1cf6af3b47ecb42e20fec06204e69ce6,1,JSON parsed; structural inspection
runs/FINAL_PRE_X13_DEADLINE_v1/synthetic_rows/0580a4d381de813f9909b43239c0abb7f5203b14888092456ef244a04ffe0e91.sha256,136,d4dff00f9bd9eca8811980bd3bfef2c084970d88dc18f2ff2852caf09dc602cf,,byte inventory
runs/FINAL_PRE_X13_DEADLINE_v1/synthetic_rows/05886a9854e0a81c47e7e75ff704857c388afd3f6e788c32e86264140c554c25.json,2235,a74300eefb17000a4be3190752d0d0e9094d9155478fc7dbfac5c11623b75618,1,JSON parsed; structural inspection
runs/FINAL_PRE_X13_DEADLINE_v1/synthetic_rows/05886a9854e0a81c47e7e75ff704857c388afd3f6e788c32e86264140c554c25.sha256,136,af20093b289f195f9d0c3a2d2809839a6b5f51f9b4b282ed225e94b1505c917a,,byte inventory
runs/FINAL_PRE_X13_DEADLINE_v1/synthetic_rows/06243a29d97c23210a71006ec2aa19bc359824c5dce264025c15657f8a9c821d.json,2244,c58b486236db68c446cca2edf6418c8bf6d68b507deacc9ade5edb6a96e4af16,1,JSON parsed; structural inspection
runs/FINAL_PRE_X13_DEADLINE_v1/synthetic_rows/06243a29d97c23210a71006ec2aa19bc359824c5dce264025c15657f8a9c821d.sha256,136,bb60bacdbb8bde0ba139807b55b911c0c18aa0162af6bdfaa5b51eebe5dfd581,,byte inventory
runs/FINAL_PRE_X13_DEADLINE_v1/synthetic_rows/064e41be708d1d3ffc6cac7b6ac45f5971dfa7296f75bfd179fc28c9d2bc4d89.json,2256,922d168247c39dcf84c15d5233c77f87a57cc8822ace9a9981515218d04a8b1b,1,JSON parsed; structural inspection
runs/FINAL_PRE_X13_DEADLINE_v1/synthetic_rows/064e41be708d1d3ffc6cac7b6ac45f5971dfa7296f75bfd179fc28c9d2bc4d89.sha256,136,c80da6b6bf293c8070978309dffa4dc45ad58a363d35b5cd935098ade72bf1c9,,byte inventory
runs/FINAL_PRE_X13_DEADLINE_v1/synthetic_rows/067e7559bdf053d7a35bbd0aed178416aee5908a49f07422f1e7a0d63ee8e098.json,2233,f463254e3083da88115ca224e5612fa56d97cc628787fc6e88b99d66cd248dca,1,JSON parsed; structural inspection
runs/FINAL_PRE_X13_DEADLINE_v1/synthetic_rows/067e7559bdf053d7a35bbd0aed178416aee5908a49f07422f1e7a0d63ee8e098.sha256,136,ea5879fae97613c9e10b6f84763f6bfc4bf8d607ee14795c1224c6eb8c7708d7,,byte inventory
runs/FINAL_PRE_X13_DEADLINE_v1/synthetic_rows/07ecf12e9c8b13ad806dd5a92f54b79fdf53c0483dccb325a73c96508ec5db40.json,2242,895458aff0925d24bff0709fbf6cc8fbd7c810d0ec17cd33034daf36d9b054e0,1,JSON parsed; structural inspection
runs/FINAL_PRE_X13_DEADLINE_v1/synthetic_rows/07ecf12e9c8b13ad806dd5a92f54b79fdf53c0483dccb325a73c96508ec5db40.sha256,136,5effc78d65f7aa54b9c5281fc9fe212ef4115b8021870406441ec7abddaeb216,,byte inventory
runs/FINAL_PRE_X13_DEADLINE_v1/synthetic_rows/07f4c455536a1c5b31bf6e54b2bb1fd5fdfd269e3db9cc04cd2778da7b0a0078.json,2250,9bd11e80e311c777fb75f854255d772a8d0b3a0a12860428c486a6725b4b244e,1,JSON parsed; structural inspection
runs/FINAL_PRE_X13_DEADLINE_v1/synthetic_rows/07f4c455536a1c5b31bf6e54b2bb1fd5fdfd269e3db9cc04cd2778da7b0a0078.sha256,136,9254b50177ad9fe7dbd3487c28f0fd80d640e369d39e06da7ae32ed9d6fa6e91,,byte inventory
runs/FINAL_PRE_X13_DEADLINE_v1/synthetic_rows/088add6fb326378ccf897f2076847c2aa661590612809a634c3520c3e9c5e5d5.json,2232,daa46c9c6e9680644cc9d73b24ae95c21f262484bf42690d47da5e9e5a121cc6,1,JSON parsed; structural inspection
runs/FINAL_PRE_X13_DEADLINE_v1/synthetic_rows/088add6fb326378ccf897f2076847c2aa661590612809a634c3520c3e9c5e5d5.sha256,136,4f8b7c050856849d87cdce774bb4fad021db3382964c15d3f2dccbd3d80a38c5,,byte inventory
runs/FINAL_PRE_X13_DEADLINE_v1/synthetic_rows/0890e9140a9d0c0a84bd78b8f896bbd840366183e8ac09e507581ebd22f62095.json,2244,7a5d43dbd616f80b87d743ee73552f7c6abeec4148fea0805ccf1791ce7d6896,1,JSON parsed; structural inspection
runs/FINAL_PRE_X13_DEADLINE_v1/synthetic_rows/0890e9140a9d0c0a84bd78b8f896bbd840366183e8ac09e507581ebd22f62095.sha256,136,0c56aac25518b83de0f77452ce897335d5723c151fbc0cc666574d0f954d0628,,byte inventory
runs/FINAL_PRE_X13_DEADLINE_v1/synthetic_rows/08a49dfa954538e88526141694f8f577e85e7905774ec159f75e8ce8731c3c6d.json,2233,19f8cedea27382490b629b6b47cb6fd2dab1dbe8d2a63412d71e3f3cfa4a43c9,1,JSON parsed; structural inspection
runs/FINAL_PRE_X13_DEADLINE_v1/synthetic_rows/08a49dfa954538e88526141694f8f577e85e7905774ec159f75e8ce8731c3c6d.sha256,136,87f8d934f9d5bb210cb4984447b11a48a7bbd3d21d6615ee3720e8e81c60b27b,,byte inventory
runs/FINAL_PRE_X13_DEADLINE_v1/synthetic_rows/08eef1b6b2a20177424e386e0daf81a91d4ee1e1a93d07dd21290113495701f4.json,2251,2862f66693c5d644ff8f63ba8e093972e5a1bc4b2b8a19baeb088339068bffef,1,JSON parsed; structural inspection
runs/FINAL_PRE_X13_DEADLINE_v1/synthetic_rows/08eef1b6b2a20177424e386e0daf81a91d4ee1e1a93d07dd21290113495701f4.sha256,136,f42e40f031554cc8a2bd690fe378e7e3fe41b58fa1b6d58b3762b0be68b5ac49,,byte inventory
runs/FINAL_PRE_X13_DEADLINE_v1/synthetic_rows/09bb337df6cac0cc4eac73da954ee03220c7e2dab4906794f2d3c04554e99c66.json,2243,56da2f565097e48989f6ca46fa1eb3e15b133e71889141cdb1fe0478246a868c,1,JSON parsed; structural inspection
runs/FINAL_PRE_X13_DEADLINE_v1/synthetic_rows/09bb337df6cac0cc4eac73da954ee03220c7e2dab4906794f2d3c04554e99c66.sha256,136,c6133b0010797428ba6af897a9f5c8872f6bf882fe070909dd8793a2df8ed016,,byte inventory
runs/FINAL_PRE_X13_DEADLINE_v1/synthetic_rows/09dc98faff4f1f99e98e911311fb1017e98a399005e8b42a2ae5f671f592ba5b.json,2242,cd817f745109f82b12c1987f08e84cdee5ee5165c987d1aa6f4449174fe3cace,1,JSON parsed; structural inspection
runs/FINAL_PRE_X13_DEADLINE_v1/synthetic_rows/09dc98faff4f1f99e98e911311fb1017e98a399005e8b42a2ae5f671f592ba5b.sha256,136,e1be7ce7beec5793d132cd7af85ccb7216552f5b3ab018328380031b4ecd2f65,,byte inventory
runs/FINAL_PRE_X13_DEADLINE_v1/synthetic_rows/0a6b0bc9aba85c31976b1e1c4ae3efd3166ac08bd1cd0b14066bb357629d6f3a.json,2237,05d45cf3ade31e4433260c45b7a38606facdd3f3f9973743718cd07043512440,1,JSON parsed; structural inspection
runs/FINAL_PRE_X13_DEADLINE_v1/synthetic_rows/0a6b0bc9aba85c31976b1e1c4ae3efd3166ac08bd1cd0b14066bb357629d6f3a.sha256,136,4bc0176d5e4517f098f4c71e78ee0351e7fac8ba871d6080858d9c3dd3fda294,,byte inventory
runs/FINAL_PRE_X13_DEADLINE_v1/synthetic_rows/0aa1e7bea42dcbfb0ebe2310f3826a4905277fdc13babac3c6dc9bdf7d057fdc.json,2244,7d4de3b20cad87d22d479ca64a9f86d88cb8b2c22e6fd75f61778ae274efbb4e,1,JSON parsed; structural inspection
runs/FINAL_PRE_X13_DEADLINE_v1/synthetic_rows/0aa1e7bea42dcbfb0ebe2310f3826a4905277fdc13babac3c6dc9bdf7d057fdc.sha256,136,34d237558a6bdf8bf555b47f5a1ae0f6aabdb49e01c92e5a82cec349944c0bad,,byte inventory
runs/FINAL_PRE_X13_DEADLINE_v1/synthetic_rows/0aa6fc7a15789fa8ffe170dfb44da8d7ec21033e0eb4823e1bd7fd85a1aa7591.json,2244,2fec309202e89124e530be6505e0a140f643703abcff263b3dc664ca6acbe494,1,JSON parsed; structural inspection
runs/FINAL_PRE_X13_DEADLINE_v1/synthetic_rows/0aa6fc7a15789fa8ffe170dfb44da8d7ec21033e0eb4823e1bd7fd85a1aa7591.sha256,136,18eebf867ea7a124d3012a077538b26523cb167f20244036b7c63227f715e6c1,,byte inventory
runs/FINAL_PRE_X13_DEADLINE_v1/synthetic_rows/0be40c81546488f370759c88fd78f0a7278e8e2eb07eeb1f0d669844db49dffb.json,2244,25b762a1b40d5af89a9affe2c8229a18a0dbf4e1fa126200c87f0caf601dbdb8,1,JSON parsed; structural inspection
runs/FINAL_PRE_X13_DEADLINE_v1/synthetic_rows/0be40c81546488f370759c88fd78f0a7278e8e2eb07eeb1f0d669844db49dffb.sha256,136,f17a8544dc7ac236a3af28ee73d372eb84802ffcd720bc3873378de259a0ec8c,,byte inventory
runs/FINAL_PRE_X13_DEADLINE_v1/synthetic_rows/0c61738d76a67ba17f2b638bf9e3fe896d7503394f46e047e0ecf5b99fd107b3.json,2229,ea7423fc549f08d3e5bb48290160ca6d01db52bcd7d98324f5a1f44338e6c4ed,1,JSON parsed; structural inspection
runs/FINAL_PRE_X13_DEADLINE_v1/synthetic_rows/0c61738d76a67ba17f2b638bf9e3fe896d7503394f46e047e0ecf5b99fd107b3.sha256,136,b18775f9d118f5e06a4f33437ad5211f2330170261679d00279dc6d7cce866c9,,byte inventory
runs/FINAL_PRE_X13_DEADLINE_v1/synthetic_rows/0c725b5b86e82ad65248de884004871aa812ab144a43532af2774dfe9518a0f0.json,2251,227108c4aa2a5123bec833b9e184f30484dd2618ab54f287e9572e93e48f9fe6,1,JSON parsed; structural inspection
runs/FINAL_PRE_X13_DEADLINE_v1/synthetic_rows/0c725b5b86e82ad65248de884004871aa812ab144a43532af2774dfe9518a0f0.sha256,136,8105e03e05b68d1506d2c871c8957e5e25c2c2251307624ebb752a678624396d,,byte inventory
runs/FINAL_PRE_X13_DEADLINE_v1/synthetic_rows/0cb3497af98f50cbaae98cd4cea23b536ed272db3c59848793a5c7fbe3896cd1.json,2234,bab3f0b6b4ff33fe16a151baa89e78d13b0cccd7bd469ee4496b602bceba7242,1,JSON parsed; structural inspection
runs/FINAL_PRE_X13_DEADLINE_v1/synthetic_rows/0cb3497af98f50cbaae98cd4cea23b536ed272db3c59848793a5c7fbe3896cd1.sha256,136,528c80530e06bbe797c26b865b450cf31387158e370ccb18434a8b50f7bfa63c,,byte inventory
runs/FINAL_PRE_X13_DEADLINE_v1/synthetic_rows/0ee09b0b69a68098eee708b581525fd3fc436604ed564bcfb97e9f902443fd54.json,2255,7805d97ef9cf5c79765b010731248ae12db53270ffb6ea0a42fbbda47a1ebf8b,1,JSON parsed; structural inspection
runs/FINAL_PRE_X13_DEADLINE_v1/synthetic_rows/0ee09b0b69a68098eee708b581525fd3fc436604ed564bcfb97e9f902443fd54.sha256,136,fc3770b7b6a015d8a4232d5e546d7681cee19c2c34fa21eec97bf0065c0ba396,,byte inventory
runs/FINAL_PRE_X13_DEADLINE_v1/synthetic_rows/0f782b9776c97a2833f8d7a791988574818a58d7de27a840d8589e23eea05896.json,2251,86c96857bcd4869c9373eb5251fc08e42b5001c59ec0ade4f6af4a58482b0a92,1,JSON parsed; structural inspection
runs/FINAL_PRE_X13_DEADLINE_v1/synthetic_rows/0f782b9776c97a2833f8d7a791988574818a58d7de27a840d8589e23eea05896.sha256,136,982f1b4fcde27ee354424b68124475b70b577213a66e2e4afdb1d44e3bbd7150,,byte inventory
runs/FINAL_PRE_X13_DEADLINE_v1/synthetic_rows/0fe75794ae30c4cb6888458437eb597f4fa16c31d13dfe3446bb16b5e4e0d706.json,2244,4dd536877b168e1b8da7e6a466e1b13a7d1f206e634f041d950583d514f3668f,1,JSON parsed; structural inspection
runs/FINAL_PRE_X13_DEADLINE_v1/synthetic_rows/0fe75794ae30c4cb6888458437eb597f4fa16c31d13dfe3446bb16b5e4e0d706.sha256,136,ba7c3ec08525c2e2160622855d72541f9529ab3b2c359010116a9b2cb5312109,,byte inventory
runs/FINAL_PRE_X13_DEADLINE_v1/synthetic_rows/10322c47d8557567cc6142bc58a0e2a9b637df97b651df9029c6c8527632785a.json,2244,98fcc6c93fa772738f96f7979b36eb5d6ebe5251090eafd153255b1d77cbfe8f,1,JSON parsed; structural inspection
runs/FINAL_PRE_X13_DEADLINE_v1/synthetic_rows/10322c47d8557567cc6142bc58a0e2a9b637df97b651df9029c6c8527632785a.sha256,136,14d839daec4b00c6143dc439e293f7061674e89afd7a5582dc75829be538ed13,,byte inventory
runs/FINAL_PRE_X13_DEADLINE_v1/synthetic_rows/10741bbf31df5f9f665b5ce55ff5c77b8c3b0c3e3574dc8e039171c760acafa5.json,2246,d67287e6a3ad04338e6c744f91453611944a64f8b7aefa94ff3b325fc42e4e4f,1,JSON parsed; structural inspection
runs/FINAL_PRE_X13_DEADLINE_v1/synthetic_rows/10741bbf31df5f9f665b5ce55ff5c77b8c3b0c3e3574dc8e039171c760acafa5.sha256,136,70604f355bec88849d7d0b6e1fa7bd5537c4d4a69c797c0dce61c6652b075059,,byte inventory
runs/FINAL_PRE_X13_DEADLINE_v1/synthetic_rows/107aab0ce8f6067068c7e0dfa38d43fa6440a630c4335df4b061411057e193e7.json,2236,e63036d9773e2427f4498a61fc39ccb1846d8adf5bedb85953be0291b2b88c4c,1,JSON parsed; structural inspection
runs/FINAL_PRE_X13_DEADLINE_v1/synthetic_rows/107aab0ce8f6067068c7e0dfa38d43fa6440a630c4335df4b061411057e193e7.sha256,136,3b01491a11ed22d9a29325b08c466b6d6edffb4bde29b60f414d55df1e22e4a0,,byte inventory
runs/FINAL_PRE_X13_DEADLINE_v1/synthetic_rows/10f3862ec58ee48f09be5317df92641730b0daa141e0b906648561141f4ee24e.json,2243,93d2567d6cbfd1457b24cd729573b7b06df584bf1d6aa5c4210b5525751ccbb9,1,JSON parsed; structural inspection
runs/FINAL_PRE_X13_DEADLINE_v1/synthetic_rows/10f3862ec58ee48f09be5317df92641730b0daa141e0b906648561141f4ee24e.sha256,136,5f3f3777b26ee019baba2a31fc2f0992cc86032a86efd137603b40839265031e,,byte inventory
runs/FINAL_PRE_X13_DEADLINE_v1/synthetic_rows/11686c5c943ae97e7d3c52efcb17e9c1586e9c888d8e4d076c838bb3ace9df82.json,2255,7afa0e94ca73acc7f73ed80f08fd8ffc0e1f1350d74e53f00a014b96b4812ae0,1,JSON parsed; structural inspection
runs/FINAL_PRE_X13_DEADLINE_v1/synthetic_rows/11686c5c943ae97e7d3c52efcb17e9c1586e9c888d8e4d076c838bb3ace9df82.sha256,136,0fef2ac35ecea7ba54f339e2829df5479ce89fe93075a2af7f314ba0221077be,,byte inventory
runs/FINAL_PRE_X13_DEADLINE_v1/synthetic_rows/11f3aa7759a0ee6f8750ced2ff337c7dfad32e52b6fd841316b2249c43ece096.json,2237,a3c12cbcd0ec008f88e2113faceb277962bbad9cb652aa9693b246e9b3b67c38,1,JSON parsed; structural inspection
runs/FINAL_PRE_X13_DEADLINE_v1/synthetic_rows/11f3aa7759a0ee6f8750ced2ff337c7dfad32e52b6fd841316b2249c43ece096.sha256,136,594b88670e5f617eeae5e8fef23ffa144c57c8f6c3a69bd4b9ef774ae44711cc,,byte inventory
runs/FINAL_PRE_X13_DEADLINE_v1/synthetic_rows/1209dfbcb3d0993698447462b00a2053bcea05019577abda252d2804a1602c5d.json,2249,5e2e5d7b031777983d59bc1a8e0b8b9ecdae1c0424be711086694190d1a7620c,1,JSON parsed; structural inspection
runs/FINAL_PRE_X13_DEADLINE_v1/synthetic_rows/1209dfbcb3d0993698447462b00a2053bcea05019577abda252d2804a1602c5d.sha256,136,33ae28806bb61fafdece7402bdd3572d7431cdf78df5e4c7e090df722fa316f2,,byte inventory
runs/FINAL_PRE_X13_DEADLINE_v1/synthetic_rows/1289cc2efbafad8276192246107b6c68705e89fc3013bd9d023a51e2ace8fee9.json,2235,954e62fc27a02e475c58bd7f351dd1086ec3e17d67c17d46d9bad6a772597be6,1,JSON parsed; structural inspection
runs/FINAL_PRE_X13_DEADLINE_v1/synthetic_rows/1289cc2efbafad8276192246107b6c68705e89fc3013bd9d023a51e2ace8fee9.sha256,136,d10938118f063a1ee62a4633d940f0fbe8ab9c300d95020ecf903ca69f6cf9ca,,byte inventory
runs/FINAL_PRE_X13_DEADLINE_v1/synthetic_rows/128a369f1ee6ac7edb6a98fbf060f009e48471bf0bc67d149a7c9097116896fd.json,2245,6e747e1e28aefa83ef1199776d4838b15ca854bffeb58c21ad93023a2228d326,1,JSON parsed; structural inspection
runs/FINAL_PRE_X13_DEADLINE_v1/synthetic_rows/128a369f1ee6ac7edb6a98fbf060f009e48471bf0bc67d149a7c9097116896fd.sha256,136,68392cd56277f44e2769f5e1f2bad47fbd5dd74109b1579d39c101bb932b1571,,byte inventory
runs/FINAL_PRE_X13_DEADLINE_v1/synthetic_rows/12bcc6de112714bda596cc80716ddfcf83b59fbc53441ab5670dfcc6885449a4.json,2255,b2c357d0937fec56445a019cff0eab93b452f6b31aff7495c4884cf3e1077ce3,1,JSON parsed; structural inspection
runs/FINAL_PRE_X13_DEADLINE_v1/synthetic_rows/12bcc6de112714bda596cc80716ddfcf83b59fbc53441ab5670dfcc6885449a4.sha256,136,f7a16446209d03ff9955479206d36c35de04ce43baadd79cbdae06ae064913df,,byte inventory
runs/FINAL_PRE_X13_DEADLINE_v1/synthetic_rows/131c0cfea39da85230ce2d0fd3b2e55ff53267bd8b0ff91e58d21086a142e4c9.json,2244,f17857d60fdc9147e8d369a9da836d1206d88688c3ca2b49bbd646df1a128ee7,1,JSON parsed; structural inspection
runs/FINAL_PRE_X13_DEADLINE_v1/synthetic_rows/131c0cfea39da85230ce2d0fd3b2e55ff53267bd8b0ff91e58d21086a142e4c9.sha256,136,f7ce67fbe999e2da049fbb4bd78320a9f72fda3ab52e88cd3d63d164cace0693,,byte inventory
runs/FINAL_PRE_X13_DEADLINE_v1/synthetic_rows/13de14b7e23f28df5fde25f2230d7c13c0adc602074641c39017ce6c3b6cdb69.json,2251,34af16cdb8d799a729ab602865a427ba436859ca807a521eeb5f90a1b3a556ea,1,JSON parsed; structural inspection
runs/FINAL_PRE_X13_DEADLINE_v1/synthetic_rows/13de14b7e23f28df5fde25f2230d7c13c0adc602074641c39017ce6c3b6cdb69.sha256,136,6e99e34682f13163fc87190b7cc4f4fbb60ec830b1af072c5547305582cf2ee6,,byte inventory
runs/FINAL_PRE_X13_DEADLINE_v1/synthetic_rows/14a0bfe9e6caadb53f25cf8fe8dd903cbb1272dad94c705d9cd852d4a702e22c.json,2241,a57e38b9193d8212e4b34c91adae56f350dd7e05fcb5444eaf09bed9b9934e78,1,JSON parsed; structural inspection
runs/FINAL_PRE_X13_DEADLINE_v1/synthetic_rows/14a0bfe9e6caadb53f25cf8fe8dd903cbb1272dad94c705d9cd852d4a702e22c.sha256,136,b275a508110ab146e8a1a5cdc1d03b467719bde4518cd01f7f2d6f443dfadd27,,byte inventory
runs/FINAL_PRE_X13_DEADLINE_v1/synthetic_rows/14ac264eb0cf3f56747cae4414c53af00c211c2721eac7b8d881a2bc2845b672.json,2244,62dd5254ea5f922a4448f48577c527adc3078b0b07309f3e02052e15b7215a0f,1,JSON parsed; structural inspection
runs/FINAL_PRE_X13_DEADLINE_v1/synthetic_rows/14ac264eb0cf3f56747cae4414c53af00c211c2721eac7b8d881a2bc2845b672.sha256,136,57ec1d48a941adbc2e1a4bfc3dc7a72298ab57f2972eedf1a258855715175881,,byte inventory
runs/FINAL_PRE_X13_DEADLINE_v1/synthetic_rows/16673dc49f4d1893479720f56cf147f8cb256d9ac79dcaebacb5a10a86bcc856.json,2245,49142958320ff6f579bc5f6c77043907a4b44af028375bc017795de9ea0d3e83,1,JSON parsed; structural inspection
runs/FINAL_PRE_X13_DEADLINE_v1/synthetic_rows/16673dc49f4d1893479720f56cf147f8cb256d9ac79dcaebacb5a10a86bcc856.sha256,136,986e01ee27d687165afed968f7e309c2160142f7153ec41a3c57021f0b38429e,,byte inventory
runs/FINAL_PRE_X13_DEADLINE_v1/synthetic_rows/16ac3f00fc290fdb0bc2155c05c23dd3a013fe44f7cfe5edb05b6f36b842c1e2.json,2251,51b2c8c05e0bd3862abb9200347f3ffebec617f3d5ac340f682c819d717b8981,1,JSON parsed; structural inspection
runs/FINAL_PRE_X13_DEADLINE_v1/synthetic_rows/16ac3f00fc290fdb0bc2155c05c23dd3a013fe44f7cfe5edb05b6f36b842c1e2.sha256,136,014ad07595c054bacb85cc0c39e805fed8ce8ee590f08f3e5810c2b64fb2aa05,,byte inventory
runs/FINAL_PRE_X13_DEADLINE_v1/synthetic_rows/16be5336f8ed57b7cbe0d04845ac9fd37826843f23a89ce9e20cf5186d5ef119.json,2242,b3c8f214eb3b5e779eb4f29a52f10f45f0d481417022893ae3eeaf71fd15d818,1,JSON parsed; structural inspection
runs/FINAL_PRE_X13_DEADLINE_v1/synthetic_rows/16be5336f8ed57b7cbe0d04845ac9fd37826843f23a89ce9e20cf5186d5ef119.sha256,136,23c9d2b11f69b7f9e07a1c8f4a453dcd5097355f6f7c761a4947683ebb67fe05,,byte inventory
runs/FINAL_PRE_X13_DEADLINE_v1/synthetic_rows/16f56bbfc10f496d288ab5de4a84d0e17b0986e8b69c99be375460d2a3b50db8.json,2248,e278622b1c4de00ccc4add64976d1358c6b7742807a5cec0a85dbe58e87040ae,1,JSON parsed; structural inspection
runs/FINAL_PRE_X13_DEADLINE_v1/synthetic_rows/16f56bbfc10f496d288ab5de4a84d0e17b0986e8b69c99be375460d2a3b50db8.sha256,136,a6a976bbe190759fb30d92c4524182cd96b69346554bb3cde06070dd684ae665,,byte inventory
runs/FINAL_PRE_X13_DEADLINE_v1/synthetic_rows/1797b1fcbf7260c631ad98bbc2037242549b7b0f17735f2e85dbc9eb2cebb8f4.json,2255,3d5a0bfef6b96a72a37dbede432b3799967172868aaf41a2f0b768fbb5040a60,1,JSON parsed; structural inspection
runs/FINAL_PRE_X13_DEADLINE_v1/synthetic_rows/1797b1fcbf7260c631ad98bbc2037242549b7b0f17735f2e85dbc9eb2cebb8f4.sha256,136,5b7ba9019b6271754d82ec115a66b12e55d7272007fe6d261a8a1931181a46d4,,byte inventory
runs/FINAL_PRE_X13_DEADLINE_v1/synthetic_rows/18b0f557a69d58f83dd9d66b691eda9bb1e98a1c8aa3f7486ac863860481e337.json,2233,c746f96b792225d012db783cf3222f5a9d2bf1c35982b055f809b8f1bed4a955,1,JSON parsed; structural inspection
runs/FINAL_PRE_X13_DEADLINE_v1/synthetic_rows/18b0f557a69d58f83dd9d66b691eda9bb1e98a1c8aa3f7486ac863860481e337.sha256,136,76573e6b9564c67594107740569e545e520e69442dd0d6885bbaeb098c93593d,,byte inventory
runs/FINAL_PRE_X13_DEADLINE_v1/synthetic_rows/18b9cfdacd64ec2c8b3768a63cdcffe9dda4b5e082b63cbdbcde67a02ba29714.json,2243,32a45f9deac0475e5b3a18357bb8f7930736984d9a249f6de5aa9407bd5cd6f1,1,JSON parsed; structural inspection
runs/FINAL_PRE_X13_DEADLINE_v1/synthetic_rows/18b9cfdacd64ec2c8b3768a63cdcffe9dda4b5e082b63cbdbcde67a02ba29714.sha256,136,6e3ffd1793013bff5efc651568a919f2418ad68ba5da99dbf669930f7c9cb81b,,byte inventory
runs/FINAL_PRE_X13_DEADLINE_v1/synthetic_rows/18f8dce21098eb20cb0d4f546d67747f06c423bfcb826012f02088dc3dc44e25.json,2247,3ab195f1f3aef9ededb0df85eca95eb35e0d843600d2d30d2fdbf9dab0628249,1,JSON parsed; structural inspection
runs/FINAL_PRE_X13_DEADLINE_v1/synthetic_rows/18f8dce21098eb20cb0d4f546d67747f06c423bfcb826012f02088dc3dc44e25.sha256,136,6e06f930e499fd6dae947284a94a5dc2576d6befbc0f130f948a6049a3519af6,,byte inventory
runs/FINAL_PRE_X13_DEADLINE_v1/synthetic_rows/1951f6367f02a9f3f955917a0e8d6ec33fe6e91a1fb030ebceb92b7eb356b364.json,2232,12306097bc7a095961136b470fd44cfe0b7c0376c9464a6ab07c04c0da8d0181,1,JSON parsed; structural inspection
runs/FINAL_PRE_X13_DEADLINE_v1/synthetic_rows/1951f6367f02a9f3f955917a0e8d6ec33fe6e91a1fb030ebceb92b7eb356b364.sha256,136,da60ba2295b71ab95d74a7a631b79ff7d6688c1e5447e21405f4241a318dff1f,,byte inventory
runs/FINAL_PRE_X13_DEADLINE_v1/synthetic_rows/19f55b4276e5122d646af410c375645ca5012ebf47f163e192316c6383855a26.json,2238,8a775e1d5a38d4499ca8f57d70f6f221a4bf1664cd21aa8497c6d51e42af193e,1,JSON parsed; structural inspection
runs/FINAL_PRE_X13_DEADLINE_v1/synthetic_rows/19f55b4276e5122d646af410c375645ca5012ebf47f163e192316c6383855a26.sha256,136,b11e144c6570cd2c3779d6ffffba703f152b82fcb9d3ac8ed967c3c34176324d,,byte inventory
runs/FINAL_PRE_X13_DEADLINE_v1/synthetic_rows/1a1d428f8e1da8358f2ea1b5155840c38b644d10d8edfa4073e395bbb5cf242b.json,2237,88073b345198c54733bd1b8db5c6c551bfa670f39c689c6a212927d4f2f95792,1,JSON parsed; structural inspection
runs/FINAL_PRE_X13_DEADLINE_v1/synthetic_rows/1a1d428f8e1da8358f2ea1b5155840c38b644d10d8edfa4073e395bbb5cf242b.sha256,136,15da666c3d29c1a97b2856382b41bc854d085ea5ae9439a38a78a405bf14b1ae,,byte inventory
runs/FINAL_PRE_X13_DEADLINE_v1/synthetic_rows/1a229e29bee0dcd0d5dc1edec008d844b3dae7cda5d950d8d7080d7741aecc60.json,2254,15d93da9b6c62de55f47a9cb6e07c362005e776cd27ab7ae763f1d7b0bd6875a,1,JSON parsed; structural inspection
runs/FINAL_PRE_X13_DEADLINE_v1/synthetic_rows/1a229e29bee0dcd0d5dc1edec008d844b3dae7cda5d950d8d7080d7741aecc60.sha256,136,060168ed4e2c1367c3c754b2e01cb32ea1c829b50440bf44ec9b328b41089649,,byte inventory
runs/FINAL_PRE_X13_DEADLINE_v1/synthetic_rows/1a2ead2cd0de4f32e72e994c5c8c5529ef90abe685854c8c8a0c34b03ab71036.json,2238,18c0a5f44257f4c24ed8d62ef7dfa6a82b1c0a828a94d4d0241130ada7b7ae34,1,JSON parsed; structural inspection
runs/FINAL_PRE_X13_DEADLINE_v1/synthetic_rows/1a2ead2cd0de4f32e72e994c5c8c5529ef90abe685854c8c8a0c34b03ab71036.sha256,136,9cd133274535cd0e84291e69d60a8f9d104c0a73306d35d6343b4c4c8da7167d,,byte inventory
runs/FINAL_PRE_X13_DEADLINE_v1/synthetic_rows/1a85c96df68a061750b5e788b41aa8434d86260fc0b0378d2736d9e8e1c8e896.json,2247,f72c0d2f82b608090f5c5c9115eb754cae3b95da53be3d2c32f0cc68a8f69274,1,JSON parsed; structural inspection
runs/FINAL_PRE_X13_DEADLINE_v1/synthetic_rows/1a85c96df68a061750b5e788b41aa8434d86260fc0b0378d2736d9e8e1c8e896.sha256,136,6053c92fdcfb9ee30e3b3cb1f499a241bb1be743080f1f8fe0b6a6c5aa7b84a9,,byte inventory
runs/FINAL_PRE_X13_DEADLINE_v1/synthetic_rows/1b09c2f2528f78e8a465342938d4acd9e1dde3f792d6ca85a7446d0f00c98afb.json,2244,699fbc37b40e96f07db371fb6efa3a97a8af54ffbf3a525e4616bfe1b5b9a9cb,1,JSON parsed; structural inspection
runs/FINAL_PRE_X13_DEADLINE_v1/synthetic_rows/1b09c2f2528f78e8a465342938d4acd9e1dde3f792d6ca85a7446d0f00c98afb.sha256,136,7fb8c661f11eaef0455b1af623a8cbcdf195b14b809532fa90a6eca53e8d5f68,,byte inventory
runs/FINAL_PRE_X13_DEADLINE_v1/synthetic_rows/1b25dcb425ce773d10653137aa84f8411ceb363b3b3579dddb1fdbc0882ca0a5.json,2247,d26e8272aebbebfb7acd1908b73e12b4154a08d4454d81d20ec3d7be455b18d8,1,JSON parsed; structural inspection
runs/FINAL_PRE_X13_DEADLINE_v1/synthetic_rows/1b25dcb425ce773d10653137aa84f8411ceb363b3b3579dddb1fdbc0882ca0a5.sha256,136,16ca53c4d7884364574b82bd142efb288c32442b54972afa79a22a50f6c74d38,,byte inventory
runs/FINAL_PRE_X13_DEADLINE_v1/synthetic_rows/1b41c6cf47d974eddcf5c43cccece83f8a5b37553173d079584fbd5f892744b5.json,2245,33d930f16cd4c03212ca2769b438d20ab0e161499b63d7d62abab86f631a37c0,1,JSON parsed; structural inspection
runs/FINAL_PRE_X13_DEADLINE_v1/synthetic_rows/1b41c6cf47d974eddcf5c43cccece83f8a5b37553173d079584fbd5f892744b5.sha256,136,bec8b6b283499493d3ccbc8ce480aa7fd3d040437938540ffb02427a371c6fb6,,byte inventory
runs/FINAL_PRE_X13_DEADLINE_v1/synthetic_rows/1bb3ecc1aabe9eb959e21963eaaabe3ef1cd19171a40f1ae2dfba34b307d4aaf.json,2252,ffcee6b15cfa4265514982770967fa3bf39e70068e6e25bbae2996bfa024bd7e,1,JSON parsed; structural inspection
runs/FINAL_PRE_X13_DEADLINE_v1/synthetic_rows/1bb3ecc1aabe9eb959e21963eaaabe3ef1cd19171a40f1ae2dfba34b307d4aaf.sha256,136,b73f60ef8b8862fd4e27aadca5a3c652fea04f7da887df48cf908fd22595d64c,,byte inventory
runs/FINAL_PRE_X13_DEADLINE_v1/synthetic_rows/1c62b20c30d3e80fcb97f73633ab29994d09ed4332f7f426b2f383476114f0e2.json,2246,43303b67ffd2acc18b6053874307d7d029bcf37573de945eaff553b6eef09e3c,1,JSON parsed; structural inspection
runs/FINAL_PRE_X13_DEADLINE_v1/synthetic_rows/1c62b20c30d3e80fcb97f73633ab29994d09ed4332f7f426b2f383476114f0e2.sha256,136,49d8be13de1ad83c2c118ad97bd0b8314505c6a2cf3fc3c0fb9c4bb5bd8e143d,,byte inventory
runs/FINAL_PRE_X13_DEADLINE_v1/synthetic_rows/1ca27f991c0945211a2d5efb0fae90e90fe4fb3c5131448e8f4aa065c5ff172c.json,2245,0281faee33cb4d20ba1a059dc78a92fdffea88cb124f10be88c5fcd429d1f4ee,1,JSON parsed; structural inspection
runs/FINAL_PRE_X13_DEADLINE_v1/synthetic_rows/1ca27f991c0945211a2d5efb0fae90e90fe4fb3c5131448e8f4aa065c5ff172c.sha256,136,f4b61a29008ddd66b977ef461f50f393226be48c7e894815e339d23ad950101f,,byte inventory
runs/FINAL_PRE_X13_DEADLINE_v1/synthetic_rows/1cdf63460c80f5c9ed8fba93895b85e2f2c0e74e73491012e1bebabba4dd1620.json,2255,51ecbc0305469876c3fa084f5b2373177ffa7a652d5f5f8bff49f3cfd8cd15c0,1,JSON parsed; structural inspection
runs/FINAL_PRE_X13_DEADLINE_v1/synthetic_rows/1cdf63460c80f5c9ed8fba93895b85e2f2c0e74e73491012e1bebabba4dd1620.sha256,136,bf7f0256a03f1072b4ddaab8c6ec357c0dc575559cc834e642b4dde0d66a155b,,byte inventory
runs/FINAL_PRE_X13_DEADLINE_v1/synthetic_rows/1cffde4a956826035e604ec968f89e829e380553dd2ce0df00d988709a547cd4.json,2236,33b6345ee1374027f2378bf90d4b240973fb7326b57f1bc054e928af5c6982c5,1,JSON parsed; structural inspection
runs/FINAL_PRE_X13_DEADLINE_v1/synthetic_rows/1cffde4a956826035e604ec968f89e829e380553dd2ce0df00d988709a547cd4.sha256,136,3b879b57c8cbab5d742b0e6452392cccce1cbc53a2a200ae6b8d3e513d60d3a2,,byte inventory
runs/FINAL_PRE_X13_DEADLINE_v1/synthetic_rows/1d7255203bb2cf95c6f9f688fb92ca2b6c105ea56d546a841d7681e03b208076.json,2233,aebfdf8bfa574066c6e74a6267e18c3a1b98ae725c7f2d907cecee8907ede67e,1,JSON parsed; structural inspection
runs/FINAL_PRE_X13_DEADLINE_v1/synthetic_rows/1d7255203bb2cf95c6f9f688fb92ca2b6c105ea56d546a841d7681e03b208076.sha256,136,c6602a2fa2d324c6b1f192a684698344e3262e7a35fe8b508e0d9de76195a6f6,,byte inventory
runs/FINAL_PRE_X13_DEADLINE_v1/synthetic_rows/1e684764950e382def79f6ecb970bca42f8fdd47c37fca9df99f1e83ea0784e0.json,2233,fb61c41a837baa101117a8c18ce0208717e35397220004249253e5e6f3339adf,1,JSON parsed; structural inspection
runs/FINAL_PRE_X13_DEADLINE_v1/synthetic_rows/1e684764950e382def79f6ecb970bca42f8fdd47c37fca9df99f1e83ea0784e0.sha256,136,b7b2b5f7cb1cb98fc66cab41246204338a9032c447c7a0dd602a77193eab26cd,,byte inventory
runs/FINAL_PRE_X13_DEADLINE_v1/synthetic_rows/1fa73e9c3dacb3aded4518226e80fede672039924fd4736f1ab985d7f267a1fb.json,2250,546c65090a64c75c149acb6cf213c3d31895e4937762bd99f594144bd5fb70c3,1,JSON parsed; structural inspection
runs/FINAL_PRE_X13_DEADLINE_v1/synthetic_rows/1fa73e9c3dacb3aded4518226e80fede672039924fd4736f1ab985d7f267a1fb.sha256,136,7dd2e0368db5f1211fdb4ae7aa1fb6395ed063da6a3e500e94a9a275c4435f29,,byte inventory
runs/FINAL_PRE_X13_DEADLINE_v1/synthetic_rows/1fe07633a5e09c43e2298574ecaae560c95bb3a51850a25e4eac536301e5e404.json,2244,77cbf7a63c9fef213e8ea9f3f6a2059d47b56c70ccf2f5ff28f16f46e929d210,1,JSON parsed; structural inspection
runs/FINAL_PRE_X13_DEADLINE_v1/synthetic_rows/1fe07633a5e09c43e2298574ecaae560c95bb3a51850a25e4eac536301e5e404.sha256,136,400cb05d2434df80984fca13290c02cc2c24715e1c6e7fac4864852dbf17ed93,,byte inventory
runs/FINAL_PRE_X13_DEADLINE_v1/synthetic_rows/2067f0e0ffe2bdbfccaf529266385cc9fa7afdc0781a3428a4548a54aa5cc710.json,2232,ea68b47d1b5d91d2dc56f6dc615bddad67004ec4d271a95b89e8a28b393193b3,1,JSON parsed; structural inspection
runs/FINAL_PRE_X13_DEADLINE_v1/synthetic_rows/2067f0e0ffe2bdbfccaf529266385cc9fa7afdc0781a3428a4548a54aa5cc710.sha256,136,476efeaf2ec4a93d64deca502142f1974244909b7a750a56073ffe17809815df,,byte inventory
runs/FINAL_PRE_X13_DEADLINE_v1/synthetic_rows/207ca343ee18d7eb63ff5dc1472664887db5f36299ae9ce7d4a385cb5b4ca635.json,2253,06c7c60371ff683cf12f6a4582d8d5deb0c28a62a41a33848e3eacfabe3b85ac,1,JSON parsed; structural inspection
runs/FINAL_PRE_X13_DEADLINE_v1/synthetic_rows/207ca343ee18d7eb63ff5dc1472664887db5f36299ae9ce7d4a385cb5b4ca635.sha256,136,e24db9f38ff838afb31d9599809ccaad413d34fe5f9292afa8a0888c4af02668,,byte inventory
runs/FINAL_PRE_X13_DEADLINE_v1/synthetic_rows/20aba651da4f8e3943baebbe023e36c848cf24a31f710847596093bba9d310d2.json,2232,55d0f19b38586691f4048bc84e7991308ff3aeb84a8e95a7349513db86d15752,1,JSON parsed; structural inspection
runs/FINAL_PRE_X13_DEADLINE_v1/synthetic_rows/20aba651da4f8e3943baebbe023e36c848cf24a31f710847596093bba9d310d2.sha256,136,6cdb3451eddd94ea06b4159a8bb5b32641a50132a25eb7efa740b173f9fd363b,,byte inventory
runs/FINAL_PRE_X13_DEADLINE_v1/synthetic_rows/2110f6621cc19501a6e9075bfa1408c20990cb76495ee73182440be423cd3e86.json,2241,f61a96a75b32ffdd395d4aed98d3dfa7d381597d90c40ec40801a8cea2924004,1,JSON parsed; structural inspection
runs/FINAL_PRE_X13_DEADLINE_v1/synthetic_rows/2110f6621cc19501a6e9075bfa1408c20990cb76495ee73182440be423cd3e86.sha256,136,45fb7d2386244f7163b71a9833a02aa62d8b2128451ad59029b354a3421d2f41,,byte inventory
runs/FINAL_PRE_X13_DEADLINE_v1/synthetic_rows/21779ab5ecc068349fad8cbaf7225403729808d6d29f9b2d0058dfdeb4093df6.json,2243,72d4f0a8b7e6ff209b1bc51c89654680afdc7f877b2289645da905e4c6487246,1,JSON parsed; structural inspection
runs/FINAL_PRE_X13_DEADLINE_v1/synthetic_rows/21779ab5ecc068349fad8cbaf7225403729808d6d29f9b2d0058dfdeb4093df6.sha256,136,4774e8fe12659ad55d978a20e28a8dc9fdcbace37b060dbd0bb0a39724f86216,,byte inventory
runs/FINAL_PRE_X13_DEADLINE_v1/synthetic_rows/21e9da40e40704929c5c88dca97be9f1d2b3903e53de4e219851d1a8cc446dbd.json,2244,b3d0adf4f556a550fdb3e4a8a3fa50994d4409c8c4bb89078290af6e96b54186,1,JSON parsed; structural inspection
runs/FINAL_PRE_X13_DEADLINE_v1/synthetic_rows/21e9da40e40704929c5c88dca97be9f1d2b3903e53de4e219851d1a8cc446dbd.sha256,136,5cec9455bf5e955ad3cdac1be9248800cd56fe09f8e3131b82dcb1d68e49dd71,,byte inventory
runs/FINAL_PRE_X13_DEADLINE_v1/synthetic_rows/2220899b254948136ea1e563a707b197e517bab15a25f33339107d2bc287e835.json,2241,3c3bf4d051a54753173a2819a9e92cf065dfdd3ab274b84ed797285bde1f835e,1,JSON parsed; structural inspection
runs/FINAL_PRE_X13_DEADLINE_v1/synthetic_rows/2220899b254948136ea1e563a707b197e517bab15a25f33339107d2bc287e835.sha256,136,fc4ef06d0c505eb22ec4b200697a009874d60a5207f05957f082faab744466e7,,byte inventory
runs/FINAL_PRE_X13_DEADLINE_v1/synthetic_rows/2271f6761fe41aafc1164ab1780b889305a8374ae51e0b945fcab9c00968304f.json,2251,986930e56d8d88af681755c813c4c477dc48df4da37ee1b765d1dc554dfc3b27,1,JSON parsed; structural inspection
runs/FINAL_PRE_X13_DEADLINE_v1/synthetic_rows/2271f6761fe41aafc1164ab1780b889305a8374ae51e0b945fcab9c00968304f.sha256,136,be0c0ee637584ac89b02061283295cd7ae5ccadbd5c25b240d1073953d951d88,,byte inventory
runs/FINAL_PRE_X13_DEADLINE_v1/synthetic_rows/22ceeb51ba79a4f869bfbf39c135bade229feb4cb52362018a7490db993bc94c.json,2238,5a5dfd4dfd5c7fb6f93a8b3afdaf6fda57618f1014c2d9de2c60cfd767ad8201,1,JSON parsed; structural inspection
runs/FINAL_PRE_X13_DEADLINE_v1/synthetic_rows/22ceeb51ba79a4f869bfbf39c135bade229feb4cb52362018a7490db993bc94c.sha256,136,ef10dd7df671f3f05762a9759c76d0c599682434b450a0a913e81303c188b771,,byte inventory
runs/FINAL_PRE_X13_DEADLINE_v1/synthetic_rows/234321a282cd4234343925069c67fd21932b4462d1bbe68bdc0e21ac5a38cb43.json,2244,e0fe935deb77a8f00f71442c485eb7d4828ebb6e88b4ab5aa49a5e70dd744ff8,1,JSON parsed; structural inspection
runs/FINAL_PRE_X13_DEADLINE_v1/synthetic_rows/234321a282cd4234343925069c67fd21932b4462d1bbe68bdc0e21ac5a38cb43.sha256,136,c895c39528844ecd17ab545636f64a1febb84893e4d92f7e306c373081795edf,,byte inventory
runs/FINAL_PRE_X13_DEADLINE_v1/synthetic_rows/237e706a133cef88206cf6e158fcb97dd2552a769cdd18e4ca6883e936c97c14.json,2236,0e4a3d7305506560561608944e5a95f7b751a438e1c6b64018036a7cbb03de7e,1,JSON parsed; structural inspection
runs/FINAL_PRE_X13_DEADLINE_v1/synthetic_rows/237e706a133cef88206cf6e158fcb97dd2552a769cdd18e4ca6883e936c97c14.sha256,136,64040d6eaad319fb667b2802bd9b21de54bc92fb571044ac425c3475a36fd12a,,byte inventory
runs/FINAL_PRE_X13_DEADLINE_v1/synthetic_rows/23e0dbcdf6ef40e9f46e62b6f8592cf53bc8a365feaa59743c6a97925e1fac87.json,2245,eb8958205f7fdc8e9e88711166ccc2dadfbc5e1e8d04a2025b0c22cd34a6d16c,1,JSON parsed; structural inspection
runs/FINAL_PRE_X13_DEADLINE_v1/synthetic_rows/23e0dbcdf6ef40e9f46e62b6f8592cf53bc8a365feaa59743c6a97925e1fac87.sha256,136,3f228cf65c518885c66042ab073c7db6021515b5f048eb15436b2b6aa93bed31,,byte inventory
runs/FINAL_PRE_X13_DEADLINE_v1/synthetic_rows/2416f30342a2dfb12859eeb0977624e5cebe07dcb5f28ddf670ba3f6ed9c470b.json,2249,4f45de1365c8fb45b9574703980c1e524acfbef5e94ff1031c02b86ceb832e28,1,JSON parsed; structural inspection
runs/FINAL_PRE_X13_DEADLINE_v1/synthetic_rows/2416f30342a2dfb12859eeb0977624e5cebe07dcb5f28ddf670ba3f6ed9c470b.sha256,136,da77f8f202d176a94dab8d86a29d413d2e9721da4366ee5e0c96fe8ee18a45b8,,byte inventory
runs/FINAL_PRE_X13_DEADLINE_v1/synthetic_rows/243224f2531cf1b988c7657e5ad4982ba2cdc6fa8e5fedd1deabb47deb131ea6.json,2231,241d2be722591b105b8aa6c6c5cfe543fdbd4f5726cd7e21dfd9d38cf0bb3877,1,JSON parsed; structural inspection
runs/FINAL_PRE_X13_DEADLINE_v1/synthetic_rows/243224f2531cf1b988c7657e5ad4982ba2cdc6fa8e5fedd1deabb47deb131ea6.sha256,136,3dab96bacc375f69e2d0a13bc235b7a0639f81d7099bc89c5ce852ee62085017,,byte inventory
runs/FINAL_PRE_X13_DEADLINE_v1/synthetic_rows/2485cc6ca9b01557a3537962cda5d3b4b313cac3a3638511823259d51cd85653.json,2252,0dfee6859560dd2d4d3ffa8c8911c8964f164899079cb568b68f4ef59e9f7fb8,1,JSON parsed; structural inspection
runs/FINAL_PRE_X13_DEADLINE_v1/synthetic_rows/2485cc6ca9b01557a3537962cda5d3b4b313cac3a3638511823259d51cd85653.sha256,136,687610bf4501b9bb4b0615712d249cfbf573ea10ce4219af698804d747bdc2bb,,byte inventory
runs/FINAL_PRE_X13_DEADLINE_v1/synthetic_rows/27389d40a9d6d9d8d4fb464e298b81e65de03b1f256b4ebb417910888c6cf9b5.json,2242,2bd48ef249d83220a1b61a6ad89fe5cb72a994d0bd22dd13febf7c3843de865d,1,JSON parsed; structural inspection
runs/FINAL_PRE_X13_DEADLINE_v1/synthetic_rows/27389d40a9d6d9d8d4fb464e298b81e65de03b1f256b4ebb417910888c6cf9b5.sha256,136,48ea4f1c09472482af6767ecbcf939a432ec3e13ca9e36e4712cc673e736f20a,,byte inventory
runs/FINAL_PRE_X13_DEADLINE_v1/synthetic_rows/2939c52515945a86c7bb8f45bdbed5a0ec7a248a39a66ea4ed68d737a9aeba0d.json,2242,e7fbec4bead50df2a78168bfd6e3d3dde31fe8a65f73727df55c27f06ba3fdf6,1,JSON parsed; structural inspection
runs/FINAL_PRE_X13_DEADLINE_v1/synthetic_rows/2939c52515945a86c7bb8f45bdbed5a0ec7a248a39a66ea4ed68d737a9aeba0d.sha256,136,55aea3366116623e6c52861ccf7daa4c957ba209397d9997807ca7a2d363b8a9,,byte inventory
runs/FINAL_PRE_X13_DEADLINE_v1/synthetic_rows/29427ab5bf13a3538e75cf17b82e590a4f35f24353054ec3db9932288fa07c05.json,2236,72c18d4865b72cffd0cb2358e08d2a0aca2494ec087e1beb7845be6c8d9dd72b,1,JSON parsed; structural inspection
runs/FINAL_PRE_X13_DEADLINE_v1/synthetic_rows/29427ab5bf13a3538e75cf17b82e590a4f35f24353054ec3db9932288fa07c05.sha256,136,1e7c7c4a1ddc203c77b584a2a0d559a4fec5234fb8617895808316a04de41b51,,byte inventory
runs/FINAL_PRE_X13_DEADLINE_v1/synthetic_rows/297041c41fe0533fd531f6ec404f1e91db135ad7f0ea68fbf18a2877e3659a67.json,2235,9b036fd3a5117ef700c1eda6fb751af10990ad1eb651848fdf5746675822351b,1,JSON parsed; structural inspection
runs/FINAL_PRE_X13_DEADLINE_v1/synthetic_rows/297041c41fe0533fd531f6ec404f1e91db135ad7f0ea68fbf18a2877e3659a67.sha256,136,7e73419347ad0660a0da2f3bb66a7aef9934e376227fdb60e1f26ae2f4b552f7,,byte inventory
runs/FINAL_PRE_X13_DEADLINE_v1/synthetic_rows/2a1688dd92510bf92bcca571eae4b67e1a3bda8322512c1d5f62f2df756fb286.json,2246,0b1d0fee27bd89605bf0aecb03ff0ada97050831d50f6221ae42ab5c65d28372,1,JSON parsed; structural inspection
runs/FINAL_PRE_X13_DEADLINE_v1/synthetic_rows/2a1688dd92510bf92bcca571eae4b67e1a3bda8322512c1d5f62f2df756fb286.sha256,136,6e388286e807f2e700e9e34e1864e1a23f5c9e856f33edf08faa613ca1a5a745,,byte inventory
runs/FINAL_PRE_X13_DEADLINE_v1/synthetic_rows/2a37218332e021dbecdb037884ec8a6e286c1facfeff6a9bcb192211c160faf4.json,2243,e88884f602e753bd4b6337c3911f9b879b7bb724b6e03b354de3808451c039eb,1,JSON parsed; structural inspection
runs/FINAL_PRE_X13_DEADLINE_v1/synthetic_rows/2a37218332e021dbecdb037884ec8a6e286c1facfeff6a9bcb192211c160faf4.sha256,136,a44f0033263357742e67dde28e1df9119199dc2057357b8b44bf8d2ab5167a72,,byte inventory
runs/FINAL_PRE_X13_DEADLINE_v1/synthetic_rows/2a8583f7d979064da6ac2ec5cc8c4d547d51c88930d5024192e449220a33c200.json,2242,ece2f951a5d600ae271d739d919180f7b1618964800c409e47f95a24541b8222,1,JSON parsed; structural inspection
runs/FINAL_PRE_X13_DEADLINE_v1/synthetic_rows/2a8583f7d979064da6ac2ec5cc8c4d547d51c88930d5024192e449220a33c200.sha256,136,ec9bf702cb10846f85d9f977e9d7fbcccc49a60b608c6c76f3d074a39d784d24,,byte inventory
runs/FINAL_PRE_X13_DEADLINE_v1/synthetic_rows/2aa1cfbae4ad6a9ee64c24438907d45cfc5efcda1de2f63b48253fd4ba3398a7.json,2250,617d1d0249a4d45f92137d3452e8a120d40a9f126782ed055d489794dab2ebf7,1,JSON parsed; structural inspection
runs/FINAL_PRE_X13_DEADLINE_v1/synthetic_rows/2aa1cfbae4ad6a9ee64c24438907d45cfc5efcda1de2f63b48253fd4ba3398a7.sha256,136,3b7cb88fb0d1a79a937939f97728f988ada041ea6324a5103b7952f0faefadb0,,byte inventory
runs/FINAL_PRE_X13_DEADLINE_v1/synthetic_rows/2afe9d19974d19a409c3732f8d2d18772b212ed98eb722b4395a14a6a64e152f.json,2244,0b60dcfaba4e9542bacfc81796459af78871ce727fa476c7454fc8925d9e1b91,1,JSON parsed; structural inspection
runs/FINAL_PRE_X13_DEADLINE_v1/synthetic_rows/2afe9d19974d19a409c3732f8d2d18772b212ed98eb722b4395a14a6a64e152f.sha256,136,525a9be837db8c6d01663fa2385503ba6904ed01d80a48b6ba2226ce9dd4bf2b,,byte inventory
runs/FINAL_PRE_X13_DEADLINE_v1/synthetic_rows/2b4646860895baa01a8da2c8964a58fa358d9c73e9b140196b1202d6df204457.json,2242,8973a1162d3d5a5ca0c1d2e07b278ec3199c47d533e142cea6f5aaf5bf262daf,1,JSON parsed; structural inspection
runs/FINAL_PRE_X13_DEADLINE_v1/synthetic_rows/2b4646860895baa01a8da2c8964a58fa358d9c73e9b140196b1202d6df204457.sha256,136,de7a257d29d9ff83cb2690d3b77a99561b7d97e6b6fa8c7121ffe24cc13d3563,,byte inventory
runs/FINAL_PRE_X13_DEADLINE_v1/synthetic_rows/2c35338680a7d5429b1d0b30a2f99fd91ec63c6ba7272c675cd6ebfca1bb0401.json,2233,f15f7d3879a233526c118f88107accb27723ee6fc5a0d467cced6916b2d2f84f,1,JSON parsed; structural inspection
runs/FINAL_PRE_X13_DEADLINE_v1/synthetic_rows/2c35338680a7d5429b1d0b30a2f99fd91ec63c6ba7272c675cd6ebfca1bb0401.sha256,136,4020ee8d1149f044bd3aeb1aa9286e1adc6a17f076cbe2502b4dec540ae21f05,,byte inventory
runs/FINAL_PRE_X13_DEADLINE_v1/synthetic_rows/2c84b7866a6a83f84cf6e3dc211244fa24d2aa082c2cc2b6a3d967af12bb4c73.json,2244,8701abd34c59b1f3c68f63e049195653b4b5c1726820065b701da4be95510ffd,1,JSON parsed; structural inspection
runs/FINAL_PRE_X13_DEADLINE_v1/synthetic_rows/2c84b7866a6a83f84cf6e3dc211244fa24d2aa082c2cc2b6a3d967af12bb4c73.sha256,136,8d8b2576ecdfbfb337e3296f3c92d3c93483a21ab7e2ddc67b33add9aaef9e0d,,byte inventory
runs/FINAL_PRE_X13_DEADLINE_v1/synthetic_rows/2d587a5a8432b49ed88b793ac24aa2bfd817763d513e5f889997eae88f95489c.json,2232,25d4484f11991ff89f8bb2fbc92a042887aea9587da0f425afd575485cf31002,1,JSON parsed; structural inspection
runs/FINAL_PRE_X13_DEADLINE_v1/synthetic_rows/2d587a5a8432b49ed88b793ac24aa2bfd817763d513e5f889997eae88f95489c.sha256,136,d1a9b5057c7f1c757120b0f5304f26309c98920f764946ba6b8a12131f4d9644,,byte inventory
runs/FINAL_PRE_X13_DEADLINE_v1/synthetic_rows/2d7f38323fe9a9e1072d293cb60a3f49444a43c8248e656452be7dd9b274b42d.json,2255,9e99f638253c9a359cba27bad5eb9919aefa05eb6b16214bd12db16ea0ec3e7f,1,JSON parsed; structural inspection
runs/FINAL_PRE_X13_DEADLINE_v1/synthetic_rows/2d7f38323fe9a9e1072d293cb60a3f49444a43c8248e656452be7dd9b274b42d.sha256,136,ccd2e0bc4b918f9f9f6da9a205fea52377215c5eb64555821632b829c0ead582,,byte inventory
runs/FINAL_PRE_X13_DEADLINE_v1/synthetic_rows/2d9275d6e6a50586f498c52f7cd45f77744fedd78a7037f198e553ea8ce07cd3.json,2255,7d87e3c2c2f5d3ad9d7eb0b72589cfe22829e7dfa8cfc110767bae1f944c7572,1,JSON parsed; structural inspection
runs/FINAL_PRE_X13_DEADLINE_v1/synthetic_rows/2d9275d6e6a50586f498c52f7cd45f77744fedd78a7037f198e553ea8ce07cd3.sha256,136,95f73e318de8606343d6d985e1c07b8ccd65aa524e120d4018bfa22e5e379f35,,byte inventory
runs/FINAL_PRE_X13_DEADLINE_v1/synthetic_rows/2e066fa42a8864d37bd1db1f48a63f5abede8e9111f3edf145e7ccb62c2ac1b5.json,2245,87c6901e7e54213965f3f0b802a2916b4fe17d6b4c812e3e07b21adbb646a248,1,JSON parsed; structural inspection
runs/FINAL_PRE_X13_DEADLINE_v1/synthetic_rows/2e066fa42a8864d37bd1db1f48a63f5abede8e9111f3edf145e7ccb62c2ac1b5.sha256,136,a03da716e2b72ecfc7a2c8691135af7b16baf34e57483ecfcae81e12d34244ef,,byte inventory
runs/FINAL_PRE_X13_DEADLINE_v1/synthetic_rows/2eb082c3d87a3510488181b081fadd245ec3ff0fa4edf618ff04a936908594dd.json,2243,f2e9dc6545cbc4a8f2a919b1b60260a70b8a49467e18b006e27aecae1c4745f3,1,JSON parsed; structural inspection
runs/FINAL_PRE_X13_DEADLINE_v1/synthetic_rows/2eb082c3d87a3510488181b081fadd245ec3ff0fa4edf618ff04a936908594dd.sha256,136,165464d4ee898e3b9862d469057e71ff76ae2eb8631845a273f6f9b2e72a9ad8,,byte inventory
runs/FINAL_PRE_X13_DEADLINE_v1/synthetic_rows/2eb3df636231f5e2601207ed030c81570bfdde1c9a4a75d8a77d011d8e6523da.json,2240,b3ae93cb70f3775857d8ae629137836d1219b844d08c86ea6a3a22129f1923fa,1,JSON parsed; structural inspection
runs/FINAL_PRE_X13_DEADLINE_v1/synthetic_rows/2eb3df636231f5e2601207ed030c81570bfdde1c9a4a75d8a77d011d8e6523da.sha256,136,32409d86d5999701171f1eac318b3e0f06ae2615b0ecfea1920511ec4be9f9cb,,byte inventory
runs/FINAL_PRE_X13_DEADLINE_v1/synthetic_rows/2eb3ed85b81fb7e3bac29fa50d62bb5a1ac7a9714dce8b7a488b6df9c037644a.json,2242,a69d752cbf3753ed0019738bd56fa76db7f1e5a82353767b8718ff824b64b4de,1,JSON parsed; structural inspection
runs/FINAL_PRE_X13_DEADLINE_v1/synthetic_rows/2eb3ed85b81fb7e3bac29fa50d62bb5a1ac7a9714dce8b7a488b6df9c037644a.sha256,136,cbaba2d8c219f6bde8414fd20152d1f1575bb73339bb9bf69ff58d0341a45816,,byte inventory
runs/FINAL_PRE_X13_DEADLINE_v1/synthetic_rows/2ec8651f7a9a6b96c1531a0d2689d8fbeb9d481ab107080a2ea615b27ba82d70.json,2236,f02184e49dbaaf794bd1bb0801d576e70f870b4466141f624009c6928da236ac,1,JSON parsed; structural inspection
runs/FINAL_PRE_X13_DEADLINE_v1/synthetic_rows/2ec8651f7a9a6b96c1531a0d2689d8fbeb9d481ab107080a2ea615b27ba82d70.sha256,136,f3c6d5d0b2c9ff8b11ae5a8322a566eba6876a36906350e398c0dccfcda90f2a,,byte inventory
runs/FINAL_PRE_X13_DEADLINE_v1/synthetic_rows/2f05a471f3108853578b6967d86a16b966f1979c9ee12b61f0513d9439eef83a.json,2241,336a6c92bd8265f10c56b1eca3547efe6b1f201a4bc53dde3069046b2485af4b,1,JSON parsed; structural inspection
runs/FINAL_PRE_X13_DEADLINE_v1/synthetic_rows/2f05a471f3108853578b6967d86a16b966f1979c9ee12b61f0513d9439eef83a.sha256,136,cbdb94e125ebf8e0ff0c3ed668458c91f83694a0c42ff63c377b6fc9ef3ee389,,byte inventory
runs/FINAL_PRE_X13_DEADLINE_v1/synthetic_rows/2f945c7fb53a0574dcf666b90650d8db019b3cd9e70e7decdc188f6795591547.json,2235,3ab3fda7ace62502682da4f5622b5021d163c0407f11e74aadeb184bfc091e5e,1,JSON parsed; structural inspection
runs/FINAL_PRE_X13_DEADLINE_v1/synthetic_rows/2f945c7fb53a0574dcf666b90650d8db019b3cd9e70e7decdc188f6795591547.sha256,136,a9dbaf62f7801ba4726407a0422fb27caf2169f5d59e50fdfad295835c975e7a,,byte inventory
runs/FINAL_PRE_X13_DEADLINE_v1/synthetic_rows/2fcc6257f3e04dbbfbc4c7be64e85df1a135ceca8bfe7fd9110a77ab670c38b1.json,2242,4544f49f93724210ba429aa1bd9f2dff4531a2aa8836c63ea4fc6e395cc93ad6,1,JSON parsed; structural inspection
runs/FINAL_PRE_X13_DEADLINE_v1/synthetic_rows/2fcc6257f3e04dbbfbc4c7be64e85df1a135ceca8bfe7fd9110a77ab670c38b1.sha256,136,fa17a50ae885b00c9ba17e7d3e11cd186b1f964a425d8b72d9740b51cd3c2b3e,,byte inventory
runs/FINAL_PRE_X13_DEADLINE_v1/synthetic_rows/2fd84e48915dd434f1ab91e5afcc7d47670aaf2e031d41cefaec9ce3199672a0.json,2256,f70df56d5a3335ca8301ac532dd9fb7bfb7020ea4996050f6c29730794a499a9,1,JSON parsed; structural inspection
runs/FINAL_PRE_X13_DEADLINE_v1/synthetic_rows/2fd84e48915dd434f1ab91e5afcc7d47670aaf2e031d41cefaec9ce3199672a0.sha256,136,e9714ac37d08a6053f6858826f0f7318c55f7fbbc8d1688f518b181eb119cdfc,,byte inventory
runs/FINAL_PRE_X13_DEADLINE_v1/synthetic_rows/2ff2b9470cc5b89600e6958615259d8992c84924d8282ad1d34b414262edf288.json,2235,014b151d0dcd1124804ab676a3598bb0e7a76c04c844642d40e4a7ccc78b875a,1,JSON parsed; structural inspection
runs/FINAL_PRE_X13_DEADLINE_v1/synthetic_rows/2ff2b9470cc5b89600e6958615259d8992c84924d8282ad1d34b414262edf288.sha256,136,3797645c3abd05675b602bcc1e117b04c2fd5a1d2fea838c38da09f2f03bce95,,byte inventory
runs/FINAL_PRE_X13_DEADLINE_v1/synthetic_rows/3004c30eb9708f470243f90593d7210f9867b4981d3c5271ebdc5ca24a263367.json,2232,de112d4d85a0eba442e561ac46e3838e4143572aebcaf31d5ba5ce837a3dc76e,1,JSON parsed; structural inspection
runs/FINAL_PRE_X13_DEADLINE_v1/synthetic_rows/3004c30eb9708f470243f90593d7210f9867b4981d3c5271ebdc5ca24a263367.sha256,136,b92eb7548371a6a3d36562f7d347224cf84e71e563abfcb677d47bfe38396c6f,,byte inventory
runs/FINAL_PRE_X13_DEADLINE_v1/synthetic_rows/3020e1a9d891b38b8ce1875e0dceaa3099870b78c6c7240ec65de0f14e4c036e.json,2255,5caaf9c1fa00005314ed42351c3d707d930cfa501f4aa5f33e3095e24da8e66a,1,JSON parsed; structural inspection
runs/FINAL_PRE_X13_DEADLINE_v1/synthetic_rows/3020e1a9d891b38b8ce1875e0dceaa3099870b78c6c7240ec65de0f14e4c036e.sha256,136,1b03ab00b309d414c8073d9467f0d28350968612304e8264516190f905a54ca5,,byte inventory
runs/FINAL_PRE_X13_DEADLINE_v1/synthetic_rows/305a6bb6ace74514eaffa241698931b15d9e73603d494448d1c26ee950b8fb74.json,2234,14c8a92e8228cc6119ee1c5915394cdfba39dea7f757e18e7f41d2280a4b617a,1,JSON parsed; structural inspection
runs/FINAL_PRE_X13_DEADLINE_v1/synthetic_rows/305a6bb6ace74514eaffa241698931b15d9e73603d494448d1c26ee950b8fb74.sha256,136,a5b2cd5e9546e7d53e4cb6fb5dc7b0e7f50545965f08947069f63b34b920803c,,byte inventory
runs/FINAL_PRE_X13_DEADLINE_v1/synthetic_rows/30d1ecaa0a3d0c61cc290c16cbe120c0871aa21152f9beee2a774004853d8b57.json,2251,7d44b62175cec17d07c0520f219419baf1f2c7ded558161ffe75718f24d161b7,1,JSON parsed; structural inspection
runs/FINAL_PRE_X13_DEADLINE_v1/synthetic_rows/30d1ecaa0a3d0c61cc290c16cbe120c0871aa21152f9beee2a774004853d8b57.sha256,136,06fdc91f1d71c1b3b3f5f124a3de3b69438d8a7d4de197aba061bbb89cedef85,,byte inventory
runs/FINAL_PRE_X13_DEADLINE_v1/synthetic_rows/3157d2dcfd1c0c0c13c31ac61c0ca645f28f3724c88fdfd3785b2b59f6caa87e.json,2233,36b4e719b0d5897d27485f27b834f865597e0c7201b24991f1190aad46bba177,1,JSON parsed; structural inspection
runs/FINAL_PRE_X13_DEADLINE_v1/synthetic_rows/3157d2dcfd1c0c0c13c31ac61c0ca645f28f3724c88fdfd3785b2b59f6caa87e.sha256,136,c166839e7d6a443cab405b2ae61b8fc1f4979dae2f6a8b81481e04f5d2028243,,byte inventory
runs/FINAL_PRE_X13_DEADLINE_v1/synthetic_rows/31b60ccdcaec2d4e3b12e37b7beeb6aa6aa16426b16d6d8e270fcf101da527a2.json,2235,82e042b92d27c6aa126cfb5cec1799245e0122c830af5f2b973d47468e59622f,1,JSON parsed; structural inspection
runs/FINAL_PRE_X13_DEADLINE_v1/synthetic_rows/31b60ccdcaec2d4e3b12e37b7beeb6aa6aa16426b16d6d8e270fcf101da527a2.sha256,136,a476743113fb6b4efaea7cacb6204fab703561bd22342c247599dce6b2e9f033,,byte inventory
runs/FINAL_PRE_X13_DEADLINE_v1/synthetic_rows/321732a3dfc714333342756b97b1c8677955959beb05decd6ce0b6d0028afe3a.json,2242,f8d298d0fc2356062e7b6a8106b0fe3773b0557a5464082f567dc55c867fe662,1,JSON parsed; structural inspection
runs/FINAL_PRE_X13_DEADLINE_v1/synthetic_rows/321732a3dfc714333342756b97b1c8677955959beb05decd6ce0b6d0028afe3a.sha256,136,912f0a5948ec07299712cac1b4f167c4e9e48e9d57c0ff20047290377b1c13df,,byte inventory
runs/FINAL_PRE_X13_DEADLINE_v1/synthetic_rows/3218fa229aeb119c8404a8a9ec2cfc8a7ee271706d0ece6b32f5c0bbe7db0171.json,2249,294e2e779126d6e6e82c08f4ff67199da17a67bc10d246bb490dc55f9395bde1,1,JSON parsed; structural inspection
runs/FINAL_PRE_X13_DEADLINE_v1/synthetic_rows/3218fa229aeb119c8404a8a9ec2cfc8a7ee271706d0ece6b32f5c0bbe7db0171.sha256,136,506d6019d09cd3de7ae95e83a7b378e68f8cb1449274d5ac4a0769553a3921f0,,byte inventory
runs/FINAL_PRE_X13_DEADLINE_v1/synthetic_rows/324a18af3334958ff53be21a8d004d351950ed5024a098c3dc90e5fb9ba7202e.json,2236,7c83e3ab61f2c1b41c7d533b231210bee43de27175c0d5e67f8acdcfdcb18f79,1,JSON parsed; structural inspection
runs/FINAL_PRE_X13_DEADLINE_v1/synthetic_rows/324a18af3334958ff53be21a8d004d351950ed5024a098c3dc90e5fb9ba7202e.sha256,136,1582a4f95c7852af7aaeb00f571d86893c147caec682b1751b6c3341beff61db,,byte inventory
runs/FINAL_PRE_X13_DEADLINE_v1/synthetic_rows/327f6ab93327b4260b4996f6a057f52a575d03bab2d01d33ce0d915594cc5a83.json,2244,ea9ffe97fdcc03f01b9c2915cf8633821934870915448c2c3da720ea4312e21d,1,JSON parsed; structural inspection
runs/FINAL_PRE_X13_DEADLINE_v1/synthetic_rows/327f6ab93327b4260b4996f6a057f52a575d03bab2d01d33ce0d915594cc5a83.sha256,136,cc220a464dc9d9a6442b5e8975a0dc27c3a845d8aa33c06f22a544263b6be561,,byte inventory
runs/FINAL_PRE_X13_DEADLINE_v1/synthetic_rows/329cb83f59a6d67d1d56d8e804eb3ef3a5064ef6a6c5d6d9394bb2c726f9420d.json,2237,b6a9c1c0d399ae4d1b743bd5283ab61b5997aa56b68a197078f8abc66f99b8ab,1,JSON parsed; structural inspection
runs/FINAL_PRE_X13_DEADLINE_v1/synthetic_rows/329cb83f59a6d67d1d56d8e804eb3ef3a5064ef6a6c5d6d9394bb2c726f9420d.sha256,136,a86a9ad72d4ed62e73b44981136366d93986f92a28fc696a381f3541326088fd,,byte inventory
runs/FINAL_PRE_X13_DEADLINE_v1/synthetic_rows/32a996684deadbb391230ce02c21625c36fe13b87f7cec134f6686ab652afcc7.json,2247,2f3bfbfdae3462cde8b1a429a6677fbeda858d27bad878675773a289387f6e22,1,JSON parsed; structural inspection
runs/FINAL_PRE_X13_DEADLINE_v1/synthetic_rows/32a996684deadbb391230ce02c21625c36fe13b87f7cec134f6686ab652afcc7.sha256,136,4e2231fa46e75e74ac40d2d825218987203c121f492a48ba27691b852977fcc3,,byte inventory
runs/FINAL_PRE_X13_DEADLINE_v1/synthetic_rows/32e7afa213be872e66f80fcbffb2bdc8cb24ec36d44e3b099aa1ff25796259cc.json,2245,2a1ef0c74018cb6001cac765e04bcfe6cc41548f63a0c4fdaff6f0268f922dc2,1,JSON parsed; structural inspection
runs/FINAL_PRE_X13_DEADLINE_v1/synthetic_rows/32e7afa213be872e66f80fcbffb2bdc8cb24ec36d44e3b099aa1ff25796259cc.sha256,136,90b2f2079e4dca69a4de526bdc2df674154acfb15a9b431a6ccf41945d7b5ce9,,byte inventory
runs/FINAL_PRE_X13_DEADLINE_v1/synthetic_rows/32f160adec74b95281e4dc0195314908486a54e8b6df7c4b84a737dfefab6b40.json,2244,e338ec3ffbd3748d3351f163dcecaa3fa71f6ed7abc1e73f04f82d5c0023cb89,1,JSON parsed; structural inspection
runs/FINAL_PRE_X13_DEADLINE_v1/synthetic_rows/32f160adec74b95281e4dc0195314908486a54e8b6df7c4b84a737dfefab6b40.sha256,136,71d691133ebbde8f40b6ae8149e31d54baf5f5edb085f50e61a7a633bf9e5065,,byte inventory
runs/FINAL_PRE_X13_DEADLINE_v1/synthetic_rows/33182441328017370a5e29479c3c18ba2713b1d834aefe85c0624182a427c245.json,2238,18062bf04a7e161954f0dfd693f4372d3671bddfca94f26ed006006d955bbb41,1,JSON parsed; structural inspection
runs/FINAL_PRE_X13_DEADLINE_v1/synthetic_rows/33182441328017370a5e29479c3c18ba2713b1d834aefe85c0624182a427c245.sha256,136,0d1ae7a488b49ee4f49b006d22e1911970ae254c2c92d832b54d93992af64ca4,,byte inventory
runs/FINAL_PRE_X13_DEADLINE_v1/synthetic_rows/335f40f06ba421b579453451e4f859c0c368c203bfc1b51bf1e149510fa4330f.json,2251,dade2dbdecdcd5988aa93a0244646e5b32678f6c005c741e68c369f6e37aaa07,1,JSON parsed; structural inspection
runs/FINAL_PRE_X13_DEADLINE_v1/synthetic_rows/335f40f06ba421b579453451e4f859c0c368c203bfc1b51bf1e149510fa4330f.sha256,136,db4be52c0894714844f52e01a5395b405822780ba314edad5939472eab8baf63,,byte inventory
runs/FINAL_PRE_X13_DEADLINE_v1/synthetic_rows/33de377f45d6d79a46f4f1f66ed196c83030cfc6517c1cbcc1436af6d80aded2.json,2232,2410d2abaff36db7e3c9b08dba958bae50ec4fd0cc1b8922d900ca2f37562675,1,JSON parsed; structural inspection
runs/FINAL_PRE_X13_DEADLINE_v1/synthetic_rows/33de377f45d6d79a46f4f1f66ed196c83030cfc6517c1cbcc1436af6d80aded2.sha256,136,bc07d286710a4b6a501356fe332f6b1fc0c0233c1c1dbc1f912518281ca70086,,byte inventory
runs/FINAL_PRE_X13_DEADLINE_v1/synthetic_rows/34082b1e548b48b4c7a660d131db3161faf916ee7efb5f03d5927a39dc1e81e9.json,2236,958465e63376901723e8ef118f57040ccbcb6f05b868fdac9d471f356f50f739,1,JSON parsed; structural inspection
runs/FINAL_PRE_X13_DEADLINE_v1/synthetic_rows/34082b1e548b48b4c7a660d131db3161faf916ee7efb5f03d5927a39dc1e81e9.sha256,136,441564e14a01f2a2715924c15de9ac185f78be80cf0e7cc83bb16d8aedf24caa,,byte inventory
runs/FINAL_PRE_X13_DEADLINE_v1/synthetic_rows/346c4c043916ebeb2d346c1651ae8142200fcbd34e743b15c0d513178dde437f.json,2245,695a5887d2978da27ad7ac9aa9cb1b5bf7b6e475e246b36295df08b97ca99420,1,JSON parsed; structural inspection
runs/FINAL_PRE_X13_DEADLINE_v1/synthetic_rows/346c4c043916ebeb2d346c1651ae8142200fcbd34e743b15c0d513178dde437f.sha256,136,311e8578e28f1901b7fdab9a551b538c8afd7c7d832286485baae08c606040b3,,byte inventory
runs/FINAL_PRE_X13_DEADLINE_v1/synthetic_rows/34c5a104dc4a329619e31f462d1bfd8a56a4d26d5f5b24f273c20835b5eed392.json,2240,205106bf3d0a6899d22e16bbc02d1b99190abfb16e5aaca560a5f13ee81bb02d,1,JSON parsed; structural inspection
runs/FINAL_PRE_X13_DEADLINE_v1/synthetic_rows/34c5a104dc4a329619e31f462d1bfd8a56a4d26d5f5b24f273c20835b5eed392.sha256,136,44da383a8ec2ee4a443af49ffabbdb2033e60e25775f46d5094a5a0ca6358882,,byte inventory
runs/FINAL_PRE_X13_DEADLINE_v1/synthetic_rows/350a997c9aed4846d9761ec04585b99f31f5716068e744b04ef9a591283edafb.json,2234,3628c9271be60ad45d1d6b63b6ae3089ec2f757a6f28a116d216bece54ccc94d,1,JSON parsed; structural inspection
runs/FINAL_PRE_X13_DEADLINE_v1/synthetic_rows/350a997c9aed4846d9761ec04585b99f31f5716068e744b04ef9a591283edafb.sha256,136,e4ba510acd0480dd353b9bfe598dcdb084058877a12bcd8d619f4ecefa907626,,byte inventory
runs/FINAL_PRE_X13_DEADLINE_v1/synthetic_rows/355fb2dab55fdd1233b9a002d54cca4a3f213285a478df276149356f7433771f.json,2243,07435166766f2c9e64dbb8a529b7f242941d59683d69f74cb43c2d62ac4a5557,1,JSON parsed; structural inspection
runs/FINAL_PRE_X13_DEADLINE_v1/synthetic_rows/355fb2dab55fdd1233b9a002d54cca4a3f213285a478df276149356f7433771f.sha256,136,b727b0a2f5a1ff658246be693da04623ef54e1255e033891ba3377c90035152d,,byte inventory
runs/FINAL_PRE_X13_DEADLINE_v1/synthetic_rows/3637933232697f906d265b5faf3da91a3cc8f1fd4c46b698baff84304aee585b.json,2235,0eb823b3aa4dd2b39dace851ae830203708a213b3848d16566590c76a1aa38a6,1,JSON parsed; structural inspection
runs/FINAL_PRE_X13_DEADLINE_v1/synthetic_rows/3637933232697f906d265b5faf3da91a3cc8f1fd4c46b698baff84304aee585b.sha256,136,732dd4e765ce24397a2d90b41be1b99aefd4215f652c1600f82e18257037baa2,,byte inventory
runs/FINAL_PRE_X13_DEADLINE_v1/synthetic_rows/36be75c371cf45b7d40d3deb45a20b63e744d0ad198a455744bb459d5fa9b5ca.json,2243,b19d59985a9985cf1486b2bd705f3aeaf44de1e456937d9595dd1ee9cc056b31,1,JSON parsed; structural inspection
runs/FINAL_PRE_X13_DEADLINE_v1/synthetic_rows/36be75c371cf45b7d40d3deb45a20b63e744d0ad198a455744bb459d5fa9b5ca.sha256,136,e3f54e197ab0edca1fdbce9096cd9b0385f43af9c6cb45e67c6b4c7e8323cc6e,,byte inventory
runs/FINAL_PRE_X13_DEADLINE_v1/synthetic_rows/36d23c87b4532186f03e8cc86abd706105b5b2daf0ece277e4442d3f5147e71c.json,2242,784e5f41c6d14fdd341f3842030223d5cf9fb6e7e092677d0c85539561dd6353,1,JSON parsed; structural inspection
runs/FINAL_PRE_X13_DEADLINE_v1/synthetic_rows/36d23c87b4532186f03e8cc86abd706105b5b2daf0ece277e4442d3f5147e71c.sha256,136,0224f2bcdfd5b9ce9d1e6241b258d428faaf535386596ee30b99a12c89f205af,,byte inventory
runs/FINAL_PRE_X13_DEADLINE_v1/synthetic_rows/36f56c1e2c772cc6ee14b4777d4a844723ad2fbbba5265d519ac7215d659148f.json,2236,521e78be1b3a6080db7a8a68ffd39645649f6ae6ff76a121e3c0f69c4aeb0ade,1,JSON parsed; structural inspection
runs/FINAL_PRE_X13_DEADLINE_v1/synthetic_rows/36f56c1e2c772cc6ee14b4777d4a844723ad2fbbba5265d519ac7215d659148f.sha256,136,abc10735009aecb0f41bc64681caacc5bd8a4dc930fbaff7ecde45d1173f8d80,,byte inventory
runs/FINAL_PRE_X13_DEADLINE_v1/synthetic_rows/37186f4001a2a998efdbaafa11d3610a824bdf4806d43601b27aab58eee66f58.json,2250,f50600d04b6bc36577f942035fa66645a5bb1fc93dc8b710d85e81920c65f929,1,JSON parsed; structural inspection
runs/FINAL_PRE_X13_DEADLINE_v1/synthetic_rows/37186f4001a2a998efdbaafa11d3610a824bdf4806d43601b27aab58eee66f58.sha256,136,f2584217fdea8009b0fbce5880eedaf46f75f3466e29949ff13573467037ff75,,byte inventory
runs/FINAL_PRE_X13_DEADLINE_v1/synthetic_rows/37946b30fc3e0d1f6a3f068aa972e7fdd2a4b25125ef72564e30f3c0204bcc6d.json,2249,d2d65502367e0b7de0f1a2473dae9c4a786472999af94b37eedeb983754576aa,1,JSON parsed; structural inspection
runs/FINAL_PRE_X13_DEADLINE_v1/synthetic_rows/37946b30fc3e0d1f6a3f068aa972e7fdd2a4b25125ef72564e30f3c0204bcc6d.sha256,136,04b18cb9d52fd747d7222cbee52f447f7a3e9611cff0c7e5a732f583aef4d0a9,,byte inventory
runs/FINAL_PRE_X13_DEADLINE_v1/synthetic_rows/379d405ef83816b2241aa1e5b8f8da8c4f89b616eb8432cf232b5394f072adc4.json,2235,8a393af1e809241b79da435f0068569f0e30aebc995ae2f38df866d9f6dd1293,1,JSON parsed; structural inspection
runs/FINAL_PRE_X13_DEADLINE_v1/synthetic_rows/379d405ef83816b2241aa1e5b8f8da8c4f89b616eb8432cf232b5394f072adc4.sha256,136,8c67d0b6783b5da7b7f92af8992225380b6e69a6ba4b999d3cb33ef2b7bd2817,,byte inventory
runs/FINAL_PRE_X13_DEADLINE_v1/synthetic_rows/381fe73e708ab323383b0e90f9858b41b5d056b6affc7c2243928e006e8f3910.json,2250,54a8ce8ed27e4e2a9f8b3feee6310d4addbaf2278ae701fea0e0027051689f3d,1,JSON parsed; structural inspection
runs/FINAL_PRE_X13_DEADLINE_v1/synthetic_rows/381fe73e708ab323383b0e90f9858b41b5d056b6affc7c2243928e006e8f3910.sha256,136,73d74e1bf4c9abf3619f7908f75f2b02184cb978849b92d32f2781e20bba52b4,,byte inventory
runs/FINAL_PRE_X13_DEADLINE_v1/synthetic_rows/382cd710ef2651f82940342d9cff46f91d99871273f2b67780499be51f7ebfa5.json,2245,3524c4bbc9c2d83ab48b9eeac53e5a3c38f8cbee9200cdef6875da29d0a2616d,1,JSON parsed; structural inspection
runs/FINAL_PRE_X13_DEADLINE_v1/synthetic_rows/382cd710ef2651f82940342d9cff46f91d99871273f2b67780499be51f7ebfa5.sha256,136,5757b06c66ac7603a2c5d8415d36ae1c6c2817efa0e1dee0ae318836dc040066,,byte inventory
runs/FINAL_PRE_X13_DEADLINE_v1/synthetic_rows/38361046cda7a6acba40301d3787d6472c79344feabb2e7b6d6be6e2ec608e7f.json,2250,4afaf1808b0427f83db176a8c067b9a3d2cbe790ef869ddb8fce692ce125ec25,1,JSON parsed; structural inspection
runs/FINAL_PRE_X13_DEADLINE_v1/synthetic_rows/38361046cda7a6acba40301d3787d6472c79344feabb2e7b6d6be6e2ec608e7f.sha256,136,9c6d8d4a9c7eac1b8cce4f1c67defdf919b3d3213c7f32de86ec84d3c5330886,,byte inventory
runs/FINAL_PRE_X13_DEADLINE_v1/synthetic_rows/39dd03959495b22799b99d7184bb7e36ae32a917439c1ff759fab12346d725fb.json,2252,9593034b920fd173f395e3ec73a9431a4a8840d11d29a860f1ef97a66955aa33,1,JSON parsed; structural inspection
runs/FINAL_PRE_X13_DEADLINE_v1/synthetic_rows/39dd03959495b22799b99d7184bb7e36ae32a917439c1ff759fab12346d725fb.sha256,136,8786b5c0455399081c5e23fd0aa423067655f137ceb637cc4cabf934d7c9ac6e,,byte inventory
runs/FINAL_PRE_X13_DEADLINE_v1/synthetic_rows/3a6c35c6b6ad7fbb8102360325b8bd1e07d25d44a297b1f97a642d7b7152e415.json,2239,d0cb48f4b6b21a067783ad169cf4d2fcdf5737bc394997758c5e7f5a68bd878b,1,JSON parsed; structural inspection
runs/FINAL_PRE_X13_DEADLINE_v1/synthetic_rows/3a6c35c6b6ad7fbb8102360325b8bd1e07d25d44a297b1f97a642d7b7152e415.sha256,136,281819cfaaa8c73e9fac945290b89be7b985278f21c82c3bfc6755def2a22415,,byte inventory
runs/FINAL_PRE_X13_DEADLINE_v1/synthetic_rows/3b0949e1b86476399aa577c7c0dc162eaa4dcd97fbc683fc95e02c387d5ed1be.json,2248,660297a8a6570dd81f59243e84f381dc0bf09d151135bd2085136fee517c1b91,1,JSON parsed; structural inspection
runs/FINAL_PRE_X13_DEADLINE_v1/synthetic_rows/3b0949e1b86476399aa577c7c0dc162eaa4dcd97fbc683fc95e02c387d5ed1be.sha256,136,039ceb1abd3043d81253873812a00204717c434ab7575c4360791e8a3f099e07,,byte inventory
runs/FINAL_PRE_X13_DEADLINE_v1/synthetic_rows/3b5bd4258d87693c118bf2e0f3e69471b828a5857937479e59b9145f526e195f.json,2245,c971120d74e3c0255fbee28b5f00628aabbd64e1a16601ad481ded3302a74c38,1,JSON parsed; structural inspection
runs/FINAL_PRE_X13_DEADLINE_v1/synthetic_rows/3b5bd4258d87693c118bf2e0f3e69471b828a5857937479e59b9145f526e195f.sha256,136,e0490baff0d2bffde43160579f2ac6364bb595f0fafb781f64c31bca45491385,,byte inventory
runs/FINAL_PRE_X13_DEADLINE_v1/synthetic_rows/3b663bc4e0375675ce72244cbe1a8df3a58e97c296dd859159bd9237435174ef.json,2240,2000b50866f27d1155d9a15d7744693f9ee49ec3c32505e5ab6dcc4c0f725ecb,1,JSON parsed; structural inspection
runs/FINAL_PRE_X13_DEADLINE_v1/synthetic_rows/3b663bc4e0375675ce72244cbe1a8df3a58e97c296dd859159bd9237435174ef.sha256,136,7a711905314f52bcf23332d5f737df79be7419137ad30f2e8de58af69c1142da,,byte inventory
runs/FINAL_PRE_X13_DEADLINE_v1/synthetic_rows/3b8b73c2683e44634be7effa69fec6539506b57debf5d4a4df870b73ca8bdc65.json,2255,e384a92fa88da8b87a20e6151f2407f39539c08efc8858834765a7d7b396d8d1,1,JSON parsed; structural inspection
runs/FINAL_PRE_X13_DEADLINE_v1/synthetic_rows/3b8b73c2683e44634be7effa69fec6539506b57debf5d4a4df870b73ca8bdc65.sha256,136,c0edec3db495457db784a8604c9eecc81bb20ef1fb84cbc007d4a120d98b6a9b,,byte inventory
runs/FINAL_PRE_X13_DEADLINE_v1/synthetic_rows/3be18a4ee4ce6ce16f7f4b8cc333e5947c8a7ab685ee75c0aae4c08f531137e0.json,2235,a6f22681ba2f0673d112d7a672b5022dd616af20a7880b8a88dfd2a3a217ff8b,1,JSON parsed; structural inspection
runs/FINAL_PRE_X13_DEADLINE_v1/synthetic_rows/3be18a4ee4ce6ce16f7f4b8cc333e5947c8a7ab685ee75c0aae4c08f531137e0.sha256,136,e549122bbebd5fe542aaddf55fae94e0e107419aadd03a64f19a19b0ee268679,,byte inventory
runs/FINAL_PRE_X13_DEADLINE_v1/synthetic_rows/3be6e23f06fc2d50024e51b0b2ede98f8427491c78851096777ed5212530a9cc.json,2242,4bea28c08558e6302ae35a82dcca6071e5b90daa7af3edfee1400b83d8a9684f,1,JSON parsed; structural inspection
runs/FINAL_PRE_X13_DEADLINE_v1/synthetic_rows/3be6e23f06fc2d50024e51b0b2ede98f8427491c78851096777ed5212530a9cc.sha256,136,2c5e358165e43070a5d29d7d3e5e81b3bb71c32f1b17f22e55bc0e7206404abe,,byte inventory
runs/FINAL_PRE_X13_DEADLINE_v1/synthetic_rows/3c9ac310a7f5ebc036790db4de8ecaf9a9d636cbf356e082b678e614df72e76f.json,2238,3e15c9c956ce645918542541dce85a18d2401d82c4eb84ee8b1017f138a77a04,1,JSON parsed; structural inspection
runs/FINAL_PRE_X13_DEADLINE_v1/synthetic_rows/3c9ac310a7f5ebc036790db4de8ecaf9a9d636cbf356e082b678e614df72e76f.sha256,136,9c5d8d1c96895d9bd8acd9d2576c51e3ab136d601d41bf18c964f3bb5cda9e00,,byte inventory
runs/FINAL_PRE_X13_DEADLINE_v1/synthetic_rows/3caf91298f029193c8efec6940f6ccb1faed9171e84b2219abd836333944fdb4.json,2242,8e05aeb62e7677af219afeb82685c91b88cbee75334e2d1ae7d7b69df0386ecd,1,JSON parsed; structural inspection
runs/FINAL_PRE_X13_DEADLINE_v1/synthetic_rows/3caf91298f029193c8efec6940f6ccb1faed9171e84b2219abd836333944fdb4.sha256,136,00baf5156520930bea9ce72db9b59febc703f11164ad038cb002d048d1c7687e,,byte inventory
runs/FINAL_PRE_X13_DEADLINE_v1/synthetic_rows/3cb460f560023e434e76bb0bc6e5db7e145f5d81f6d2e9229c665ac1d3b8be57.json,2238,37f1c08db7ff16f37ac762092e5f4f24278c5e59cf266d073e94394b5e8d8411,1,JSON parsed; structural inspection
runs/FINAL_PRE_X13_DEADLINE_v1/synthetic_rows/3cb460f560023e434e76bb0bc6e5db7e145f5d81f6d2e9229c665ac1d3b8be57.sha256,136,1bfc50a5208a4700de2a9fd2652a5c9ff11b826500cc63ca0746a1c9a936a975,,byte inventory
runs/FINAL_PRE_X13_DEADLINE_v1/synthetic_rows/3d056466c35a9fa4b44be988c8a9ae6fea6d1ebb242e6dd8c4428126cd57d32f.json,2244,27378040dc65f20ad4055d7a5e1c36110b41e8bcfd875aed703077ab2c79bf57,1,JSON parsed; structural inspection
runs/FINAL_PRE_X13_DEADLINE_v1/synthetic_rows/3d056466c35a9fa4b44be988c8a9ae6fea6d1ebb242e6dd8c4428126cd57d32f.sha256,136,c50d8a2c7261644af47b2a124b3f6ba0bba23bba3c23e25c17389c2aa1fecaf6,,byte inventory
runs/FINAL_PRE_X13_DEADLINE_v1/synthetic_rows/3d2d212c466f0d947bef8bf4b9ca920fe5f58cee59a0cefd19c08abc773952e9.json,2234,2eaf09c3b24a343598d0c9e7e688b03974f24154140787ac4cf3f26f9233362f,1,JSON parsed; structural inspection
runs/FINAL_PRE_X13_DEADLINE_v1/synthetic_rows/3d2d212c466f0d947bef8bf4b9ca920fe5f58cee59a0cefd19c08abc773952e9.sha256,136,69464f003ae3f5039bac0c003d85ccf286aefabb788369cfaa3127885aed123b,,byte inventory
runs/FINAL_PRE_X13_DEADLINE_v1/synthetic_rows/3da1b765d1d600da97de435b7400e2d7045483cbed8f3140c9728f48f3a6cb18.json,2250,50a357a9aca90fc2418d659c4e4553e62a935ed5be3420f903209fe971c1e933,1,JSON parsed; structural inspection
runs/FINAL_PRE_X13_DEADLINE_v1/synthetic_rows/3da1b765d1d600da97de435b7400e2d7045483cbed8f3140c9728f48f3a6cb18.sha256,136,fe12ed8a4ff2e24c523ae4212219e3360a07e782b76fc1f78f66ac912aa5a724,,byte inventory
runs/FINAL_PRE_X13_DEADLINE_v1/synthetic_rows/3dbe56f58f461a68f6fa0db981016ec4b7cf38f2ef8f4d0b3d6c6bd364309ec8.json,2242,06797b82c0ab0b9224f1d6abc29b2aff3d1727417d72b6f40ebee4ce5be90b69,1,JSON parsed; structural inspection
runs/FINAL_PRE_X13_DEADLINE_v1/synthetic_rows/3dbe56f58f461a68f6fa0db981016ec4b7cf38f2ef8f4d0b3d6c6bd364309ec8.sha256,136,09f12848dd3ad7609fc9625d32b03cc49b8a2dd93b803ed8afedf634a2d79d6d,,byte inventory
runs/FINAL_PRE_X13_DEADLINE_v1/synthetic_rows/3e8d49c69769e72348e419f188298102c27e927c7e3530ac0626dd0f9a78ca1e.json,2253,5a5600875aa966216f4e9a432ce3d41300571fbade81292745d6976818b031c2,1,JSON parsed; structural inspection
runs/FINAL_PRE_X13_DEADLINE_v1/synthetic_rows/3e8d49c69769e72348e419f188298102c27e927c7e3530ac0626dd0f9a78ca1e.sha256,136,7c350f2fb037a453c6d57878dc57adb5af93e4f4f54973a0b27f07f11c1d281e,,byte inventory
runs/FINAL_PRE_X13_DEADLINE_v1/synthetic_rows/3e9be32474f293102fd924cc2b24d7dfe7b88b96e744e73f251e54f5647ccfa6.json,2242,b22577d31672c41f7684716aecc86527692cc95cffca2884190be8c93336c5ff,1,JSON parsed; structural inspection
runs/FINAL_PRE_X13_DEADLINE_v1/synthetic_rows/3e9be32474f293102fd924cc2b24d7dfe7b88b96e744e73f251e54f5647ccfa6.sha256,136,58156d288b7514d1ed0682bbbfa89c38aebde7cf9bfcb0ea5612e4a3a40a68f9,,byte inventory
runs/FINAL_PRE_X13_DEADLINE_v1/synthetic_rows/3f0d18225d09d35af5b2f63007b7e6078e23eab586dc2b30f59c3571ed9c2f85.json,2252,32c127e27b2bf65c1579a17b0e1fe6df5303bc2469882af2bdbefdd2f0b2bd52,1,JSON parsed; structural inspection
runs/FINAL_PRE_X13_DEADLINE_v1/synthetic_rows/3f0d18225d09d35af5b2f63007b7e6078e23eab586dc2b30f59c3571ed9c2f85.sha256,136,e471201fd3bbe84bf7958fcbebd136208b66d14cf0b46e2a222fb6fbafd7c0e8,,byte inventory
runs/FINAL_PRE_X13_DEADLINE_v1/synthetic_rows/3f39591c44e154dcddd6d732fd11324cc33bdd96f2dfa54de88beb698124f35c.json,2243,ef6bfab2122933891149b488cf3834e0af76377d0b139f42e5d997c8a71e7010,1,JSON parsed; structural inspection
runs/FINAL_PRE_X13_DEADLINE_v1/synthetic_rows/3f39591c44e154dcddd6d732fd11324cc33bdd96f2dfa54de88beb698124f35c.sha256,136,c46bbddc0d76c6d195090ef4da8912cc011280a40c9297df49423ad420b13bf0,,byte inventory
runs/FINAL_PRE_X13_DEADLINE_v1/synthetic_rows/3f564228ed9e2632a906d48333a0db04e18d23b1bf69a966f2f280f16dac4078.json,2245,e429b93d3e6c6a280899f23e8e3259ff03f7d6e32dc2eb69af8ce940f752335f,1,JSON parsed; structural inspection
runs/FINAL_PRE_X13_DEADLINE_v1/synthetic_rows/3f564228ed9e2632a906d48333a0db04e18d23b1bf69a966f2f280f16dac4078.sha256,136,489a0aebf73b4877b02f6da3fe72a8af3c0dd381bc56cd9a98939f19c46f053e,,byte inventory
runs/FINAL_PRE_X13_DEADLINE_v1/synthetic_rows/3fe850be399ec8cb427bcb7abaa74715b4383c7f72e4d8072df97a335da79cdd.json,2244,3fca876e3020474ee3b3fdcd9a22144193da24001f3e57384a3dcc3ac50e16d3,1,JSON parsed; structural inspection
runs/FINAL_PRE_X13_DEADLINE_v1/synthetic_rows/3fe850be399ec8cb427bcb7abaa74715b4383c7f72e4d8072df97a335da79cdd.sha256,136,f19f3ec7241f8fd69ba231fa30963217e53e0ba9f65737475ff6d4a1e27aa9f7,,byte inventory
runs/FINAL_PRE_X13_DEADLINE_v1/synthetic_rows/3feac29cee4214c5137381d4e311c9722806542f44ab89dd10cefdb590410dad.json,2234,c4338a970f86c2fa425cacf29d747afbf6dcad07514287227ad574d8bb456132,1,JSON parsed; structural inspection
runs/FINAL_PRE_X13_DEADLINE_v1/synthetic_rows/3feac29cee4214c5137381d4e311c9722806542f44ab89dd10cefdb590410dad.sha256,136,7e91b42fae8f96dd17267910aaf63fe7818e22bd54d03b73f1812f44c52a09ba,,byte inventory
runs/FINAL_PRE_X13_DEADLINE_v1/synthetic_rows/40576e9b86458627a554a0f6aa2b619340fb295f970fc49b24e03e284abefeab.json,2242,7ec0c303ada96a0ea87e982560a61f2504e485247b56b15f4db5f2607526473c,1,JSON parsed; structural inspection
runs/FINAL_PRE_X13_DEADLINE_v1/synthetic_rows/40576e9b86458627a554a0f6aa2b619340fb295f970fc49b24e03e284abefeab.sha256,136,6be35320510d999066f885df7b94473f7ddb2909d4c95247a18d739760a64bc5,,byte inventory
runs/FINAL_PRE_X13_DEADLINE_v1/synthetic_rows/406e9495c9bc2c8b1400bfdd4093e1c490e70884da71da42b4168b6594740e24.json,2250,f327d4ad1eba355149ce721fb98e3f5eb6f78cdfcc3fce5f9d10010402302c93,1,JSON parsed; structural inspection
runs/FINAL_PRE_X13_DEADLINE_v1/synthetic_rows/406e9495c9bc2c8b1400bfdd4093e1c490e70884da71da42b4168b6594740e24.sha256,136,fba028647c9829f95f86b51456dd66e850a37fb771139751f3477fa7cfd27f98,,byte inventory
runs/FINAL_PRE_X13_DEADLINE_v1/synthetic_rows/40fe6926f1a7ab145e4e48326093c1771719e13352777ad3539959f42f18c321.json,2247,c2de29ee3bed57cef4228ea920c4965502a53282e4643683c0e1209e9e15e928,1,JSON parsed; structural inspection
runs/FINAL_PRE_X13_DEADLINE_v1/synthetic_rows/40fe6926f1a7ab145e4e48326093c1771719e13352777ad3539959f42f18c321.sha256,136,4d19b44a715ea8ab73cec457dd45e30debfb20add940f5644ecc3a5dd3a689ce,,byte inventory
runs/FINAL_PRE_X13_DEADLINE_v1/synthetic_rows/41b2c5dfbede77ecdb562b24275852e233f089707daf8825c5519b125a681e4c.json,2234,9792776c1579414086531ea5b4f098c1d9cdc81652e9b530c5afad0f58c94c04,1,JSON parsed; structural inspection
runs/FINAL_PRE_X13_DEADLINE_v1/synthetic_rows/41b2c5dfbede77ecdb562b24275852e233f089707daf8825c5519b125a681e4c.sha256,136,c9ee7561d85369ce7b12e85c97164a998dd86a3f6bd06bec9f51c8e832c59547,,byte inventory
runs/FINAL_PRE_X13_DEADLINE_v1/synthetic_rows/424fe2fdf6b9052fb144d6439522044b8ae1b96a0f13318f8bb92cd5225c8104.json,2236,8c92dea5dbea7cd93f2b530c0e9f3604b1851c8704b089beae7577c82c6a64a3,1,JSON parsed; structural inspection
runs/FINAL_PRE_X13_DEADLINE_v1/synthetic_rows/424fe2fdf6b9052fb144d6439522044b8ae1b96a0f13318f8bb92cd5225c8104.sha256,136,7909cbee437fa4829731238216cd5a4a13fe1a42ea88d1a4088bad710d8c0dd1,,byte inventory
runs/FINAL_PRE_X13_DEADLINE_v1/synthetic_rows/4266ab0711c161e15862ceb5e139b6eeef2349fca590f6b6014c01617b47f1eb.json,2250,0f047aea25123a1f25cec807ba02f82e2149db596a92dbfdafb83ac9e0b36868,1,JSON parsed; structural inspection
runs/FINAL_PRE_X13_DEADLINE_v1/synthetic_rows/4266ab0711c161e15862ceb5e139b6eeef2349fca590f6b6014c01617b47f1eb.sha256,136,4d7d0fa013c19a15b28192ccc9dc32f344aabb0bdcedbbafced9db473d8b9c8f,,byte inventory
runs/FINAL_PRE_X13_DEADLINE_v1/synthetic_rows/426fe196d33276dd7bb1304ee379cf33510fd755d96ab37115598f138304a3bd.json,2237,c5b0d77d7e1f9b0d435caa275146a12ed3f796105f67803e7697b18c7680f1b9,1,JSON parsed; structural inspection
runs/FINAL_PRE_X13_DEADLINE_v1/synthetic_rows/426fe196d33276dd7bb1304ee379cf33510fd755d96ab37115598f138304a3bd.sha256,136,cf7f9a85a84b4b27e130d847534e9c3aa76d860fea5d1c1f7a1eea30890a5aaf,,byte inventory
runs/FINAL_PRE_X13_DEADLINE_v1/synthetic_rows/42755ec172f846e2b77eb23afadbea282c80238a23c8e33e5aea5f7f5ccf0d71.json,2245,0b22a03152c1c4b46d3ec65bfe64d98ce51e39ee1d988281558b0b03caefda4a,1,JSON parsed; structural inspection
runs/FINAL_PRE_X13_DEADLINE_v1/synthetic_rows/42755ec172f846e2b77eb23afadbea282c80238a23c8e33e5aea5f7f5ccf0d71.sha256,136,8776db37cc2f0c6a54a0414a9c22c7d754ebb3f64ee921789c8b103461cfedd6,,byte inventory
runs/FINAL_PRE_X13_DEADLINE_v1/synthetic_rows/434cf63a883d674d2424b36f40d5e2c0e2da9fc27bf3bab6ddc9b75d46643204.json,2243,4dde2a3cb5fb4ad375fa716c021e3fc655fa54fe7cb5ee31f0f4ffded31f209b,1,JSON parsed; structural inspection
runs/FINAL_PRE_X13_DEADLINE_v1/synthetic_rows/434cf63a883d674d2424b36f40d5e2c0e2da9fc27bf3bab6ddc9b75d46643204.sha256,136,13e6cba705d2472e1a6dfe2e6173db421ed9bb9fc4a51c91ac91b928d0b4bc5b,,byte inventory
runs/FINAL_PRE_X13_DEADLINE_v1/synthetic_rows/4352d9f145a0dcc7f03ab95fd93ad4cabca76f531987131ada5b0ee3230e0f8e.json,2242,39da818bd2e391448f85daf0e6757f69eb92bf40644ae2260635568a361cc319,1,JSON parsed; structural inspection
runs/FINAL_PRE_X13_DEADLINE_v1/synthetic_rows/4352d9f145a0dcc7f03ab95fd93ad4cabca76f531987131ada5b0ee3230e0f8e.sha256,136,d219e08afa7ec3393461bebad369133e4e78eff284eceb108dba8cdbe379040f,,byte inventory
runs/FINAL_PRE_X13_DEADLINE_v1/synthetic_rows/43df9717a2cc6344fb6a727d59a453cb7aa67694125f45a902162767dd6c8a40.json,2256,4c907a5cfa33cb457bcb30cffeaa60be9221914f4ae1d64e58c538bb4a91eeb8,1,JSON parsed; structural inspection
runs/FINAL_PRE_X13_DEADLINE_v1/synthetic_rows/43df9717a2cc6344fb6a727d59a453cb7aa67694125f45a902162767dd6c8a40.sha256,136,6823b9d25e5d97966c12bca8754acbd1f1bd840bd04f714975789cb9092a7d6b,,byte inventory
runs/FINAL_PRE_X13_DEADLINE_v1/synthetic_rows/440ca6d9f122235c3a789ce54d1106216c4f2037a99474c248c362b24c117a6e.json,2240,9eec0034ab9d1636ba630316aae00b5bd52094d18b292a37d6821de5acaf7eb4,1,JSON parsed; structural inspection
runs/FINAL_PRE_X13_DEADLINE_v1/synthetic_rows/440ca6d9f122235c3a789ce54d1106216c4f2037a99474c248c362b24c117a6e.sha256,136,e6e2f318c0fe3a166bc203353e84c77d29258a58f55838902476e4d272eef4e8,,byte inventory
runs/FINAL_PRE_X13_DEADLINE_v1/synthetic_rows/44139dd12f915dc163c9290382de6dccb89d2a38dddbbdc31e1945fcfafc4bfb.json,2241,856011a611e9c2c9c12cf64058c6a7208c19bedd7c35085c23e08e38476d531a,1,JSON parsed; structural inspection
runs/FINAL_PRE_X13_DEADLINE_v1/synthetic_rows/44139dd12f915dc163c9290382de6dccb89d2a38dddbbdc31e1945fcfafc4bfb.sha256,136,1a6c6dee5f0be88ec3c6f578eb8c96ca3229b03a969fa2cb020785c424b1a565,,byte inventory
runs/FINAL_PRE_X13_DEADLINE_v1/synthetic_rows/4414823970775a9272f040cc83fb775a1feb5645fcc7a9ae902611543d9b6484.json,2236,c89be0b87940dd0731fbb9aafda3be5c17178f85e366001d1a3a68f278c69108,1,JSON parsed; structural inspection
runs/FINAL_PRE_X13_DEADLINE_v1/synthetic_rows/4414823970775a9272f040cc83fb775a1feb5645fcc7a9ae902611543d9b6484.sha256,136,5492cebaf92411b20a9e0972f2f419f8d21e68dec4024d2e25005d1ea0ed9052,,byte inventory
runs/FINAL_PRE_X13_DEADLINE_v1/synthetic_rows/442e9aeccbbf1ae1674bd4f00f200a0296a42ac5d10d880a08603f627f971a80.json,2242,49656d4cfca9633574a88df6cc4764aacac8bd50627c562afa5b700cb34bbb43,1,JSON parsed; structural inspection
runs/FINAL_PRE_X13_DEADLINE_v1/synthetic_rows/442e9aeccbbf1ae1674bd4f00f200a0296a42ac5d10d880a08603f627f971a80.sha256,136,fb64fe83a16533bba41f580370ad487fcd90ba13988fd47f7a4e43836b446888,,byte inventory
runs/FINAL_PRE_X13_DEADLINE_v1/synthetic_rows/4479ae9d1c9e4b664d619e9cde45a322af863ffc4548f34bfb027528b0124ff9.json,2244,e03a481a81121012951519ac3dd809c1f4111350f845398d51606540fe8210a1,1,JSON parsed; structural inspection
runs/FINAL_PRE_X13_DEADLINE_v1/synthetic_rows/4479ae9d1c9e4b664d619e9cde45a322af863ffc4548f34bfb027528b0124ff9.sha256,136,7c866f6490b5c3ac26d8fdd1e194be3ea5bd70e48b592782b596e6670a4a1941,,byte inventory
runs/FINAL_PRE_X13_DEADLINE_v1/synthetic_rows/44c894f180cee95bc572c4f195e7b16e1fdf6092833f6ea6471c3d9b54018188.json,2244,78ceb36293a4033d37ed3ce764d6629ac18bd7abeaadb83a5679dd7516c7abcc,1,JSON parsed; structural inspection
runs/FINAL_PRE_X13_DEADLINE_v1/synthetic_rows/44c894f180cee95bc572c4f195e7b16e1fdf6092833f6ea6471c3d9b54018188.sha256,136,2e7da0dc3e55f5c7f278f4e127ffbc0160a54b3c157d8dd2aabedaca81cf834b,,byte inventory
runs/FINAL_PRE_X13_DEADLINE_v1/synthetic_rows/44ca790230d10baa3649e4304615cf5acaaf43f8f43c81dcfbdc42cdef663cb2.json,2235,a713743dc56418f38a004c87e921003415ec8b6d6c8c233b86b1e4bc161009dc,1,JSON parsed; structural inspection
runs/FINAL_PRE_X13_DEADLINE_v1/synthetic_rows/44ca790230d10baa3649e4304615cf5acaaf43f8f43c81dcfbdc42cdef663cb2.sha256,136,2cb64cca8bbf5022857550df58dd9abff149e4d61c72461c863592876a623994,,byte inventory
runs/FINAL_PRE_X13_DEADLINE_v1/synthetic_rows/456ee429e8f33c596531cf55f0a2f8483774078160a9c48ec5ce4ab57411c51d.json,2235,d1b799ca880b53a04f5a965d54bd746cb34269cd14566eff1b6c78426965d512,1,JSON parsed; structural inspection
runs/FINAL_PRE_X13_DEADLINE_v1/synthetic_rows/456ee429e8f33c596531cf55f0a2f8483774078160a9c48ec5ce4ab57411c51d.sha256,136,c5ab93c8c136dd67fb4f6dc972b357f6cb961160612629fc8a8b6a108e41c6cb,,byte inventory
runs/FINAL_PRE_X13_DEADLINE_v1/synthetic_rows/45772d7479168f376967458c6b0ecb57ac6fbe957a800172aadc7d56d747fdeb.json,2232,eca4519cfd968889e340482b360e822b935f6067867cba9fff207f274999352b,1,JSON parsed; structural inspection
runs/FINAL_PRE_X13_DEADLINE_v1/synthetic_rows/45772d7479168f376967458c6b0ecb57ac6fbe957a800172aadc7d56d747fdeb.sha256,136,d518c3ccd6ee4bf7fff88aa47ebc1b97454235be154b4d854bd9c0b6ca25b75f,,byte inventory
runs/FINAL_PRE_X13_DEADLINE_v1/synthetic_rows/45b2c6617824ad1c9fae6113602cbfd268dfdfad17ad0603a21e3d47c37fc00b.json,2249,10cc01fb03787b2036948b0175adbe34ecb01c5fe5502e3301b55e9b7129ec28,1,JSON parsed; structural inspection
runs/FINAL_PRE_X13_DEADLINE_v1/synthetic_rows/45b2c6617824ad1c9fae6113602cbfd268dfdfad17ad0603a21e3d47c37fc00b.sha256,136,64164876aeed45fb0e2bfd65e10482a7e98b15befe2c28ae10f21f218b663138,,byte inventory
runs/FINAL_PRE_X13_DEADLINE_v1/synthetic_rows/4625d8f8d84e69b052107e8f1dbe689857498e3d43c29f25f3910f156fd3f9b9.json,2250,09d12284468966421dd25565380f245638ac90ee9618ef591b371d5f83a0ade4,1,JSON parsed; structural inspection
runs/FINAL_PRE_X13_DEADLINE_v1/synthetic_rows/4625d8f8d84e69b052107e8f1dbe689857498e3d43c29f25f3910f156fd3f9b9.sha256,136,022201cd11f16d742a069d577df89566a8f4223533d5c81290315cb3fba28447,,byte inventory
runs/FINAL_PRE_X13_DEADLINE_v1/synthetic_rows/4681aefdcdb66fead41388251001233909695445968efd60e45c4df77a1ef396.json,2252,556d52596cd288702eb87a1b3651f56ae4cc8bf90e0a3ae93a8100ef9ac40117,1,JSON parsed; structural inspection
runs/FINAL_PRE_X13_DEADLINE_v1/synthetic_rows/4681aefdcdb66fead41388251001233909695445968efd60e45c4df77a1ef396.sha256,136,74d0937dadcf63f28aebda1a887ffc637d356d20b481c9ac32a6769b8d01fb72,,byte inventory
runs/FINAL_PRE_X13_DEADLINE_v1/synthetic_rows/4683d38b16e4a06ef0a80538e837e79e27dc61f29c1ec279b53f1676b834e178.json,2243,dfd2d05fcac0beccdda6be4eda6036267c80a43568b3ff9e2c4e79c2518b7663,1,JSON parsed; structural inspection
runs/FINAL_PRE_X13_DEADLINE_v1/synthetic_rows/4683d38b16e4a06ef0a80538e837e79e27dc61f29c1ec279b53f1676b834e178.sha256,136,23b1ca2af972d97cdf66ecf072274bd195eb24f969d38e59d44bdd1e9d503e5b,,byte inventory
runs/FINAL_PRE_X13_DEADLINE_v1/synthetic_rows/472c7464e80defad3822b103d028c95da2a112b4b58d815928fc94ad4277e11b.json,2244,4318fa65b0791e0db5ccfb0212b3c37570c8c757ee52209bc70d874f7f786711,1,JSON parsed; structural inspection
runs/FINAL_PRE_X13_DEADLINE_v1/synthetic_rows/472c7464e80defad3822b103d028c95da2a112b4b58d815928fc94ad4277e11b.sha256,136,635528f31b984bc373bae53fdfa4de1610e587bd8026258b075ce44054c1075a,,byte inventory
runs/FINAL_PRE_X13_DEADLINE_v1/synthetic_rows/47354f8276939ddf1486438b20b1a50108f8334b3f2a462e92cd00f9cef0f257.json,2245,0ed5192fa33fd1edc4d48dd2bf90bb40db35c67f148f7a9b8b21b20b5d147654,1,JSON parsed; structural inspection
runs/FINAL_PRE_X13_DEADLINE_v1/synthetic_rows/47354f8276939ddf1486438b20b1a50108f8334b3f2a462e92cd00f9cef0f257.sha256,136,a402a55e7ffae02059a4d83107925fbc3ba8f9fbcd69a03e863e9dc300663f2a,,byte inventory
runs/FINAL_PRE_X13_DEADLINE_v1/synthetic_rows/4764e1a0721162443ad7a4ec6f4446eb087bdb49dda91ac6931bbf99e1bde898.json,2237,d9bb4cc264eb190dadadbd1b69a83360ebd980b8c29db98162e49c2c4db74b1f,1,JSON parsed; structural inspection
runs/FINAL_PRE_X13_DEADLINE_v1/synthetic_rows/4764e1a0721162443ad7a4ec6f4446eb087bdb49dda91ac6931bbf99e1bde898.sha256,136,72dbb81b13e47fbe4883e0feb3a1bf12b74ac2a6f24de1d53a7b1b928249ade9,,byte inventory
runs/FINAL_PRE_X13_DEADLINE_v1/synthetic_rows/47b908ff4d8d0498bab1fa4f9fb8740ec964acbbdbcc683c23753f5fceb7fcff.json,2234,66ce43c207956d6fbe9e1a5dfa76691d75850d198a4496dabce0b52a81342e91,1,JSON parsed; structural inspection
runs/FINAL_PRE_X13_DEADLINE_v1/synthetic_rows/47b908ff4d8d0498bab1fa4f9fb8740ec964acbbdbcc683c23753f5fceb7fcff.sha256,136,1c6ac94502ae3b466bfc462e5fac88a98d9a280164752168ae853aa61f7c919f,,byte inventory
runs/FINAL_PRE_X13_DEADLINE_v1/synthetic_rows/47c26b23827c23b1c3ce4a0cfd3d518f5c9e378df706d205eb3ac4049cfc4c4a.json,2241,a176430cbe022f37f06d7f8c14d4206bc2fd1cdb78b6134a8cde15adfc484758,1,JSON parsed; structural inspection
runs/FINAL_PRE_X13_DEADLINE_v1/synthetic_rows/47c26b23827c23b1c3ce4a0cfd3d518f5c9e378df706d205eb3ac4049cfc4c4a.sha256,136,955f8a2080bc04c1247c912a4ad6c6aac358baf2ace49a1c1d137c439f227924,,byte inventory
runs/FINAL_PRE_X13_DEADLINE_v1/synthetic_rows/47fc0c5163aff7e77ebde4c9d841498ad99a164fbe6065c3f0d6e4e29db7c6de.json,2229,4aa29ea2cc887a3d92026aa47e08c0f9323205ad97bd3a32c535634a96c10f77,1,JSON parsed; structural inspection
runs/FINAL_PRE_X13_DEADLINE_v1/synthetic_rows/47fc0c5163aff7e77ebde4c9d841498ad99a164fbe6065c3f0d6e4e29db7c6de.sha256,136,2c0b5194126ee2048102ade82c4fe22ea188f755dfddb3cd4fb37db8be0f75da,,byte inventory
runs/FINAL_PRE_X13_DEADLINE_v1/synthetic_rows/480d0c3447fa41d6d9b50de92b05da13fb66644c953e61ad4cd6f95a634c52ef.json,2233,5ddf97887d4f59835b9e41c8e3c31c0459d08d40da462335c161278fa01cba84,1,JSON parsed; structural inspection
runs/FINAL_PRE_X13_DEADLINE_v1/synthetic_rows/480d0c3447fa41d6d9b50de92b05da13fb66644c953e61ad4cd6f95a634c52ef.sha256,136,f9537b10af01ac155ce364563c8617730848af700f019b9ee9ee5975e8cc292e,,byte inventory
runs/FINAL_PRE_X13_DEADLINE_v1/synthetic_rows/487bf6d4bd57e621e680177f207f1e86cac8e9d248b7fdc4f7bf16b2c0b8d2cb.json,2247,39503b42037475f3f10dd0fbc6578091d685b7d447f6e9c537248806b23b45d1,1,JSON parsed; structural inspection
runs/FINAL_PRE_X13_DEADLINE_v1/synthetic_rows/487bf6d4bd57e621e680177f207f1e86cac8e9d248b7fdc4f7bf16b2c0b8d2cb.sha256,136,8fd8eb7b229ec674d237d5f3a1b095c7f7cb124c92f6d71a56422ddee876cd02,,byte inventory
runs/FINAL_PRE_X13_DEADLINE_v1/synthetic_rows/48a74914e8f74b36745e7ec9d1c41a5dd588efc183788df3658dcb0f58b9d794.json,2255,8fa268bfac5952a0c86498a9992c948cfea54786d63f8fdaa1edf6ab3031ab2d,1,JSON parsed; structural inspection
runs/FINAL_PRE_X13_DEADLINE_v1/synthetic_rows/48a74914e8f74b36745e7ec9d1c41a5dd588efc183788df3658dcb0f58b9d794.sha256,136,843aad36ef9883ef82854efa650589536a90ce1fc35f0966f178e3f240a1cdd3,,byte inventory
runs/FINAL_PRE_X13_DEADLINE_v1/synthetic_rows/494489b4b486b7fc8728bb23d41f727a64c84b435c36088d5dde35931a23db51.json,2254,70c116457f8e2c525909a9e85e815fbd1d33840bbfc34101eca541664c31a322,1,JSON parsed; structural inspection
runs/FINAL_PRE_X13_DEADLINE_v1/synthetic_rows/494489b4b486b7fc8728bb23d41f727a64c84b435c36088d5dde35931a23db51.sha256,136,5cd6c6d88796284a2d5425f73d8947a92aaa0c10fb8563b9b7133cab9e6650f8,,byte inventory
runs/FINAL_PRE_X13_DEADLINE_v1/synthetic_rows/4a2aa2b8a5c2ce4315814dca86f525aca75d169fe42201095e759bc4c2f490b7.json,2240,17c8c38bad0f582175b312ed599c61051c72d5204ba327d148cfca16bf5e9d66,1,JSON parsed; structural inspection
runs/FINAL_PRE_X13_DEADLINE_v1/synthetic_rows/4a2aa2b8a5c2ce4315814dca86f525aca75d169fe42201095e759bc4c2f490b7.sha256,136,b3ad11919f649403330e83ce40ef44ec53cbf645548a5096cdee02d37916d424,,byte inventory
runs/FINAL_PRE_X13_DEADLINE_v1/synthetic_rows/4a319e00a117427e8cd34f4ae23ee872dd295059c667a851e9b248907320ade2.json,2236,2e0329bd912341a4836936200d1558f7f819a4daab24f3b5623896f267cbf53f,1,JSON parsed; structural inspection
runs/FINAL_PRE_X13_DEADLINE_v1/synthetic_rows/4a319e00a117427e8cd34f4ae23ee872dd295059c667a851e9b248907320ade2.sha256,136,85090c5c5c1d5dd7059d1ac5ba9aa25e578df8ffde4bc44b4d68978c4484ffb8,,byte inventory
runs/FINAL_PRE_X13_DEADLINE_v1/synthetic_rows/4a31a89a68c973367f7f92bbf0901f1d7dffde6b978f29030e9025f168f543c7.json,2250,ecbcde6990594f370f32c6c27dfefc9480d6493aba0c6cdfee9ad6a4da521c38,1,JSON parsed; structural inspection
runs/FINAL_PRE_X13_DEADLINE_v1/synthetic_rows/4a31a89a68c973367f7f92bbf0901f1d7dffde6b978f29030e9025f168f543c7.sha256,136,f7e41b05a1924ec455327f27b72b0b0bc948774cdb6cabff57f4a5f987db1618,,byte inventory
runs/FINAL_PRE_X13_DEADLINE_v1/synthetic_rows/4a37701fb19248ce6e2464954346aa984e8f3e52d3ad95a8cd1a8aafa0b5f506.json,2242,1260b44216473d7f1445f57b541e2e16621d6f7149b9948cbcaeefbccbab56e7,1,JSON parsed; structural inspection
runs/FINAL_PRE_X13_DEADLINE_v1/synthetic_rows/4a37701fb19248ce6e2464954346aa984e8f3e52d3ad95a8cd1a8aafa0b5f506.sha256,136,e938bfcd1453ae080aeb35546f17c501b7afd5fce403659dc7ad8f3d7cd8c6e9,,byte inventory
runs/FINAL_PRE_X13_DEADLINE_v1/synthetic_rows/4ad27b77599896ed316ec727ecdce2a5d0d25080aaa345e26e002097a6816d59.json,2242,144f12843173d25411a13f6b5b68abf9bb4ab4094734af55cc34d3c0ba03bae3,1,JSON parsed; structural inspection
runs/FINAL_PRE_X13_DEADLINE_v1/synthetic_rows/4ad27b77599896ed316ec727ecdce2a5d0d25080aaa345e26e002097a6816d59.sha256,136,7434835d38cd28692829b9cf0430ba50569ec770fa88eb6ee1c32fca8b07e4b2,,byte inventory
runs/FINAL_PRE_X13_DEADLINE_v1/synthetic_rows/4b5d79fcfe1de65328ad7ee3b1986114196f14caf4289d3f343db5e12a227182.json,2242,a993fdbab5d80b2017e1312a9d6427f02ed8fa62b309cb292d2a2c6f44d618b2,1,JSON parsed; structural inspection
runs/FINAL_PRE_X13_DEADLINE_v1/synthetic_rows/4b5d79fcfe1de65328ad7ee3b1986114196f14caf4289d3f343db5e12a227182.sha256,136,8dcab3fb9ce4196c4521851025521223271d9194e8fb2d623b53be180317c07e,,byte inventory
runs/FINAL_PRE_X13_DEADLINE_v1/synthetic_rows/4b76036002ca33470e4709576b5b0c2b16417c209c312838e38e9094a4b0ad1e.json,2252,98a8f6e513368cf9e05c4c70ca3bb5abd7ce0e1e1c7c4dbe3c404b64bd1ae5ad,1,JSON parsed; structural inspection
runs/FINAL_PRE_X13_DEADLINE_v1/synthetic_rows/4b76036002ca33470e4709576b5b0c2b16417c209c312838e38e9094a4b0ad1e.sha256,136,0ef34f50a8b8b630e54c1ff1a817f51234bc23a4312bd40ab8c4afd8a39424b7,,byte inventory
runs/FINAL_PRE_X13_DEADLINE_v1/synthetic_rows/4b814f6226fa666f079c2df71e0871e8cc405512c6d191b61969fe1604d70e8b.json,2245,37a6f237ea1329a3f91d7142af701817e976bf1d93f5542ef9650bf435867d24,1,JSON parsed; structural inspection
runs/FINAL_PRE_X13_DEADLINE_v1/synthetic_rows/4b814f6226fa666f079c2df71e0871e8cc405512c6d191b61969fe1604d70e8b.sha256,136,86ab786aaa474a557bd54d5f2c597fda00de31302a5400382b084a8db445f69b,,byte inventory
runs/FINAL_PRE_X13_DEADLINE_v1/synthetic_rows/4b90edde064e8f19cb10a1638f2ee87322d413f525cff583d5395c44a29cb2bd.json,2237,0cbe11dd551ac31df5ea9b17b11d36987674289c091edd29c91c75fdee6cd023,1,JSON parsed; structural inspection
runs/FINAL_PRE_X13_DEADLINE_v1/synthetic_rows/4b90edde064e8f19cb10a1638f2ee87322d413f525cff583d5395c44a29cb2bd.sha256,136,f38296ef453cd8e95cfb17c9154544ccb12c333bb1332a711455288268c3da57,,byte inventory
runs/FINAL_PRE_X13_DEADLINE_v1/synthetic_rows/4c1b18897940304f209bd877974b6a6d126764c4169442c3d8240bf8265e6581.json,2243,59df8d1f3768c37627404080f95ec10f22b363d0c7669f3c07434685d18273b2,1,JSON parsed; structural inspection
runs/FINAL_PRE_X13_DEADLINE_v1/synthetic_rows/4c1b18897940304f209bd877974b6a6d126764c4169442c3d8240bf8265e6581.sha256,136,0f9973395df619277852c74c5f8eec1d475780a75bd72bc921660cdcebb7cfbc,,byte inventory
runs/FINAL_PRE_X13_DEADLINE_v1/synthetic_rows/4c2640f877edfc1bfebbce3620e3a80e1530f737b7dda843d9b2241a718748b7.json,2244,e096ed8d0bd56692f2d61544f9c1429dc7239886e3182860c767764f0ef78d3f,1,JSON parsed; structural inspection
runs/FINAL_PRE_X13_DEADLINE_v1/synthetic_rows/4c2640f877edfc1bfebbce3620e3a80e1530f737b7dda843d9b2241a718748b7.sha256,136,edf7cb9b750958e0923e50c313d6a5cbb561164f37fc5483bf3aa04536dbc4a7,,byte inventory
runs/FINAL_PRE_X13_DEADLINE_v1/synthetic_rows/4cd75a12f6c6f4732b2dcfa1b9f7301eb76a4c21c9aaa773963d0d018b8f484f.json,2243,cfec76a985161106b286b6c7acfbc7d806d6427d69048e607b09a7fbc6f16d55,1,JSON parsed; structural inspection
runs/FINAL_PRE_X13_DEADLINE_v1/synthetic_rows/4cd75a12f6c6f4732b2dcfa1b9f7301eb76a4c21c9aaa773963d0d018b8f484f.sha256,136,c716d634f75a57f73619f489a64146a844653f8dd65a2ee05a411bf8e267f8bd,,byte inventory
runs/FINAL_PRE_X13_DEADLINE_v1/synthetic_rows/4d08515eb5ac8398ce761d6513d976f3eeaf1c73e848baae94409acde4ea504c.json,2244,0bd1561704cbf8ee7ebaeffca5a4843f949c88dac456ad30b00b21cb54c2ef3b,1,JSON parsed; structural inspection
runs/FINAL_PRE_X13_DEADLINE_v1/synthetic_rows/4d08515eb5ac8398ce761d6513d976f3eeaf1c73e848baae94409acde4ea504c.sha256,136,e72cca183d9faceedf00fc5af3369a64f75ec2cae09b7cf91176c8f01a470bde,,byte inventory
runs/FINAL_PRE_X13_DEADLINE_v1/synthetic_rows/4d222fe46c8f5150f263e597353ee07d660e7107b4a83386a492fe4df98f86d9.json,2238,7a53d0cb2f33f61a4c1de285fa0f5e720034462eff67f47a81c591c9277175d0,1,JSON parsed; structural inspection
runs/FINAL_PRE_X13_DEADLINE_v1/synthetic_rows/4d222fe46c8f5150f263e597353ee07d660e7107b4a83386a492fe4df98f86d9.sha256,136,9af07ae797539c7eabad3d738c271a1eabfd6df588969e122415a2721b76e1d1,,byte inventory
runs/FINAL_PRE_X13_DEADLINE_v1/synthetic_rows/4dd9f8b092ebbe2b9851bb67e14f090727414f16ff64a1b5319e9229a9089fe6.json,2238,a55c4b8c2e46b0be78c96a157afd815a0f80ffe85c3136947a925958e0284c0d,1,JSON parsed; structural inspection
runs/FINAL_PRE_X13_DEADLINE_v1/synthetic_rows/4dd9f8b092ebbe2b9851bb67e14f090727414f16ff64a1b5319e9229a9089fe6.sha256,136,90b4d9e5bf4842eb930074497a77818ae09649ced63ff1dc0ff3ea19ec97c8c5,,byte inventory
runs/FINAL_PRE_X13_DEADLINE_v1/synthetic_rows/4e38b79f70ea0c8e82b2d50c6fe3782de99daf7ebd6bb2a44db4349dc30f86d8.json,2236,42db73bf132bd19f71e1f54ae8292379a704c69f394b6923b635f68283b1fecb,1,JSON parsed; structural inspection
runs/FINAL_PRE_X13_DEADLINE_v1/synthetic_rows/4e38b79f70ea0c8e82b2d50c6fe3782de99daf7ebd6bb2a44db4349dc30f86d8.sha256,136,c181cb351c469ad932a3154d59da0180f5b23ddfd539ca0329bd9422d7a6d91f,,byte inventory
runs/FINAL_PRE_X13_DEADLINE_v1/synthetic_rows/4e4566d768e8178afb7e9dde7974457e158e6381054d1a60c4db1801f8483652.json,2233,097714417c53ab3f53378bd9e27ac6781410f56de8b1cb96f034f0fc63adf405,1,JSON parsed; structural inspection
runs/FINAL_PRE_X13_DEADLINE_v1/synthetic_rows/4e4566d768e8178afb7e9dde7974457e158e6381054d1a60c4db1801f8483652.sha256,136,992ab70b24e8a44187a2e1963e9a73cdfaa2a9d4828e1f5eb5455e29d1c0755b,,byte inventory
runs/FINAL_PRE_X13_DEADLINE_v1/synthetic_rows/4e48b5df43e05c12ae169d794f05642bb20a34f58c13d6cf4ecf34ef1a0cbb17.json,2234,d7b93ca60aeb4d44275993e95e3807b3c87ea427672681f492d1af02f6df5571,1,JSON parsed; structural inspection
runs/FINAL_PRE_X13_DEADLINE_v1/synthetic_rows/4e48b5df43e05c12ae169d794f05642bb20a34f58c13d6cf4ecf34ef1a0cbb17.sha256,136,4e6850557b3231272d7d29b3c0c91f1d509ff6cddb1e6598675ea78e1c180d87,,byte inventory
runs/FINAL_PRE_X13_DEADLINE_v1/synthetic_rows/4e5d33b67dd2aa4a68c55ed948d8cee13fd2819679b86755bac2edb2d59a329e.json,2234,165af6713c99b711bfb0c6f76dd104957effbf83bbd5cfa3c07ca9db4b1fa1ee,1,JSON parsed; structural inspection
runs/FINAL_PRE_X13_DEADLINE_v1/synthetic_rows/4e5d33b67dd2aa4a68c55ed948d8cee13fd2819679b86755bac2edb2d59a329e.sha256,136,141a37992bb2327e80bf8535f276b671143fc7793a220595be745905f02bb8d3,,byte inventory
runs/FINAL_PRE_X13_DEADLINE_v1/synthetic_rows/4e63138cf0ee859ae92e543f4c27b1437f852fee992e1a8d3c645834e45ef820.json,2232,9c977e82e09fbd169aade3550867d5be18ebb1e4deda9b7c66e1ecc18edcbcbb,1,JSON parsed; structural inspection
runs/FINAL_PRE_X13_DEADLINE_v1/synthetic_rows/4e63138cf0ee859ae92e543f4c27b1437f852fee992e1a8d3c645834e45ef820.sha256,136,07bebf8c053ff93d9528546d38e8a646ce65ca0ffbece2a144a607a1f01561d3,,byte inventory
runs/FINAL_PRE_X13_DEADLINE_v1/synthetic_rows/4eae23b384c1e9ef928e0fbe099526f6fc5026ef349d6353896100282c0b8312.json,2252,643475c13b8c5622b49bc49cda0ba10b27481c4a9f5708c01dda7b31886eef71,1,JSON parsed; structural inspection
runs/FINAL_PRE_X13_DEADLINE_v1/synthetic_rows/4eae23b384c1e9ef928e0fbe099526f6fc5026ef349d6353896100282c0b8312.sha256,136,a35e9767a08acc66f811011f94d88877feb6c2dba93729ddd286793ae5dd5d76,,byte inventory
runs/FINAL_PRE_X13_DEADLINE_v1/synthetic_rows/4f1541e154c57676a6a6d2de05f925cca9f35bd2dd15a79321ea533f038cb533.json,2230,9be4f75e985fc4deb12466cb5cf7f80bf870e4f765d4a41215ffaf25d6dfb0e7,1,JSON parsed; structural inspection
runs/FINAL_PRE_X13_DEADLINE_v1/synthetic_rows/4f1541e154c57676a6a6d2de05f925cca9f35bd2dd15a79321ea533f038cb533.sha256,136,6194cc974d08e5b95183979ba53964581f3fd011642f021a0c9fc2a82b894511,,byte inventory
runs/FINAL_PRE_X13_DEADLINE_v1/synthetic_rows/4f62fdaf70b13ce8fc27749f4daa67eb03bf91864907a3bef9c32cdaee25ee48.json,2246,8efc763d239a8c7ea47ba498fe9ec7d498cab3875706a6c143310422c437543b,1,JSON parsed; structural inspection
runs/FINAL_PRE_X13_DEADLINE_v1/synthetic_rows/4f62fdaf70b13ce8fc27749f4daa67eb03bf91864907a3bef9c32cdaee25ee48.sha256,136,cb812b8bc50813f0ff89bae624d572b2dc8ff0e5b51b964096bf64468c6a14b8,,byte inventory
runs/FINAL_PRE_X13_DEADLINE_v1/synthetic_rows/4fa68bf12048b63d3e88f6c9e5b1b41ddb71ad6277ac57bad1fd86b990fb4d7e.json,2240,d360388a4f305e5a7d33d03d85779d39461a8263920ea44af707b0b09ae2b5ff,1,JSON parsed; structural inspection
runs/FINAL_PRE_X13_DEADLINE_v1/synthetic_rows/4fa68bf12048b63d3e88f6c9e5b1b41ddb71ad6277ac57bad1fd86b990fb4d7e.sha256,136,edecba7d54dff08dd0b000add6f0f8cb48fdcdc0762adc03a4d868a4372a3994,,byte inventory
runs/FINAL_PRE_X13_DEADLINE_v1/synthetic_rows/4fe25e1d34e087215b405a74bad539a6e443c78554e626583e8fe59da19f6e77.json,2235,44cbc2961b137eb11e74c90bbd5b0b4ae2595e4627be227c8dc20180c169f825,1,JSON parsed; structural inspection
runs/FINAL_PRE_X13_DEADLINE_v1/synthetic_rows/4fe25e1d34e087215b405a74bad539a6e443c78554e626583e8fe59da19f6e77.sha256,136,36ad92d0d0bd8c1e572c0918537daf22ddbd70b000dd1a7c4996c7fd71a0559b,,byte inventory
runs/FINAL_PRE_X13_DEADLINE_v1/synthetic_rows/4fe7da04a8b2cab286cf435005f689a9f2a4ab8acfc1487723a378b4a6d0394b.json,2241,bb1abf600afe952fab8a21d230fbbb00d3ca1b2d25f8736b449d0870ea54ff69,1,JSON parsed; structural inspection
runs/FINAL_PRE_X13_DEADLINE_v1/synthetic_rows/4fe7da04a8b2cab286cf435005f689a9f2a4ab8acfc1487723a378b4a6d0394b.sha256,136,f63fe707550e583b26297f8b2c17915a5ddd9382172253eccb8ea86c3f414fcf,,byte inventory
runs/FINAL_PRE_X13_DEADLINE_v1/synthetic_rows/500727aa95fda7f072634d787dfcd6877988b1489f1a3a4e95d0d69ff06a1c78.json,2250,7fb8972ff06c126c06dc8632a2c9c7d71b9b8d67d1769c139435b44a1b2de1a9,1,JSON parsed; structural inspection
runs/FINAL_PRE_X13_DEADLINE_v1/synthetic_rows/500727aa95fda7f072634d787dfcd6877988b1489f1a3a4e95d0d69ff06a1c78.sha256,136,bb8d206ae2d24d8becacb7d5f4dacfbda36cc4ddd259df5fa86aed6732987dd1,,byte inventory
runs/FINAL_PRE_X13_DEADLINE_v1/synthetic_rows/505edde9f1ad8682bec3a2f28dfaac2197783e83934e5fd6942f9ee6c585f395.json,2247,ae7b3304afa08b7b253ba79b6efcc741c79d27c1c4b3dcce4ca3594b8068f697,1,JSON parsed; structural inspection
runs/FINAL_PRE_X13_DEADLINE_v1/synthetic_rows/505edde9f1ad8682bec3a2f28dfaac2197783e83934e5fd6942f9ee6c585f395.sha256,136,456d6c3497b4b81d4713b0914145b6667b1e41d525aa4bd0a463c4998025dfd2,,byte inventory
runs/FINAL_PRE_X13_DEADLINE_v1/synthetic_rows/50e4537fdab7742d4daaf59804f93feb38313dadb7497e865312a40d00848a82.json,2246,4eed0c4f53e1764f2cdb3448c0a1083e888102b21ff42664bacb8b055efa88c0,1,JSON parsed; structural inspection
runs/FINAL_PRE_X13_DEADLINE_v1/synthetic_rows/50e4537fdab7742d4daaf59804f93feb38313dadb7497e865312a40d00848a82.sha256,136,b4fc6f5cef499fe6e0c7fa674ce2061bf4b875358a718f19bcb961dc50e9a387,,byte inventory
runs/FINAL_PRE_X13_DEADLINE_v1/synthetic_rows/50f0b1cb09d1a4b2edbce7ee08e2b70d67f61f3dbc776a6adf8f90f6b6b958c8.json,2244,4aee40bfe53cdf56c58ea5e83b645e25408f9d613f96b5fba045f954fc70b39c,1,JSON parsed; structural inspection
runs/FINAL_PRE_X13_DEADLINE_v1/synthetic_rows/50f0b1cb09d1a4b2edbce7ee08e2b70d67f61f3dbc776a6adf8f90f6b6b958c8.sha256,136,10c7ea158ec7b1a4fc28847e577f23da929771f0ab35cf21151c938dba3e3954,,byte inventory
runs/FINAL_PRE_X13_DEADLINE_v1/synthetic_rows/5112a77f77647986f239d80a075dcc2115a525f47b561e0105c04d14205f172f.json,2234,b5a368f58bc0ed7798372ba0b4fd28654881b21cc8ae95a23703df7493170b85,1,JSON parsed; structural inspection
runs/FINAL_PRE_X13_DEADLINE_v1/synthetic_rows/5112a77f77647986f239d80a075dcc2115a525f47b561e0105c04d14205f172f.sha256,136,9adb3404574242dcb44d2ded6101cedcecda850429a16b46e19883a362d8483f,,byte inventory
runs/FINAL_PRE_X13_DEADLINE_v1/synthetic_rows/5121b09846a977a970e7137f6914418e3273fc028643bb425daebfd202a45a7f.json,2231,9eaeba6ce263b128241bc59d55ee066d8f006c1727a5006188958cb47ee1e844,1,JSON parsed; structural inspection
runs/FINAL_PRE_X13_DEADLINE_v1/synthetic_rows/5121b09846a977a970e7137f6914418e3273fc028643bb425daebfd202a45a7f.sha256,136,12696d6a57228a8d11bc8526ef98b3c1f916c042581c773b2d7d65bced11fe5f,,byte inventory
runs/FINAL_PRE_X13_DEADLINE_v1/synthetic_rows/515e22d8182425b523ac866538db90ec2ea899593455f7a16e4fcdd76ec555f9.json,2245,cf3156c112073db642cdea1076d1646a74b023dda6f848d1d63d174e41500df1,1,JSON parsed; structural inspection
runs/FINAL_PRE_X13_DEADLINE_v1/synthetic_rows/515e22d8182425b523ac866538db90ec2ea899593455f7a16e4fcdd76ec555f9.sha256,136,c555679aeb7b2cf979b368519b629fbdfe42e307102d3a16e1462e56927494fd,,byte inventory
runs/FINAL_PRE_X13_DEADLINE_v1/synthetic_rows/51da6798de30be31889aa3b19c5b98dbd9925a0c5af0c85eab352829176d8fad.json,2248,70f13f28335a7c82987c360832e398a11ce4d44781d8936d2130566b34641fcd,1,JSON parsed; structural inspection
runs/FINAL_PRE_X13_DEADLINE_v1/synthetic_rows/51da6798de30be31889aa3b19c5b98dbd9925a0c5af0c85eab352829176d8fad.sha256,136,320e6312c59080ef265af0579a8325adce988b8d2c904c432e9cbcd37ef20cd5,,byte inventory
runs/FINAL_PRE_X13_DEADLINE_v1/synthetic_rows/51f2d13e423b8b87474228b069bf230612ce3a3afcef716611cf9f8379c80fea.json,2245,81c05ac0a5dd84fca5d6c4b42ec0da334b9935665a698ef6e8cbcd422acbefa9,1,JSON parsed; structural inspection
runs/FINAL_PRE_X13_DEADLINE_v1/synthetic_rows/51f2d13e423b8b87474228b069bf230612ce3a3afcef716611cf9f8379c80fea.sha256,136,fd96bff2f32b94ee62ab8d4ea1ba01fa5ff99609b42483d42992007ce6c489c4,,byte inventory
runs/FINAL_PRE_X13_DEADLINE_v1/synthetic_rows/52269e3ec0cb99f63eebe83d64e908171b7049a9f052b1097665d0d62280f163.json,2250,2a80b40bda64ce0d79d3ef9c93d595c075dbc42c5e678d7a0d7dfbb67271ed0c,1,JSON parsed; structural inspection
runs/FINAL_PRE_X13_DEADLINE_v1/synthetic_rows/52269e3ec0cb99f63eebe83d64e908171b7049a9f052b1097665d0d62280f163.sha256,136,78fc12a5144cc9455e02c2c144714781a3c09af57802d1cdd3f2abb620102a5d,,byte inventory
runs/FINAL_PRE_X13_DEADLINE_v1/synthetic_rows/532b975403b9a57fa075c270c739a3b6ad08a8c170a58efecc6e41f617b4405b.json,2243,fafce57173abe17c5b8970f4f58eb20a12218113e687ce51d0cdaaa41de61e8a,1,JSON parsed; structural inspection
runs/FINAL_PRE_X13_DEADLINE_v1/synthetic_rows/532b975403b9a57fa075c270c739a3b6ad08a8c170a58efecc6e41f617b4405b.sha256,136,eda3a0b27fac2eb161c1f5cddaaa8f750da83af44075f3ef99ee74c9077c68c9,,byte inventory
runs/FINAL_PRE_X13_DEADLINE_v1/synthetic_rows/53ae8af6cbf859e30b33ed9e4e4e907387987426a990b55aa314bbc789934843.json,2244,226e865e7fe58478637222121e6808f851f20b2988e82bab5e794c2738ff1093,1,JSON parsed; structural inspection
runs/FINAL_PRE_X13_DEADLINE_v1/synthetic_rows/53ae8af6cbf859e30b33ed9e4e4e907387987426a990b55aa314bbc789934843.sha256,136,fadcfe7ea71b26350d0bf5911c2a49eff1ebc5fd26017718d2bdb226018a6284,,byte inventory
runs/FINAL_PRE_X13_DEADLINE_v1/synthetic_rows/5411236f69d54e9de6738ffff0c21a7906f3e9e5d0c32860d682e56a605ec2ef.json,2245,d3b7d5791cbeab09b0d446309ab187ddac085bb3dbfd3490402f70fa8727d13f,1,JSON parsed; structural inspection
runs/FINAL_PRE_X13_DEADLINE_v1/synthetic_rows/5411236f69d54e9de6738ffff0c21a7906f3e9e5d0c32860d682e56a605ec2ef.sha256,136,27889a3dc777d2ab81fa714a57ebb2c3a325b54f752ee36e8e9b519a4bdff648,,byte inventory
runs/FINAL_PRE_X13_DEADLINE_v1/synthetic_rows/5420c7cf42582320df89248abcccd8db8fbba0d6211a8a06d9383a1cc4cfcae3.json,2251,38b7b63f5b51f6e045c196f68990169e2586297add53a1b0b5ca791dafeed0d4,1,JSON parsed; structural inspection
runs/FINAL_PRE_X13_DEADLINE_v1/synthetic_rows/5420c7cf42582320df89248abcccd8db8fbba0d6211a8a06d9383a1cc4cfcae3.sha256,136,69d25d574eda7ebd4bae40cef022588adda9453a8096379d776eee4760d93c0a,,byte inventory
runs/FINAL_PRE_X13_DEADLINE_v1/synthetic_rows/54374f6c35bd89f5c2a6af0da0381dcdafcc2b91183923bf5a97eb22d203ab69.json,2243,854b92756ace50bd00addf3bf4c2810b2c45502296000e33b9e071cfd1544a0e,1,JSON parsed; structural inspection
runs/FINAL_PRE_X13_DEADLINE_v1/synthetic_rows/54374f6c35bd89f5c2a6af0da0381dcdafcc2b91183923bf5a97eb22d203ab69.sha256,136,905063bd608035fa67f3c6e807c0ad556033155b3906619b738a77d4b8d80619,,byte inventory
runs/FINAL_PRE_X13_DEADLINE_v1/synthetic_rows/54a7470dada488156d22f1bad0e80f86b71bc3158738a47f8c785039a4141f78.json,2236,58faa9559da7df0cbfb74ce2b7145994ede60ef2e4001c2798e53bff67683433,1,JSON parsed; structural inspection
runs/FINAL_PRE_X13_DEADLINE_v1/synthetic_rows/54a7470dada488156d22f1bad0e80f86b71bc3158738a47f8c785039a4141f78.sha256,136,ab4a92e4a6a34812dc27519822e44e38cec99c2bf5a9ed3a5d086969a1d4706b,,byte inventory
runs/FINAL_PRE_X13_DEADLINE_v1/synthetic_rows/54eed2942d97049fca62c98b83f19a74bfe08a62a6b0dc4f90bd0284c3c8cd06.json,2241,c0b4883df1b96880a2dc066f9aaab93d9fb8e34a7fc0534795f8d610b056235b,1,JSON parsed; structural inspection
runs/FINAL_PRE_X13_DEADLINE_v1/synthetic_rows/54eed2942d97049fca62c98b83f19a74bfe08a62a6b0dc4f90bd0284c3c8cd06.sha256,136,4572a447638d9b427d0ca328fd9fb9cec1189c6e7b53e48645b22c76fdd4cfc7,,byte inventory
runs/FINAL_PRE_X13_DEADLINE_v1/synthetic_rows/5530773ccb3ccb148693f2e68f1a304300b439a2328f3f203fa5fdf2dd8ab807.json,2252,a5a4b48a0d1a8f67ab20dc8ecd6d5c9985a65a7b97ba5131605fed5c4fa98449,1,JSON parsed; structural inspection
runs/FINAL_PRE_X13_DEADLINE_v1/synthetic_rows/5530773ccb3ccb148693f2e68f1a304300b439a2328f3f203fa5fdf2dd8ab807.sha256,136,989a7e424e9134116aaf4a8e13e47eb7ff7a9782a4add05248f859da759ee16e,,byte inventory
runs/FINAL_PRE_X13_DEADLINE_v1/synthetic_rows/55471d3289067db5466e73ff1a37b5c2fbbab73e5dfff93e349db7b5f1438672.json,2253,048891907375cf9c2add4bf222f9a20354b91a2c652f644ca250a1e0dba7aacb,1,JSON parsed; structural inspection
runs/FINAL_PRE_X13_DEADLINE_v1/synthetic_rows/55471d3289067db5466e73ff1a37b5c2fbbab73e5dfff93e349db7b5f1438672.sha256,136,89360f120dd94544872c44daf45cbe044527653fa0f5fc2c6309bbfe4f87caa3,,byte inventory
runs/FINAL_PRE_X13_DEADLINE_v1/synthetic_rows/55a39d3cd3fff52e6747fc03f4a837664216a5a139532affe71baac6e332bc0e.json,2241,04707798cb1f61d972365cf326bf2505c8871077bdea94ae4209c0c83742f0cf,1,JSON parsed; structural inspection
runs/FINAL_PRE_X13_DEADLINE_v1/synthetic_rows/55a39d3cd3fff52e6747fc03f4a837664216a5a139532affe71baac6e332bc0e.sha256,136,8b5c119bb115cb31ccf9692bcf17d9e508be45d25971a837189223b20ef2475a,,byte inventory
runs/FINAL_PRE_X13_DEADLINE_v1/synthetic_rows/55e16d8e2f16ced40e5131592ec4dbfdd9538f11b441fc6d6994bbda56cbfe77.json,2235,7e78f048adfcb50fbf53fc2c201bb9489f2670fd5a72befcff6fb936117020e0,1,JSON parsed; structural inspection
runs/FINAL_PRE_X13_DEADLINE_v1/synthetic_rows/55e16d8e2f16ced40e5131592ec4dbfdd9538f11b441fc6d6994bbda56cbfe77.sha256,136,0de562e7568ab4a45b42e539a6507f3ee3616c622d0a3606038e4f19bea46fdc,,byte inventory
runs/FINAL_PRE_X13_DEADLINE_v1/synthetic_rows/56651ac0f554fb10d113c5e0a2259b1a5bafe548f388a521e87e1a32440032e0.json,2244,09f67d31f0656ae62c5c5070ff3b93d253eaaa7f06a2429953d9386a33a02a8c,1,JSON parsed; structural inspection
runs/FINAL_PRE_X13_DEADLINE_v1/synthetic_rows/56651ac0f554fb10d113c5e0a2259b1a5bafe548f388a521e87e1a32440032e0.sha256,136,9c61b52b6615667cb31d2bf000f7f31f13ce82e8bc92921786893dd64ebacd09,,byte inventory
runs/FINAL_PRE_X13_DEADLINE_v1/synthetic_rows/567c3874e923d201e2a910495852c5c0b619a3c71de2112a1a494eca01e402fd.json,2238,6f7c7194a73357595cdda93725843bb2b9b7430768c9021071100eb50f8ef60c,1,JSON parsed; structural inspection
runs/FINAL_PRE_X13_DEADLINE_v1/synthetic_rows/567c3874e923d201e2a910495852c5c0b619a3c71de2112a1a494eca01e402fd.sha256,136,ba2c11362baf804f2ef7e30d5b66fb4877e23fe21e9b03010a03a746b7081099,,byte inventory
runs/FINAL_PRE_X13_DEADLINE_v1/synthetic_rows/5716ab719ab17f4f6f60121fa6d00f25a7c0bd59ea0fbab0f38c63977ba9dbc9.json,2234,a533785b624298a7dbb2d715a5a4964a345b7b12ac5fb8be56e57460339f0179,1,JSON parsed; structural inspection
runs/FINAL_PRE_X13_DEADLINE_v1/synthetic_rows/5716ab719ab17f4f6f60121fa6d00f25a7c0bd59ea0fbab0f38c63977ba9dbc9.sha256,136,f1ed25efc85c5a99d555da1b1a35e71347d2f726697532214778a271a53f74de,,byte inventory
runs/FINAL_PRE_X13_DEADLINE_v1/synthetic_rows/5776530337a549128edaca270425d094fa62eb6f66ac0959d7730a0d68a71785.json,2251,198df9e587fe1c6cec779b788a3a2a08511a1a58ca4e6a4fe9c84fb2dcd44b7a,1,JSON parsed; structural inspection
runs/FINAL_PRE_X13_DEADLINE_v1/synthetic_rows/5776530337a549128edaca270425d094fa62eb6f66ac0959d7730a0d68a71785.sha256,136,bd1d09335b824f22b6c13c901f7ed0ae4cdb2b8ec32b2a39b551f38fd0e642c2,,byte inventory
runs/FINAL_PRE_X13_DEADLINE_v1/synthetic_rows/5843319c0149b5531658e689a69c01278da6909426f262eb7e7c599d6ed2b2cb.json,2245,ddf7c3a59677f43f51447f431a9b09f2ca9d4780e5035d866a4a180519517f6a,1,JSON parsed; structural inspection
runs/FINAL_PRE_X13_DEADLINE_v1/synthetic_rows/5843319c0149b5531658e689a69c01278da6909426f262eb7e7c599d6ed2b2cb.sha256,136,341942f1278fd9feff6bf452073f38e4e14e39d5e878bb574efe88632a51dac4,,byte inventory
runs/FINAL_PRE_X13_DEADLINE_v1/synthetic_rows/590aca6092a3b9fd579ffebfe92ff0b0e01931d3d021b9d4676a986ed16e3bb9.json,2244,97db417adf07ea64e4b0b4c660afa6c4b063dd532630b18627c086d8bc3e7e4b,1,JSON parsed; structural inspection
runs/FINAL_PRE_X13_DEADLINE_v1/synthetic_rows/590aca6092a3b9fd579ffebfe92ff0b0e01931d3d021b9d4676a986ed16e3bb9.sha256,136,cc542c600ccbd002a263adc65406698e28636052503ed42fb5aabe221da6c124,,byte inventory
runs/FINAL_PRE_X13_DEADLINE_v1/synthetic_rows/59a877490160f1aeb4aa08b39bd31fb2dedb2fea1baa441138af6e7b27a79f1c.json,2235,be9058c4562aa49a898be4cacfbceb7e8c7abd10adf9b50d169a5431349e9020,1,JSON parsed; structural inspection
runs/FINAL_PRE_X13_DEADLINE_v1/synthetic_rows/59a877490160f1aeb4aa08b39bd31fb2dedb2fea1baa441138af6e7b27a79f1c.sha256,136,75d4ce2827c27bc5d1f4536caa765bf2e2f57263724bb1332e4946e5ef849b54,,byte inventory
runs/FINAL_PRE_X13_DEADLINE_v1/synthetic_rows/59aa79fb0694d641ffe4e47ecaa51309beb9ca5ead683d89b77cce35d369d0f1.json,2235,fb222a9ca85fc0996ff17b40a9a073b6bdb6a4c996529adf0f5d399a533b1b19,1,JSON parsed; structural inspection
runs/FINAL_PRE_X13_DEADLINE_v1/synthetic_rows/59aa79fb0694d641ffe4e47ecaa51309beb9ca5ead683d89b77cce35d369d0f1.sha256,136,dce77ea7f5a32f29a38d9792fd358331c2ad817939681dc264830fcff0739b63,,byte inventory
runs/FINAL_PRE_X13_DEADLINE_v1/synthetic_rows/5a7515a4e8c281e17f1cc71bc256fd1cac2c47c438e93abe3279c879e2be4098.json,2250,4cd60d15637f61a6ab7719920157c27cb79e03b37a6ce5182992b739161727f9,1,JSON parsed; structural inspection
runs/FINAL_PRE_X13_DEADLINE_v1/synthetic_rows/5a7515a4e8c281e17f1cc71bc256fd1cac2c47c438e93abe3279c879e2be4098.sha256,136,ef93f608ed2feb442cfa196cc4e103969af039b82ced5c01a190d6e31271bb6d,,byte inventory
runs/FINAL_PRE_X13_DEADLINE_v1/synthetic_rows/5b14c74e408ff343c5dfaac54fc3b321d65d627ff6cf70ea4747632ed31a1908.json,2241,bcf017f58c4a260eb03523727405902d9989578171bd360904ca08cb61ede1fb,1,JSON parsed; structural inspection
runs/FINAL_PRE_X13_DEADLINE_v1/synthetic_rows/5b14c74e408ff343c5dfaac54fc3b321d65d627ff6cf70ea4747632ed31a1908.sha256,136,0989a706ad3e1be1f49c6a65de09ba8e939d29e619b4a64a540da5d14137da14,,byte inventory
runs/FINAL_PRE_X13_DEADLINE_v1/synthetic_rows/5b9637d1bed03237a9428cbfd70c9dd28a78642562bc8dceff0d130a7857f15d.json,2237,50ace2598ca7e6542b4d31d0f6cf5145f15d7ffc7462610c8fe5ffe66c4b21b9,1,JSON parsed; structural inspection
runs/FINAL_PRE_X13_DEADLINE_v1/synthetic_rows/5b9637d1bed03237a9428cbfd70c9dd28a78642562bc8dceff0d130a7857f15d.sha256,136,5fa40520ebeda02899b3b201a656c14eb0a3275cb21f033f9147fe2452e42bea,,byte inventory
runs/FINAL_PRE_X13_DEADLINE_v1/synthetic_rows/5bf143e5db3dc93555f87f5df5efc3cee6326a875dd45c96ba2573a2376188a1.json,2243,1640e9ae31fea459482a897d642a3d3b760a8de680b08be2c783b8bfd145c6aa,1,JSON parsed; structural inspection
runs/FINAL_PRE_X13_DEADLINE_v1/synthetic_rows/5bf143e5db3dc93555f87f5df5efc3cee6326a875dd45c96ba2573a2376188a1.sha256,136,9c16699cd86e0bb164b3b216f131f9dc456c9ab0d7ee4a55536ed46e673be152,,byte inventory
runs/FINAL_PRE_X13_DEADLINE_v1/synthetic_rows/5c394328f37a1b415b2596505de106d0ed31fc3c7e4d1adc16ffcf522674c58e.json,2236,5689e3e92a3a2de266ab872b9c159d91a97a54ff77ec06fe8f534cc2e9d89f62,1,JSON parsed; structural inspection
runs/FINAL_PRE_X13_DEADLINE_v1/synthetic_rows/5c394328f37a1b415b2596505de106d0ed31fc3c7e4d1adc16ffcf522674c58e.sha256,136,2983963b335950b3ade6d7518bb86c3402bea23f20e3b1d2456a68703a98dd99,,byte inventory
runs/FINAL_PRE_X13_DEADLINE_v1/synthetic_rows/5cadda5b2e1895b19c07c7ba484cb9ce24715698685d66c2187d618aee0da098.json,2254,17a167fe087cefbd39a10fbb5925bfa40d1755d3e1c676d32a01fc28d0ef5650,1,JSON parsed; structural inspection
runs/FINAL_PRE_X13_DEADLINE_v1/synthetic_rows/5cadda5b2e1895b19c07c7ba484cb9ce24715698685d66c2187d618aee0da098.sha256,136,1b7196dc7e94ce36cbe6cc51408c2d7d1ea83ffc2a365ea6b34925c08ed46f24,,byte inventory
runs/FINAL_PRE_X13_DEADLINE_v1/synthetic_rows/5cf88bf028eb91ecae1e51f1d85c2ee203a56ca88301a495db5288f51616edd1.json,2253,c6efed7f07a43b03f760de91c6d08d5678ee0a10c839ad62b5a1e36d67e9e18d,1,JSON parsed; structural inspection
runs/FINAL_PRE_X13_DEADLINE_v1/synthetic_rows/5cf88bf028eb91ecae1e51f1d85c2ee203a56ca88301a495db5288f51616edd1.sha256,136,8d25dffb932904996664f7896d927756328397e973cf89cd72ed5296c4486b6c,,byte inventory
runs/FINAL_PRE_X13_DEADLINE_v1/synthetic_rows/5d349bf5cb395c299542106b90276e66aa566b05615136b8c0f6ce609c4744d2.json,2241,84335ed33edf007c931c6fed8433b5b37a83d01f18f571b5bdfbd13603321cea,1,JSON parsed; structural inspection
runs/FINAL_PRE_X13_DEADLINE_v1/synthetic_rows/5d349bf5cb395c299542106b90276e66aa566b05615136b8c0f6ce609c4744d2.sha256,136,b16319748d3594c0037c59995deaeb4f4a4c631c0423b76bee2a8911f86316f6,,byte inventory
runs/FINAL_PRE_X13_DEADLINE_v1/synthetic_rows/5d74e7c912db2b80cfd9a4b341512c939c0fb44d7c90ec7a236ee85e0966e8c0.json,2245,2cd33333bb9141efab0b7e341760bdb02eed755a32cb1da7767d036eacfed237,1,JSON parsed; structural inspection
runs/FINAL_PRE_X13_DEADLINE_v1/synthetic_rows/5d74e7c912db2b80cfd9a4b341512c939c0fb44d7c90ec7a236ee85e0966e8c0.sha256,136,46bffec9d0bd096624c70be688f8446f891edcc12db29e0d04f75df1086c743f,,byte inventory
runs/FINAL_PRE_X13_DEADLINE_v1/synthetic_rows/5d990dc9274d8c4275b4fdb607880ff8d5e143905b045e44b40ea00d5d4384e1.json,2257,ecbc4c13ad0db338a2df183b8e4ca1d5dc823b1235a5fcab7e2ba74a1b2f4148,1,JSON parsed; structural inspection
runs/FINAL_PRE_X13_DEADLINE_v1/synthetic_rows/5d990dc9274d8c4275b4fdb607880ff8d5e143905b045e44b40ea00d5d4384e1.sha256,136,073f9a95a5f241a758cd5e3547ad6a0c20ae7502f0dcef23dee361c1dc926079,,byte inventory
runs/FINAL_PRE_X13_DEADLINE_v1/synthetic_rows/5dd7e80a219a03a4abf1323e61b425987830fee4db4509713e55a7b580c930a5.json,2237,dd41b14c33bf416d8e0a8e09a404c3c17b5cf47a644c85472b9edbcee9f478d0,1,JSON parsed; structural inspection
runs/FINAL_PRE_X13_DEADLINE_v1/synthetic_rows/5dd7e80a219a03a4abf1323e61b425987830fee4db4509713e55a7b580c930a5.sha256,136,170374b0e352d418d36394cfdbb7de0ad2adf1ccc9a278410ed163bec4c54aad,,byte inventory
runs/FINAL_PRE_X13_DEADLINE_v1/synthetic_rows/5e36f7c752ca269112bccca6962f9bdb1e1a8b16bcbfd07e3e965127d5059279.json,2234,d8a02b1869331dace913aac39c6cb9ca7a5e8741e7add43db5f0f8e4a7d600e3,1,JSON parsed; structural inspection
runs/FINAL_PRE_X13_DEADLINE_v1/synthetic_rows/5e36f7c752ca269112bccca6962f9bdb1e1a8b16bcbfd07e3e965127d5059279.sha256,136,b8ed144fce9faae5935b29a55f7792c7d77af1e84ad67102d9087a53822080af,,byte inventory
runs/FINAL_PRE_X13_DEADLINE_v1/synthetic_rows/5e4a7314552b54d0c2ac466196afd20bfd2067bc63cd5e0c90f353c68e731aaa.json,2246,9e3d7ab840d181d2c12a375952ba863938792ce989b262e73a9ea4721991063f,1,JSON parsed; structural inspection
runs/FINAL_PRE_X13_DEADLINE_v1/synthetic_rows/5e4a7314552b54d0c2ac466196afd20bfd2067bc63cd5e0c90f353c68e731aaa.sha256,136,2955a98de7d058da72bf644ec3b2fca6e439a1249fc36d53518e304a4209a442,,byte inventory
runs/FINAL_PRE_X13_DEADLINE_v1/synthetic_rows/5e6dcbfa38027ff4add6547b423e894b749394fb8c8745280c1f62efc1a1c45a.json,2256,0df770ed69244915443a8c5c5c66c7f17ec5647a077fa1eee5450cc2ae3bad7e,1,JSON parsed; structural inspection
runs/FINAL_PRE_X13_DEADLINE_v1/synthetic_rows/5e6dcbfa38027ff4add6547b423e894b749394fb8c8745280c1f62efc1a1c45a.sha256,136,babb802ac813c3fe878ab4e46e5a5ffd89d4d207db1819c8939f17b2586232a0,,byte inventory
runs/FINAL_PRE_X13_DEADLINE_v1/synthetic_rows/5f646c5829ef8dbcf902062abb2e965d7e58bcea93c75c22dd830a812e14f0c4.json,2245,75860222c4505e72d2885ea3f70c42226f2819197090211835ae0478ab20d5c8,1,JSON parsed; structural inspection
runs/FINAL_PRE_X13_DEADLINE_v1/synthetic_rows/5f646c5829ef8dbcf902062abb2e965d7e58bcea93c75c22dd830a812e14f0c4.sha256,136,47ca38fd5b2cc9b681748d02ceeff5d859139596192a4a9a97df809367fc1c9d,,byte inventory
runs/FINAL_PRE_X13_DEADLINE_v1/synthetic_rows/5f7d53a9b6f3295824bdad83d0c003a7d2bc8be8b19f5bb1a9f3eb19ef2d6fe2.json,2255,4550b5ce9a32b4e7d68c3dd3efa25caeb3e18c6cc4081360f2cbd0f5a5fde056,1,JSON parsed; structural inspection
runs/FINAL_PRE_X13_DEADLINE_v1/synthetic_rows/5f7d53a9b6f3295824bdad83d0c003a7d2bc8be8b19f5bb1a9f3eb19ef2d6fe2.sha256,136,fc24431d585bf5461c5788b64e23a4ada2e8f0472f799451fa078aaceb70c2cb,,byte inventory
runs/FINAL_PRE_X13_DEADLINE_v1/synthetic_rows/602399978fbda297080a896963ae1e76cea928811704153fcd4d12482b29144e.json,2250,22ddc8f9bb10b3a8519d512fea8b6cd1ba18ac0459514eeb4caa46781ffb4a15,1,JSON parsed; structural inspection
runs/FINAL_PRE_X13_DEADLINE_v1/synthetic_rows/602399978fbda297080a896963ae1e76cea928811704153fcd4d12482b29144e.sha256,136,8308cf0b787c151585c02cc524a8fe3c750b4a75b75eb8f401e8a7ab8dd643de,,byte inventory
runs/FINAL_PRE_X13_DEADLINE_v1/synthetic_rows/614e9004b1dc7a97d2b17e2b49da5e3321908c08bb5de8ddafa6fd9687065bdb.json,2234,a9ef63f79f5f6ef53411dd138005eb51a174e4f7c6f6773d9dc5dbca49e346f5,1,JSON parsed; structural inspection
runs/FINAL_PRE_X13_DEADLINE_v1/synthetic_rows/614e9004b1dc7a97d2b17e2b49da5e3321908c08bb5de8ddafa6fd9687065bdb.sha256,136,1d42bcddc2586678b6713e264d9f4ffc916e0e088e8695606f88b10114400f8c,,byte inventory
runs/FINAL_PRE_X13_DEADLINE_v1/synthetic_rows/61d5bddffb09308fd585e4c9c9dc60203f2ba51e13f77e05ab5b1f426aef9a13.json,2242,7a04475d9fb11a9900414280492903c22926ffc38b3678fdd664cad5de3cfc8b,1,JSON parsed; structural inspection
runs/FINAL_PRE_X13_DEADLINE_v1/synthetic_rows/61d5bddffb09308fd585e4c9c9dc60203f2ba51e13f77e05ab5b1f426aef9a13.sha256,136,89d27853a4029002fcf514fa42a0fc4da29e9f66867afe8607f07174dcf98740,,byte inventory
runs/FINAL_PRE_X13_DEADLINE_v1/synthetic_rows/620b50fd8fe40a7660b1d8f9b83ec0b5609cc2af5e3a8371fe73194d9e01d998.json,2238,5d5b415f6b270a470767f6f40474b3a989d216b39735107601fd88e7389d5a55,1,JSON parsed; structural inspection
runs/FINAL_PRE_X13_DEADLINE_v1/synthetic_rows/620b50fd8fe40a7660b1d8f9b83ec0b5609cc2af5e3a8371fe73194d9e01d998.sha256,136,082f230ff07ffe6675c8f333b6fff4a2f28125e7ba15628d8e8fed0c587afdad,,byte inventory
runs/FINAL_PRE_X13_DEADLINE_v1/synthetic_rows/62864734e603d4f36d4ed18fea86c681867af1b52d45f9c1fd4a1f1a196508fd.json,2242,c607ac116a3542ae3c6dd4f9b1fa53f4ecce1024a741f752231040069572a1c3,1,JSON parsed; structural inspection
runs/FINAL_PRE_X13_DEADLINE_v1/synthetic_rows/62864734e603d4f36d4ed18fea86c681867af1b52d45f9c1fd4a1f1a196508fd.sha256,136,405e765df42bce0a6199bc36ae2a08ef30929aa13385cd84755c613dd6ebf135,,byte inventory
runs/FINAL_PRE_X13_DEADLINE_v1/synthetic_rows/62c3fece171739746e648662e52df0958c481de55dc372739be32af7944c65b9.json,2234,809eda6b3972919494e807c304a64b7ef13c41725f0c6210dc7211ff03ce1952,1,JSON parsed; structural inspection
runs/FINAL_PRE_X13_DEADLINE_v1/synthetic_rows/62c3fece171739746e648662e52df0958c481de55dc372739be32af7944c65b9.sha256,136,93340648214d1b00151d2349f7f6097b52c1989895f7929d1e4fe9f3a14d719c,,byte inventory
runs/FINAL_PRE_X13_DEADLINE_v1/synthetic_rows/6401e5ea4e155debf4607277b4faecff6a581c4946a3226b77e747293fff5eab.json,2244,89b74aec8baa5a3c783c1116b08833675ff835316fd315c32c9bcb21287510e1,1,JSON parsed; structural inspection
runs/FINAL_PRE_X13_DEADLINE_v1/synthetic_rows/6401e5ea4e155debf4607277b4faecff6a581c4946a3226b77e747293fff5eab.sha256,136,b20a4aaf9212f2162a5288ccfcd511c0a82f34c8649b32cb7728508f75b76945,,byte inventory
runs/FINAL_PRE_X13_DEADLINE_v1/synthetic_rows/642dad95ceed12466969648cf053a825b4f1afc1faca0ae5861291983a6cc7e2.json,2247,a2c934a9b5af2ea9f619ed04aef9645070103a48e8fa8d862d59d6711811dec1,1,JSON parsed; structural inspection
runs/FINAL_PRE_X13_DEADLINE_v1/synthetic_rows/642dad95ceed12466969648cf053a825b4f1afc1faca0ae5861291983a6cc7e2.sha256,136,4462e1b0d65743b9bc6735d07570a0ff28b6c709080abcce825f214d268da6d6,,byte inventory
runs/FINAL_PRE_X13_DEADLINE_v1/synthetic_rows/645d2ed66e0e98633ddba9c9d0054dd172edff1e22e1c7c8953a51c1f80e4f3b.json,2242,7d7fc61b6c6085ece52681d07117756d54b1919511f3a5ce4b56e3884fe51e77,1,JSON parsed; structural inspection
runs/FINAL_PRE_X13_DEADLINE_v1/synthetic_rows/645d2ed66e0e98633ddba9c9d0054dd172edff1e22e1c7c8953a51c1f80e4f3b.sha256,136,8345b53b1706e563bb7671d4c36bdbeeb70b67fd195cdf821396efa2257fa149,,byte inventory
runs/FINAL_PRE_X13_DEADLINE_v1/synthetic_rows/645e32e526e1739442b48582ac9557fca9ba4f832d5b1f903259833ab77bcbf0.json,2244,26787441071dbf3f03f9194e64c4178c8918afcab2d2101ff1109cab85ad2942,1,JSON parsed; structural inspection
runs/FINAL_PRE_X13_DEADLINE_v1/synthetic_rows/645e32e526e1739442b48582ac9557fca9ba4f832d5b1f903259833ab77bcbf0.sha256,136,39a73410d2ff7474ab106694649ef8dc8087dbd3aafade061225560f4903b327,,byte inventory
runs/FINAL_PRE_X13_DEADLINE_v1/synthetic_rows/64a29e488f622a2cb2058ffbcbadab68ef634e2c8d123f8a4d4c93fd5d9cd7a5.json,2234,e11d8e1cd122a550f1d2cabf2e0ace5db850a073cd340c3bfb0b41bb2e184840,1,JSON parsed; structural inspection
runs/FINAL_PRE_X13_DEADLINE_v1/synthetic_rows/64a29e488f622a2cb2058ffbcbadab68ef634e2c8d123f8a4d4c93fd5d9cd7a5.sha256,136,b35a22424cd8ef1a18c6ca3c9b518844b15945257849af9f9dfd76f1af327140,,byte inventory
runs/FINAL_PRE_X13_DEADLINE_v1/synthetic_rows/64dc26db8cde88394953def5ff95b4bc39a1ae2dc3e3a0f96cca94202ce5db6e.json,2232,ac724dc62f60762a928be0e904b228b15c76df64e802129a8302260e7df7d7e4,1,JSON parsed; structural inspection
runs/FINAL_PRE_X13_DEADLINE_v1/synthetic_rows/64dc26db8cde88394953def5ff95b4bc39a1ae2dc3e3a0f96cca94202ce5db6e.sha256,136,352849c0f71f40b5b213a25b1d7eb3a56fe625b911e979675446c8305080408d,,byte inventory
runs/FINAL_PRE_X13_DEADLINE_v1/synthetic_rows/6533815ffc8fde60cdfd148a532d2c11cec3e56a2ede78ed31f0951dec5976c7.json,2256,b773e65d6bf5ee72e6ba355549f1c3c48933a0921843e8d87a0f6b81474e7491,1,JSON parsed; structural inspection
runs/FINAL_PRE_X13_DEADLINE_v1/synthetic_rows/6533815ffc8fde60cdfd148a532d2c11cec3e56a2ede78ed31f0951dec5976c7.sha256,136,5e0f33b5152b8a443645e6c9c61ed56723fffc27928940d57aefd795ab9233d8,,byte inventory
runs/FINAL_PRE_X13_DEADLINE_v1/synthetic_rows/65cd5dd24f8bb0cd7b28f2fc5164dc7f0de22cbdcf9fe206679368040eddc151.json,2236,9ab6f5914dc280942cbff09537b9f90bf6204a1a7bfc5bf9644d341387204424,1,JSON parsed; structural inspection
runs/FINAL_PRE_X13_DEADLINE_v1/synthetic_rows/65cd5dd24f8bb0cd7b28f2fc5164dc7f0de22cbdcf9fe206679368040eddc151.sha256,136,2e9344615685a57c152f564ca8785431154bd90a5d65d8d2f7cbb8e0fe7947fd,,byte inventory
runs/FINAL_PRE_X13_DEADLINE_v1/synthetic_rows/6610919eba1cc4ac1e815a1beba1228714ca39c432054fbfe1664656b7e66910.json,2235,6154a5ff300a699794090dc63fea306167c153a0b6941afbb84e57ea36a335e4,1,JSON parsed; structural inspection
runs/FINAL_PRE_X13_DEADLINE_v1/synthetic_rows/6610919eba1cc4ac1e815a1beba1228714ca39c432054fbfe1664656b7e66910.sha256,136,e770b0b8ef5d9a8f173c62009a7cdd0c04bacc609347d58ca197ea2122ed1156,,byte inventory
runs/FINAL_PRE_X13_DEADLINE_v1/synthetic_rows/661325ce25814f6ef39dadd1c74556a60a5571dc2425d4433926c9e7b8827cf5.json,2242,923722342b9bb85826b769d66e92480475b55ca745375d80f0e3d954a245be3d,1,JSON parsed; structural inspection
runs/FINAL_PRE_X13_DEADLINE_v1/synthetic_rows/661325ce25814f6ef39dadd1c74556a60a5571dc2425d4433926c9e7b8827cf5.sha256,136,eee69f596641c653626349a56e93f30ac85b2a5cc2685a806db867a08e73d6ab,,byte inventory
runs/FINAL_PRE_X13_DEADLINE_v1/synthetic_rows/66166c55dca94d61857492cad980d47ac7fbcedf23b5758e0cec3bec7c30bd72.json,2234,7f00a5324ec944243ede6d46499a9062fafd0e482bbbed47cf10d8c5a9aa7bea,1,JSON parsed; structural inspection
runs/FINAL_PRE_X13_DEADLINE_v1/synthetic_rows/66166c55dca94d61857492cad980d47ac7fbcedf23b5758e0cec3bec7c30bd72.sha256,136,d2138804aebf5dc7cb44f662bca3bf3aafa6409bf87d63679b45590cf45ef5a6,,byte inventory
runs/FINAL_PRE_X13_DEADLINE_v1/synthetic_rows/66522c3fc75689b58d0f3f5c059d858b5a10764544eb60b9f8e5f9bb43bfda5f.json,2255,7e7e3e6a4a54d523ce04d97c8063015d07b6273df097f10dd209e74f8748e1fc,1,JSON parsed; structural inspection
runs/FINAL_PRE_X13_DEADLINE_v1/synthetic_rows/66522c3fc75689b58d0f3f5c059d858b5a10764544eb60b9f8e5f9bb43bfda5f.sha256,136,dd33d211d4ff8779801fa2ab3106ec63248720f6f632e023ec8000b76947a5aa,,byte inventory
runs/FINAL_PRE_X13_DEADLINE_v1/synthetic_rows/666798a269cb84aec709552cb2988e8e236685a12fa72bb9b9187fa5eb72a830.json,2252,b7a19a3a157c8d43cd165c6e86af3dc7db12dd5bf2f5870291f28aee66c06cb6,1,JSON parsed; structural inspection
runs/FINAL_PRE_X13_DEADLINE_v1/synthetic_rows/666798a269cb84aec709552cb2988e8e236685a12fa72bb9b9187fa5eb72a830.sha256,136,e09bd64db2ad7097a1c0d05e1a12bb9ab2402d5cb198e16f9c781e689d9507fa,,byte inventory
runs/FINAL_PRE_X13_DEADLINE_v1/synthetic_rows/66ab342449daa1de5449bee59c06621bc7d73a1ec19e99670168e966424a5e6b.json,2243,bb43aa5865046ba57c4cdb4728db3152f697d9bdbeab3044193cd2ce0d538169,1,JSON parsed; structural inspection
runs/FINAL_PRE_X13_DEADLINE_v1/synthetic_rows/66ab342449daa1de5449bee59c06621bc7d73a1ec19e99670168e966424a5e6b.sha256,136,f7f26ee969ac093d1111092f12ff09c77dc3774ca38c16f8c53fde8116d759b5,,byte inventory
runs/FINAL_PRE_X13_DEADLINE_v1/synthetic_rows/66b4345d871aad3539f9e367861f501f9c8c7fa53dee859778201fac9d00910a.json,2243,491ad5c478664325edff62236e62330495dc62358c27379efbf9b5a8a869e451,1,JSON parsed; structural inspection
runs/FINAL_PRE_X13_DEADLINE_v1/synthetic_rows/66b4345d871aad3539f9e367861f501f9c8c7fa53dee859778201fac9d00910a.sha256,136,5690a85a4e1a4e911885e24251da70f4d8f1b87b5e918a81f548ff27443cdcaf,,byte inventory
runs/FINAL_PRE_X13_DEADLINE_v1/synthetic_rows/671fe837a2524eefc45803dcb4b82a914825cc6fbbfe6cf15bbf3a74c9218a2f.json,2244,7296a7eda1c2a83a2ae0b453a03d8df48cba1ef013dabb7c29f3e6c3b5b2ca32,1,JSON parsed; structural inspection
runs/FINAL_PRE_X13_DEADLINE_v1/synthetic_rows/671fe837a2524eefc45803dcb4b82a914825cc6fbbfe6cf15bbf3a74c9218a2f.sha256,136,afa28c8e7c690f5c371052d43937c0206dc73f501163e2c63f6bee992159515f,,byte inventory
runs/FINAL_PRE_X13_DEADLINE_v1/synthetic_rows/673c92cfd0165aa552e5c34bc1f2c4be3503e734b2a183a325c35c9571c8318c.json,2247,1ccc267946438566138c731d7fb542e946479efb184c534f40c250bc5d2dd36d,1,JSON parsed; structural inspection
runs/FINAL_PRE_X13_DEADLINE_v1/synthetic_rows/673c92cfd0165aa552e5c34bc1f2c4be3503e734b2a183a325c35c9571c8318c.sha256,136,b6145e22897859b86f5157308085dbfb41c2418959c5e1278dc053ddec2b50d8,,byte inventory
runs/FINAL_PRE_X13_DEADLINE_v1/synthetic_rows/68c90c4feefbbb58e2ea860a6db045759ecf739796f5e481aebdc31c01bdf8fb.json,2234,f6d83a29c2052ff8f5fda80922c7b356eee7700da85b96e1950cd59c07bd1b1d,1,JSON parsed; structural inspection
runs/FINAL_PRE_X13_DEADLINE_v1/synthetic_rows/68c90c4feefbbb58e2ea860a6db045759ecf739796f5e481aebdc31c01bdf8fb.sha256,136,2c10cf0bf52246ecafeccb58460ec3aaacd5a807217331febb2b892188a94932,,byte inventory
runs/FINAL_PRE_X13_DEADLINE_v1/synthetic_rows/691291bd134672ea616116173cf0e1d42eaee361389947449f5dec319f01b644.json,2251,8c1eaa37cb9c4249d760fbb777284819acd9984d7e12e6a3a83734358ad14e41,1,JSON parsed; structural inspection
runs/FINAL_PRE_X13_DEADLINE_v1/synthetic_rows/691291bd134672ea616116173cf0e1d42eaee361389947449f5dec319f01b644.sha256,136,970d7384cb6943f91a6f14369ec97ad1a467d745350ea1b0b8f0372bab18f342,,byte inventory
runs/FINAL_PRE_X13_DEADLINE_v1/synthetic_rows/6a37cc781747ccbe7d1b71f5e057236e1a6a9b9a82c38da5f32b635a1c31d602.json,2240,a2f191813251507a92ae7037176f9b9657b378c12d73e10ed0f74ce7102bbb1c,1,JSON parsed; structural inspection
runs/FINAL_PRE_X13_DEADLINE_v1/synthetic_rows/6a37cc781747ccbe7d1b71f5e057236e1a6a9b9a82c38da5f32b635a1c31d602.sha256,136,08f486b23c418a5cb75dd0d1fcc8b74da7b721677dd7c76eec96df988762d771,,byte inventory
runs/FINAL_PRE_X13_DEADLINE_v1/synthetic_rows/6a8bd6969848fd280a718d31d245ac4d1d13ba34f521d884e97f2197a0f95cd6.json,2235,c50a48a999f22396ffd7c920ba84b64b928771c099c44a1964b4a526d55a1186,1,JSON parsed; structural inspection
runs/FINAL_PRE_X13_DEADLINE_v1/synthetic_rows/6a8bd6969848fd280a718d31d245ac4d1d13ba34f521d884e97f2197a0f95cd6.sha256,136,7257a40c8d9013391753ea169194e8f37c669f5f74e566d5f42e8640624c8893,,byte inventory
runs/FINAL_PRE_X13_DEADLINE_v1/synthetic_rows/6adc03b819978aba068a5350808f0aada122824891847d50e340568f95fc6c6d.json,2238,ac52af5cba24d8fe09978df73654773dd7004aac4a4ac309632bbf4c1cde7bfe,1,JSON parsed; structural inspection
runs/FINAL_PRE_X13_DEADLINE_v1/synthetic_rows/6adc03b819978aba068a5350808f0aada122824891847d50e340568f95fc6c6d.sha256,136,10625073e33322e0229c23ca2ae0254b4b1df8cf49f0a4078dbf4158ba2c2bb5,,byte inventory
runs/FINAL_PRE_X13_DEADLINE_v1/synthetic_rows/6afc64854186de3d6e62568b412743858734960dae7cd5cbf714335f3dfa9c9f.json,2246,06950a4ca52066899e56339584be146cbeb3a8a387158e562adc87ed22c0b7e8,1,JSON parsed; structural inspection
runs/FINAL_PRE_X13_DEADLINE_v1/synthetic_rows/6afc64854186de3d6e62568b412743858734960dae7cd5cbf714335f3dfa9c9f.sha256,136,aef39e8accf9b260197e329ea50cacb3d871dcd39e0326fa161fb079b01a26c8,,byte inventory
runs/FINAL_PRE_X13_DEADLINE_v1/synthetic_rows/6b3baf4df46f8cc459ce80dc1b9ce7024353bca756a49acd06e01a3cc8a02311.json,2235,8130bad833b13d3b98611ac7d34ecaffb8b281477341f9de283aea54ebe10e6d,1,JSON parsed; structural inspection
runs/FINAL_PRE_X13_DEADLINE_v1/synthetic_rows/6b3baf4df46f8cc459ce80dc1b9ce7024353bca756a49acd06e01a3cc8a02311.sha256,136,53f8e04135e7365fbfa90bd4dab6811ff084241e312684793006b8e1250325e6,,byte inventory
runs/FINAL_PRE_X13_DEADLINE_v1/synthetic_rows/6b84892cd997a5c61cd02e75ba918e869e13a2c88b9e5d08370e3d63b5394281.json,2246,680dd877cedf817b3cab3d754f269ec03bb04f00ea9e9165ea6dd2274de12ae5,1,JSON parsed; structural inspection
runs/FINAL_PRE_X13_DEADLINE_v1/synthetic_rows/6b84892cd997a5c61cd02e75ba918e869e13a2c88b9e5d08370e3d63b5394281.sha256,136,7aa8a4864cae574c8b2aa156b7d764128139fca538d5198b0de5f00552c80a01,,byte inventory
runs/FINAL_PRE_X13_DEADLINE_v1/synthetic_rows/6bb6cb5231862f14b1d96b04945a226e4d0889d910c2214b4c078c62333e9045.json,2242,6a15e52d0ea5ae5fac20ddf7ce096cfbfd08b0f0a5ba55b6acfa4d325f655c97,1,JSON parsed; structural inspection
runs/FINAL_PRE_X13_DEADLINE_v1/synthetic_rows/6bb6cb5231862f14b1d96b04945a226e4d0889d910c2214b4c078c62333e9045.sha256,136,98db6b5c7bca2817379a9133ee950907b9e9bfa2cdf7abcc281ad1507053a106,,byte inventory
runs/FINAL_PRE_X13_DEADLINE_v1/synthetic_rows/6bc0c97b4f96f83369beee829a788365f3bee40b298132dacfd84caefffb0ca5.json,2235,7633455c67022a827431d2c2ba28e5f2d0115d032cd06918c89edcea0e7bbf3f,1,JSON parsed; structural inspection
runs/FINAL_PRE_X13_DEADLINE_v1/synthetic_rows/6bc0c97b4f96f83369beee829a788365f3bee40b298132dacfd84caefffb0ca5.sha256,136,0303b18dd358e8b3cef9d518aef3872a38e8d6ba081eb539844cfdea396cd1ad,,byte inventory
runs/FINAL_PRE_X13_DEADLINE_v1/synthetic_rows/6c33c447de67db6437fb6dcf9c5e31dc427e7d7bc3c4d16a990e2831ac2947eb.json,2237,d55d948bed2605c1d0594fd4cc5b454da1dd70956a234f490b0da64182f68da5,1,JSON parsed; structural inspection
runs/FINAL_PRE_X13_DEADLINE_v1/synthetic_rows/6c33c447de67db6437fb6dcf9c5e31dc427e7d7bc3c4d16a990e2831ac2947eb.sha256,136,9a218c791ddad2e070364d351fdc685bac6eb00bfa908be7f9143a085406e000,,byte inventory
runs/FINAL_PRE_X13_DEADLINE_v1/synthetic_rows/6c6e9a29bb1af071827afe94f18dcd18355c63c2907e25211b51d267cdfad504.json,2231,3427306143025880e8f0d71da1c944614018b639141bfa89e955c8a32b83c4e6,1,JSON parsed; structural inspection
runs/FINAL_PRE_X13_DEADLINE_v1/synthetic_rows/6c6e9a29bb1af071827afe94f18dcd18355c63c2907e25211b51d267cdfad504.sha256,136,3c99175298fc14e0615feecc89818c48a122dba0bf64703edab084bac53026a6,,byte inventory
runs/FINAL_PRE_X13_DEADLINE_v1/synthetic_rows/6cbd4839d4331b9e8acdbf02606cdf35f7cbd0f780d7797876d836e72316f742.json,2245,926008f78e5e02a3711fde986ff47442f7d0a775dcff2a881f738fcd8dcc1762,1,JSON parsed; structural inspection
runs/FINAL_PRE_X13_DEADLINE_v1/synthetic_rows/6cbd4839d4331b9e8acdbf02606cdf35f7cbd0f780d7797876d836e72316f742.sha256,136,b24eda2592f9b0d42523d10f2671e4cd46ec78c6f68ad248e4831baacf76c2a1,,byte inventory
runs/FINAL_PRE_X13_DEADLINE_v1/synthetic_rows/6cc06c32e29a9011ff38438240ab04abe861e80fcc50f0255dddbcd845a2723e.json,2256,27fec0aab17a10203c24c530a152bbdbb5a2aeb22b2ef1bfa41b2c805e85d251,1,JSON parsed; structural inspection
runs/FINAL_PRE_X13_DEADLINE_v1/synthetic_rows/6cc06c32e29a9011ff38438240ab04abe861e80fcc50f0255dddbcd845a2723e.sha256,136,701d2d1aa390cba9bf36117f1e0032ac3e6615541efda0e59016c5dd92608e4b,,byte inventory
runs/FINAL_PRE_X13_DEADLINE_v1/synthetic_rows/6d14f01b622d427dc62fcd34239c5351fcc26691655da8820113c9065f9127c7.json,2243,eff1caddba50c2d06e5498a64177e3bb80e55c35b2ac279e7e76a772caaff7ea,1,JSON parsed; structural inspection
runs/FINAL_PRE_X13_DEADLINE_v1/synthetic_rows/6d14f01b622d427dc62fcd34239c5351fcc26691655da8820113c9065f9127c7.sha256,136,cc0a0cecbe79f1d1c28c1bd29a8f831734940454ddd7b5f6eea2fadf072112d8,,byte inventory
runs/FINAL_PRE_X13_DEADLINE_v1/synthetic_rows/6d343eaf21fd209533688d2e3bbfd5b666da4dc88604d227795a774924067046.json,2243,8be1cae178e6a58de9c31fbf13c1d45383741950e8e56488e5685d232352a1c3,1,JSON parsed; structural inspection
runs/FINAL_PRE_X13_DEADLINE_v1/synthetic_rows/6d343eaf21fd209533688d2e3bbfd5b666da4dc88604d227795a774924067046.sha256,136,f1a8226bb192341f0c54b4ed09160d276c48987a32e28ab2982bf3e09733857e,,byte inventory
runs/FINAL_PRE_X13_DEADLINE_v1/synthetic_rows/6e890c06188af84db395c2c01691e804d69df1acbb9d6b740281e4eaa0e8597b.json,2244,b9cdcead47cd12730b89b153046fc6f67af4dcfbc2ac345fec7d6e4085488e44,1,JSON parsed; structural inspection
runs/FINAL_PRE_X13_DEADLINE_v1/synthetic_rows/6e890c06188af84db395c2c01691e804d69df1acbb9d6b740281e4eaa0e8597b.sha256,136,362f8f91bfd0acc2fb251e7b00b9d156db422d08b377fab08fe8d5e9a9030c31,,byte inventory
runs/FINAL_PRE_X13_DEADLINE_v1/synthetic_rows/6e906dc21350df9fce76b38914335d33c7e24579853ed4f748321a86319f828b.json,2234,61caaa60804a68905d94ae8eac9618c9cdf488ac06c63098c1700a7ce816a865,1,JSON parsed; structural inspection
runs/FINAL_PRE_X13_DEADLINE_v1/synthetic_rows/6e906dc21350df9fce76b38914335d33c7e24579853ed4f748321a86319f828b.sha256,136,1dc9d57d5ba7cb5008199ae681ab3e4554a1e6cc03b0ed18555964f3de889207,,byte inventory
runs/FINAL_PRE_X13_DEADLINE_v1/synthetic_rows/6f3b2f291c1cfa4d4f0e8488c83e61c48337dbf113dfe62733d7db9eb5cdf08c.json,2249,d155364a6f86900255fc2a2c1ceb3f4fb88a7068f49a0232ae67b89dac9ec83d,1,JSON parsed; structural inspection
runs/FINAL_PRE_X13_DEADLINE_v1/synthetic_rows/6f3b2f291c1cfa4d4f0e8488c83e61c48337dbf113dfe62733d7db9eb5cdf08c.sha256,136,031d9e9b41b97ed8f43ba77c1e43872931150b11f7acbbdf69ca01d5a628fcc8,,byte inventory
runs/FINAL_PRE_X13_DEADLINE_v1/synthetic_rows/700f61b5b122a96c1a45635bf1ef85e5076082bedacbd41e19a935faa9f73b90.json,2251,7bc6e3bee2ff4e8db841d507426b523ed0b4ff8afb614b2eea1f2190562f1d62,1,JSON parsed; structural inspection
runs/FINAL_PRE_X13_DEADLINE_v1/synthetic_rows/700f61b5b122a96c1a45635bf1ef85e5076082bedacbd41e19a935faa9f73b90.sha256,136,fef2b299096ae30618523b868276d53f821f9609356f15c28bb6323c36b437e6,,byte inventory
runs/FINAL_PRE_X13_DEADLINE_v1/synthetic_rows/701273a549ac489143414ee06c97ea6fc4c9752eacc7da0a9bb2d6274ce50e52.json,2251,25d43bb32e4b791dbe3506f091ff7708058e7f2f49362c6289268edefc0d0724,1,JSON parsed; structural inspection
runs/FINAL_PRE_X13_DEADLINE_v1/synthetic_rows/701273a549ac489143414ee06c97ea6fc4c9752eacc7da0a9bb2d6274ce50e52.sha256,136,2654049e680a5555acddc5593a6fa97ad4a3c55a8c35ba4392fce04c4bc43bc4,,byte inventory
runs/FINAL_PRE_X13_DEADLINE_v1/synthetic_rows/70a101060f1e79ec6ea8d9345dc651b20c310f0a162924db54b4cc7eebf2f4a3.json,2247,21985fdd0575681e05d2761151b20fdad14c41dcd326c6bbae8a8c44f446f185,1,JSON parsed; structural inspection
runs/FINAL_PRE_X13_DEADLINE_v1/synthetic_rows/70a101060f1e79ec6ea8d9345dc651b20c310f0a162924db54b4cc7eebf2f4a3.sha256,136,351700c6019a1df50f6740f440878e99ae3664be924fca302ec81f18a9f3362a,,byte inventory
runs/FINAL_PRE_X13_DEADLINE_v1/synthetic_rows/7108109dd8f2fba7ab8ac853364d31272814b8400caa2143d5657f912d241c2f.json,2235,7edb8760e5aa733288986558e3eb8f431aa5f3bfb0b7b34f4e2bf7b476d9985e,1,JSON parsed; structural inspection
runs/FINAL_PRE_X13_DEADLINE_v1/synthetic_rows/7108109dd8f2fba7ab8ac853364d31272814b8400caa2143d5657f912d241c2f.sha256,136,929e54631f0db749a6562b7e876ea35858ff0c682a51b4db841c680e36452f02,,byte inventory
runs/FINAL_PRE_X13_DEADLINE_v1/synthetic_rows/71620ced88a24ff4c039d11f4ee9306b1e4491ced13d56cf9c305854d1352d83.json,2240,48479e83cc1b601526eed67ec2bfd523306bdcc5ba061f0698927e056295bbf9,1,JSON parsed; structural inspection
runs/FINAL_PRE_X13_DEADLINE_v1/synthetic_rows/71620ced88a24ff4c039d11f4ee9306b1e4491ced13d56cf9c305854d1352d83.sha256,136,0f2e331328b93590b149af1ce1df3b0be08eae7322bc24ca7f779344710dbc71,,byte inventory
runs/FINAL_PRE_X13_DEADLINE_v1/synthetic_rows/71932831e08901eea0e567bb4bf944b060c7b9a6d934f8cec65b12aaf017a7ac.json,2245,11f00363f0741986c48434b9d6a4020bb4f3885dcb252e7b1931f6337feef434,1,JSON parsed; structural inspection
runs/FINAL_PRE_X13_DEADLINE_v1/synthetic_rows/71932831e08901eea0e567bb4bf944b060c7b9a6d934f8cec65b12aaf017a7ac.sha256,136,d0bc3ae2192c1be3f644dcfd1c9ebc12260fc30e5f0cec3726a910f5d19c23cd,,byte inventory
runs/FINAL_PRE_X13_DEADLINE_v1/synthetic_rows/719d6be17974cc5b634f2d6508413b88417cbddfa55f8bbd006565c9b8d45122.json,2243,6c329fb28420b374eb43c3c5a26514127a0f2d049245a8974638d2865b995190,1,JSON parsed; structural inspection
runs/FINAL_PRE_X13_DEADLINE_v1/synthetic_rows/719d6be17974cc5b634f2d6508413b88417cbddfa55f8bbd006565c9b8d45122.sha256,136,99583b0b6ccc67081233b7a2af2ca003d01edd162adc4b1d1d59c6265c6b99bf,,byte inventory
runs/FINAL_PRE_X13_DEADLINE_v1/synthetic_rows/71ce4719504c5f71b7ded8bc32337f9130a0c20352c3dfc3b49b6bf0f670d98d.json,2246,86c8b2e15fcdc672651382c9291a4c03bce43b723ddc3f4aeef261d60fb1853a,1,JSON parsed; structural inspection
runs/FINAL_PRE_X13_DEADLINE_v1/synthetic_rows/71ce4719504c5f71b7ded8bc32337f9130a0c20352c3dfc3b49b6bf0f670d98d.sha256,136,a52b0ee81ebaa8f6c16c437c5ae70fe8bac9254317159e28814b3e9493c099cd,,byte inventory
runs/FINAL_PRE_X13_DEADLINE_v1/synthetic_rows/71e98c222e72c301f35a22c91b7932da30d7110cabbf0b5967a522cff24f6ba8.json,2244,27ab91ec5c17c7f022bedbd286bff1b739b443da83b14dcea206982b21cb3fad,1,JSON parsed; structural inspection
runs/FINAL_PRE_X13_DEADLINE_v1/synthetic_rows/71e98c222e72c301f35a22c91b7932da30d7110cabbf0b5967a522cff24f6ba8.sha256,136,26bc787195e3345d923599dab47b0944a4232df0c668d06940cead1afb8fa939,,byte inventory
runs/FINAL_PRE_X13_DEADLINE_v1/synthetic_rows/720bae9247934c65888dcbe4629cb22c4eb0fa9458fac2b113c30294f0ab8256.json,2244,e4c95ff449c735b282bebbb4f4549bebae898b29117c4ca594d9a4addf40092d,1,JSON parsed; structural inspection
runs/FINAL_PRE_X13_DEADLINE_v1/synthetic_rows/720bae9247934c65888dcbe4629cb22c4eb0fa9458fac2b113c30294f0ab8256.sha256,136,1a1657ab02aec7bdf95766ed9f409f68053eb80f12261d568538a4b5c8995860,,byte inventory
runs/FINAL_PRE_X13_DEADLINE_v1/synthetic_rows/7247e7ea424b5a897b0a28607e6e3e0ab7440632911d24477deddcafab4199a3.json,2238,a9f1cac12d4088494b78334118f3ae19c204798612a1b632e5d58924d14acc07,1,JSON parsed; structural inspection
runs/FINAL_PRE_X13_DEADLINE_v1/synthetic_rows/7247e7ea424b5a897b0a28607e6e3e0ab7440632911d24477deddcafab4199a3.sha256,136,53eda40a60bb1579f0e1700dea334dbf4eb069ec5abfbb7d154334a3de14a4a4,,byte inventory
runs/FINAL_PRE_X13_DEADLINE_v1/synthetic_rows/724c8c2c899e31bc5dbfc935aa0079df1df058cfa021349b1e64740667f8839e.json,2251,a4d2cf4d25c45b3eb5a6921d60e3937c2ab15b95d4971c1ce1a10eb576283efb,1,JSON parsed; structural inspection
runs/FINAL_PRE_X13_DEADLINE_v1/synthetic_rows/724c8c2c899e31bc5dbfc935aa0079df1df058cfa021349b1e64740667f8839e.sha256,136,cfc24ce9c97e482253cdd626fc6af7da0abdce4bfcd24447e98c903dbce99fdb,,byte inventory
runs/FINAL_PRE_X13_DEADLINE_v1/synthetic_rows/724db4bbebaae16038b6367feb9ad7af37a32d748eb20a2a8ad1361255eb2657.json,2235,b12455362d2573b9cce4b28baf8f096b27b966c89aeb87ed83decdf50986ba2b,1,JSON parsed; structural inspection
runs/FINAL_PRE_X13_DEADLINE_v1/synthetic_rows/724db4bbebaae16038b6367feb9ad7af37a32d748eb20a2a8ad1361255eb2657.sha256,136,40aafb78e2e44b020f54031c27f39a5fe837eacc1f99c4169bc88413067ee8a5,,byte inventory
runs/FINAL_PRE_X13_DEADLINE_v1/synthetic_rows/72a10c33ab69e94b822057bbce1607e8c3bc961aa710d2526f14a0dd6fc13a99.json,2234,528f7a7399bb349fc6ff38f9bd4ee04a542115fd207e634a8a6f8ace3dfdbaac,1,JSON parsed; structural inspection
runs/FINAL_PRE_X13_DEADLINE_v1/synthetic_rows/72a10c33ab69e94b822057bbce1607e8c3bc961aa710d2526f14a0dd6fc13a99.sha256,136,ad0378b4b3497f4b23085db3fb715f903a3468b0bba9043631aab64667a4f1ab,,byte inventory
runs/FINAL_PRE_X13_DEADLINE_v1/synthetic_rows/737fe88998051b1533d03c836f75f0cf519b7861ace1b96f0f2c5f13bf19b7be.json,2236,bcf8a5f330c1d7153ca7965e82e3c4cc7cad8af41ca3d6e79247dffc48b6db51,1,JSON parsed; structural inspection
runs/FINAL_PRE_X13_DEADLINE_v1/synthetic_rows/737fe88998051b1533d03c836f75f0cf519b7861ace1b96f0f2c5f13bf19b7be.sha256,136,06b8592b54ef432be5178d46dc052fcd5c55838cd8b392641d80c74b56c688bc,,byte inventory
runs/FINAL_PRE_X13_DEADLINE_v1/synthetic_rows/73815aebe71b42554ec402de43e85ae6205bd78cf065949bed97c2c4f62e99d0.json,2247,0bfd13b5e799898d945b80b776855c5f92a6740e1bc567b7ef84947b9038c80d,1,JSON parsed; structural inspection
runs/FINAL_PRE_X13_DEADLINE_v1/synthetic_rows/73815aebe71b42554ec402de43e85ae6205bd78cf065949bed97c2c4f62e99d0.sha256,136,7a34f19f3355a8dd1e992d2ff110a3236489524e99af89c25bb8986587a80b44,,byte inventory
runs/FINAL_PRE_X13_DEADLINE_v1/synthetic_rows/73ffe05b54c93d4fc1e575bd4c63a67c6ef7c730d1ddbe84699a234ba2bddd59.json,2244,f4899a02371862d0812127d722fd50bbc9c258799e2a08b6250454637ab74faf,1,JSON parsed; structural inspection
runs/FINAL_PRE_X13_DEADLINE_v1/synthetic_rows/73ffe05b54c93d4fc1e575bd4c63a67c6ef7c730d1ddbe84699a234ba2bddd59.sha256,136,cd7ef6c41e4b76b92bea5989f2b1c2361c3d465ff69c936a9381c16d8f6ce072,,byte inventory
runs/FINAL_PRE_X13_DEADLINE_v1/synthetic_rows/746a90cfefa5040ae180bb247ebfc67d421bdcc23a5d3fbe2a7856a1c534f8d7.json,2242,c96ffc05434222e8d733679ac6b6c13ec2d995cfde9b7262dd503e8a9377e5c5,1,JSON parsed; structural inspection
runs/FINAL_PRE_X13_DEADLINE_v1/synthetic_rows/746a90cfefa5040ae180bb247ebfc67d421bdcc23a5d3fbe2a7856a1c534f8d7.sha256,136,4c304bcdea01ba707a92f07aea1b13477a9dfdf8fb193a2175182d497721fe9c,,byte inventory
runs/FINAL_PRE_X13_DEADLINE_v1/synthetic_rows/746ee8d8f654c5335e23b58c45fbe3d215b1c10e74158054e88cf5c4d1021eef.json,2245,f109a7480f47d99d2440afcca51ce17c56e601aace033cfd5ece4e1faf98508f,1,JSON parsed; structural inspection
runs/FINAL_PRE_X13_DEADLINE_v1/synthetic_rows/746ee8d8f654c5335e23b58c45fbe3d215b1c10e74158054e88cf5c4d1021eef.sha256,136,763864e300c1a5c8f9d5db20d7789bda71d4bbf925da219eca4af7ee29907fa2,,byte inventory
runs/FINAL_PRE_X13_DEADLINE_v1/synthetic_rows/74f9ba0e88a8895566347e5edb4d6feed554dfb3f20a56a0aa217b7afbacb89c.json,2243,0f16be642ceda78b179d24835ad4ac9d19f5c533539992c510cdea44af483c4f,1,JSON parsed; structural inspection
runs/FINAL_PRE_X13_DEADLINE_v1/synthetic_rows/74f9ba0e88a8895566347e5edb4d6feed554dfb3f20a56a0aa217b7afbacb89c.sha256,136,1a08224025979dc3615d668bc51510fcca90ca0445d08c9f122610c04494d6ed,,byte inventory
runs/FINAL_PRE_X13_DEADLINE_v1/synthetic_rows/75c0bf2dd45473169911165b52f473a7769614a8a8f1383b80a59016f0cdf02d.json,2255,31f1ff7b195b709bc7bf3527cb8fce0c8f9dc362c7af52b9f832d86335cdf377,1,JSON parsed; structural inspection
runs/FINAL_PRE_X13_DEADLINE_v1/synthetic_rows/75c0bf2dd45473169911165b52f473a7769614a8a8f1383b80a59016f0cdf02d.sha256,136,49b4483f56859e93002cfcd68d02453c4836cba4c71a3fbe8be7cb691c23ef0b,,byte inventory
runs/FINAL_PRE_X13_DEADLINE_v1/synthetic_rows/76ec4958447de75a79cd81ce790724e6c5ad5e3db19e8958871aaf3a78755013.json,2236,3562c532423bcfe6c06d5062f107b390ed900f7099efc89e9d8fe9d279762eb6,1,JSON parsed; structural inspection
runs/FINAL_PRE_X13_DEADLINE_v1/synthetic_rows/76ec4958447de75a79cd81ce790724e6c5ad5e3db19e8958871aaf3a78755013.sha256,136,a52afc718343cfd46b1619a0bf018ba7db1964a6cdb36708a6cb80a863c94373,,byte inventory
runs/FINAL_PRE_X13_DEADLINE_v1/synthetic_rows/76f7bc74ecda4f6f5c645d5a7afb0d45eb0e8871f5462d4aefbbf5d4b9a4a60b.json,2234,5bd66c54ec12bcd97fca5d6e6c582d06bcc6263fc0a220856628da9ed9b76a1a,1,JSON parsed; structural inspection
runs/FINAL_PRE_X13_DEADLINE_v1/synthetic_rows/76f7bc74ecda4f6f5c645d5a7afb0d45eb0e8871f5462d4aefbbf5d4b9a4a60b.sha256,136,e5a4d45b1481c26883d7b3eeb118acc1411bada5c1298c55cd81fe77c361f6cb,,byte inventory
runs/FINAL_PRE_X13_DEADLINE_v1/synthetic_rows/770763f0169d67130329ecaa063d88c288f5ba29de05fa0a10801445d69df5dd.json,2243,3d94e009186ac40bf29ee46f2c702a51b45fe6d70b6d799a80df5c563ed76577,1,JSON parsed; structural inspection
runs/FINAL_PRE_X13_DEADLINE_v1/synthetic_rows/770763f0169d67130329ecaa063d88c288f5ba29de05fa0a10801445d69df5dd.sha256,136,1f6cf0dc818ef9090a96de069cdb62e3f7555aa74e226b877c44a0956d6a33a4,,byte inventory
runs/FINAL_PRE_X13_DEADLINE_v1/synthetic_rows/774799766ef88ee31e7202a244e2ef8ebab101e09f7a4dc03c26e47f958d31c3.json,2250,43f7910ec4601953db97eee2ea7c7496cdb51606fa1888e1aefb17d8dcc532e2,1,JSON parsed; structural inspection
runs/FINAL_PRE_X13_DEADLINE_v1/synthetic_rows/774799766ef88ee31e7202a244e2ef8ebab101e09f7a4dc03c26e47f958d31c3.sha256,136,064bb12e6558779528a4eb5f4229a15d64c0595685884c8e025c2c045ccf0819,,byte inventory
runs/FINAL_PRE_X13_DEADLINE_v1/synthetic_rows/7770019aba9e63adc9862d7a22416c51bd4dca33a9c5bf7a59af9b28b3cca875.json,2232,d24b196de19e75759a0e502ccc146856fb0dbe8d013e6b5e43991ff22f114a64,1,JSON parsed; structural inspection
runs/FINAL_PRE_X13_DEADLINE_v1/synthetic_rows/7770019aba9e63adc9862d7a22416c51bd4dca33a9c5bf7a59af9b28b3cca875.sha256,136,cdee83a7811863a393e24564524844c2b341073c45a2804e3e303c2f713f060c,,byte inventory
runs/FINAL_PRE_X13_DEADLINE_v1/synthetic_rows/779f64e22c669276281e01b8da7a4189bf9d984f900bd752071a4fab72f051b5.json,2251,fc90a80df28d44fef51ed988b5aba49a0ebfddc6ec7c79d02f7421b174b3544e,1,JSON parsed; structural inspection
runs/FINAL_PRE_X13_DEADLINE_v1/synthetic_rows/779f64e22c669276281e01b8da7a4189bf9d984f900bd752071a4fab72f051b5.sha256,136,afad7b37eba7460b9179b15c0f4666a775ff8df3928852a110d97651075ee26f,,byte inventory
runs/FINAL_PRE_X13_DEADLINE_v1/synthetic_rows/77e7c9f8d85b801025e006af461b5a9be1b1077162d45b45b6747b122b50ce05.json,2243,dbb70e9b7ca596b70084d207fb3a06174c49e92602db0bebb70dc245d6d985a4,1,JSON parsed; structural inspection
runs/FINAL_PRE_X13_DEADLINE_v1/synthetic_rows/77e7c9f8d85b801025e006af461b5a9be1b1077162d45b45b6747b122b50ce05.sha256,136,57098bb3f80266efc22205cc3d04d26865bd249389da7cab4835cbad4c6123b0,,byte inventory
runs/FINAL_PRE_X13_DEADLINE_v1/synthetic_rows/784bb3ea1ae6b7935d2a5987ae0710a5ea8a011b6ca98c674f9850f89c6837f3.json,2250,35a36550038eb809f5aed52a494967fff9e8d5b496b79768442de0471d0f2b5b,1,JSON parsed; structural inspection
runs/FINAL_PRE_X13_DEADLINE_v1/synthetic_rows/784bb3ea1ae6b7935d2a5987ae0710a5ea8a011b6ca98c674f9850f89c6837f3.sha256,136,845f43c2422db07f8e4ae53dcb679bdb73b5e7891260f062388a331dda0dbce3,,byte inventory
runs/FINAL_PRE_X13_DEADLINE_v1/synthetic_rows/788538bc80be17a9c6bb52028bff39827de7db6957245281afff49991fb73dad.json,2245,0aefb27d218383f62c90ca763c11bb777d7e4118d31a8ed6e5bee3ade1b2da4a,1,JSON parsed; structural inspection
runs/FINAL_PRE_X13_DEADLINE_v1/synthetic_rows/788538bc80be17a9c6bb52028bff39827de7db6957245281afff49991fb73dad.sha256,136,770f9252828d45923506135fa9328a0ea7ddbf8f93c5e9f210cb2d87b5b76301,,byte inventory
runs/FINAL_PRE_X13_DEADLINE_v1/synthetic_rows/78899583a0dfe7864615c2733f35a931068b6c1aed6c67273fa301e4078e6f36.json,2244,77d6dbeff34c25014a77625900ea069676e3c65d76d09d6cbee1864c2c458b08,1,JSON parsed; structural inspection
runs/FINAL_PRE_X13_DEADLINE_v1/synthetic_rows/78899583a0dfe7864615c2733f35a931068b6c1aed6c67273fa301e4078e6f36.sha256,136,ae50f03cc77f190e615a0fa087d4f0c602fc7bd0f2a2c90a5dcd42e6bbe4ea1c,,byte inventory
runs/FINAL_PRE_X13_DEADLINE_v1/synthetic_rows/78b28c194ffd8d89e4ace4f84a6d476a24482f3b31472e2555662b9081dfb7b5.json,2243,7c0a033ff17d03b95b6e18c280d8f36f09959fa3c73efbd645034fa31345f499,1,JSON parsed; structural inspection
runs/FINAL_PRE_X13_DEADLINE_v1/synthetic_rows/78b28c194ffd8d89e4ace4f84a6d476a24482f3b31472e2555662b9081dfb7b5.sha256,136,8ead005dc70917cee707cbca2116c1e8557b0ef7e1bd069842be011c9238d14d,,byte inventory
runs/FINAL_PRE_X13_DEADLINE_v1/synthetic_rows/78f5943e908916143bc79824f300c32d6d1aedf763d050cf819a269bbb90327c.json,2237,6829e1717f457f04f7756ee636a9ddaa394603cdd90adc49d8969f29c3f42344,1,JSON parsed; structural inspection
runs/FINAL_PRE_X13_DEADLINE_v1/synthetic_rows/78f5943e908916143bc79824f300c32d6d1aedf763d050cf819a269bbb90327c.sha256,136,b27f00cd8fbf25346d50cc3e600259a950b03dab8526d8d927307a80f17f85c3,,byte inventory
runs/FINAL_PRE_X13_DEADLINE_v1/synthetic_rows/7901c994111c9378345fc60901cfec3506c6fe3afe085a1e7b1fb4be18468651.json,2251,6edff6a3954c7146b653513e80ef378f171e8f0130619b0aa51d4c52266bbede,1,JSON parsed; structural inspection
runs/FINAL_PRE_X13_DEADLINE_v1/synthetic_rows/7901c994111c9378345fc60901cfec3506c6fe3afe085a1e7b1fb4be18468651.sha256,136,73af5cf3928cc2bcfdbab693ab40615938dcff0fdee9dcd4395bbefc75d19d19,,byte inventory
runs/FINAL_PRE_X13_DEADLINE_v1/synthetic_rows/795b3034f6740850539b99a79c6b2289b6ded44b10a340df7d0a13ff7a341609.json,2235,973a39db579b5a1da4567145e9e2f15c3d83499c802b526715fb648ce0581221,1,JSON parsed; structural inspection
runs/FINAL_PRE_X13_DEADLINE_v1/synthetic_rows/795b3034f6740850539b99a79c6b2289b6ded44b10a340df7d0a13ff7a341609.sha256,136,ff6c4986674e6cc7de1f5b2c5b8720166a90c9ba797a3c0a301f53cbe62693b7,,byte inventory
runs/FINAL_PRE_X13_DEADLINE_v1/synthetic_rows/7969476665d8b917a7ffc78581fac9e9da851eb259d188420edd050a89a4a8df.json,2242,d7064fdd51fcbd05fd29aa007f9916cbd8306283d88e04461a7a01bb5aff8a7b,1,JSON parsed; structural inspection
runs/FINAL_PRE_X13_DEADLINE_v1/synthetic_rows/7969476665d8b917a7ffc78581fac9e9da851eb259d188420edd050a89a4a8df.sha256,136,75a190db31ef8f8f1a8c7642a00f43b2581562469acdee348a09f20762f5ff55,,byte inventory
runs/FINAL_PRE_X13_DEADLINE_v1/synthetic_rows/7969e762799e6c7cec1a04fa649ac72d8f07acf9fadaa111b3d11868acb372be.json,2251,3140e383e3c05db5fac6781dc4053718c2fe4ba5524ca312873ec65b75835e47,1,JSON parsed; structural inspection
runs/FINAL_PRE_X13_DEADLINE_v1/synthetic_rows/7969e762799e6c7cec1a04fa649ac72d8f07acf9fadaa111b3d11868acb372be.sha256,136,3dac830dd390116e70d33c1f29a75654038824fa0b4316292c65484a363b8d15,,byte inventory
runs/FINAL_PRE_X13_DEADLINE_v1/synthetic_rows/7973a2bbbe9d46458c0284c6d308d54b8ff8b973c584c88cafdacfce6f70da8b.json,2235,5f5a454c379e30b554ff2339eab139285fdb9a3a2ce56188d1df4dabf13f6ecb,1,JSON parsed; structural inspection
runs/FINAL_PRE_X13_DEADLINE_v1/synthetic_rows/7973a2bbbe9d46458c0284c6d308d54b8ff8b973c584c88cafdacfce6f70da8b.sha256,136,a24be8abb5b4aff50df92eae0173ebc7e6570426170ab9d3e18f00781496fc7e,,byte inventory
runs/FINAL_PRE_X13_DEADLINE_v1/synthetic_rows/798308dcd62b6007e679aa736ea2b11ffe23057e9fa28fa9737e1cff078b5aa6.json,2235,086e1edaee7ecd949ddfab18f681f1a212426f1d72e5dc08216cb367ab20d58b,1,JSON parsed; structural inspection
runs/FINAL_PRE_X13_DEADLINE_v1/synthetic_rows/798308dcd62b6007e679aa736ea2b11ffe23057e9fa28fa9737e1cff078b5aa6.sha256,136,5c5f4bab9f96639d570deab25e6f5f42f33a20aa2e79897264e380459f2dabc3,,byte inventory
runs/FINAL_PRE_X13_DEADLINE_v1/synthetic_rows/79b2a231cd63d751046118d7523da4124532d8f003328897bb7306c75e06ca99.json,2235,c96675b92bbbb50c6167f99281ff851db48c9670640a39eb77974b54f110945b,1,JSON parsed; structural inspection
runs/FINAL_PRE_X13_DEADLINE_v1/synthetic_rows/79b2a231cd63d751046118d7523da4124532d8f003328897bb7306c75e06ca99.sha256,136,5cb9770bdcf855a3cd55499a984314a946d0cde5afd026fdf5ffd84144805a01,,byte inventory
runs/FINAL_PRE_X13_DEADLINE_v1/synthetic_rows/7a0166da9d78207b6a5705125fe79b8d852f94223e853d4cb0c01675999e62ff.json,2235,95cb741dcc76330c5a53e3316710a583b27b8b6981cd9b8a170f15a77e28dc30,1,JSON parsed; structural inspection
runs/FINAL_PRE_X13_DEADLINE_v1/synthetic_rows/7a0166da9d78207b6a5705125fe79b8d852f94223e853d4cb0c01675999e62ff.sha256,136,eea1d33b8f4fc9c34b969025d64b0d77e4d05fcbd9e215d9d9d4f6ea6e796bb9,,byte inventory
runs/FINAL_PRE_X13_DEADLINE_v1/synthetic_rows/7a4f9fd99d96d2eba2a6d0eda0924a1d4a225f37c359500b63a1a42556d7105e.json,2238,0f7695e062ba7d5820dd975a0f85937899b94799a896799af4f246818c26e926,1,JSON parsed; structural inspection
runs/FINAL_PRE_X13_DEADLINE_v1/synthetic_rows/7a4f9fd99d96d2eba2a6d0eda0924a1d4a225f37c359500b63a1a42556d7105e.sha256,136,4e8af04478af53ad2ae8eb4308f86251392eeff15e8c782bcf0e5655d90f48d6,,byte inventory
runs/FINAL_PRE_X13_DEADLINE_v1/synthetic_rows/7a676b9255e5f6619a3685942512c8a8e9c9500b32461118a0c8d84bba560420.json,2236,32d03d4f79b2433b3d7f9d6491f092d2ec0c2c28526f48202fe4ac4c67356b07,1,JSON parsed; structural inspection
runs/FINAL_PRE_X13_DEADLINE_v1/synthetic_rows/7a676b9255e5f6619a3685942512c8a8e9c9500b32461118a0c8d84bba560420.sha256,136,2538fbf5ba47fd48dc6034ec44f6f1e86ab16a522210d64b1d4ecbe4e0714014,,byte inventory
runs/FINAL_PRE_X13_DEADLINE_v1/synthetic_rows/7ad1449ecda2ccbacdd341fd79995117b866efa267fd1c5c166009ae1b127184.json,2234,17e6085f8cbe4ab23e57a387b88a081b8d74f63f957354ab48b577c0f18a0f95,1,JSON parsed; structural inspection
runs/FINAL_PRE_X13_DEADLINE_v1/synthetic_rows/7ad1449ecda2ccbacdd341fd79995117b866efa267fd1c5c166009ae1b127184.sha256,136,6a4c34ebd9c37d8c6a9b8e3b55ff6bf8a60a570cf1359b96e5387fc65cd07c20,,byte inventory
runs/FINAL_PRE_X13_DEADLINE_v1/synthetic_rows/7ad38a9a01a9d9cc0d0428039ae21d02c43bcc143ab57e72941f85e0a6ff4e2d.json,2232,15dc7b3bfb31bcb95c1bab748d61ea86465582e4773f787c3eac74477dc46430,1,JSON parsed; structural inspection
runs/FINAL_PRE_X13_DEADLINE_v1/synthetic_rows/7ad38a9a01a9d9cc0d0428039ae21d02c43bcc143ab57e72941f85e0a6ff4e2d.sha256,136,b1ed0d0f3061df25e591c7b78eba617fbc77473e303ff7b9b7f868072f90cd11,,byte inventory
runs/FINAL_PRE_X13_DEADLINE_v1/synthetic_rows/7ba1e2a23e2cef89b8082caf9a6f4eeba86ecc2c510f3c6422960a1f348bc54c.json,2233,cac9519e6048ed2bd9d2b466e2689bb31a20cb32a2f16eed7f3746a2e4e7e890,1,JSON parsed; structural inspection
runs/FINAL_PRE_X13_DEADLINE_v1/synthetic_rows/7ba1e2a23e2cef89b8082caf9a6f4eeba86ecc2c510f3c6422960a1f348bc54c.sha256,136,cccbc7e7be2ebd6f390a91f125967c4f308cfd35d8b03715edde856c25a59f66,,byte inventory
runs/FINAL_PRE_X13_DEADLINE_v1/synthetic_rows/7c094b3d9c6079fb088207934d0778a0bd61839d117af3bf9b1c447d0f6a0b80.json,2243,d9e6d9cb3e293b3b5070dbefd9e6aad7a1c263adbb3908e4fb5cba9ab78c8bdb,1,JSON parsed; structural inspection
runs/FINAL_PRE_X13_DEADLINE_v1/synthetic_rows/7c094b3d9c6079fb088207934d0778a0bd61839d117af3bf9b1c447d0f6a0b80.sha256,136,7472d9627f4e5df85230dbc5253637826c44304a8ee2d5c671145f0c057e1eec,,byte inventory
runs/FINAL_PRE_X13_DEADLINE_v1/synthetic_rows/7c5ee908ac60f5103d55415066a0029865b36642593cc646b5e4799e20e8b518.json,2235,358517c6d18416540dc41ecfa6be4573149ed92897e889cc0541aea37599878f,1,JSON parsed; structural inspection
runs/FINAL_PRE_X13_DEADLINE_v1/synthetic_rows/7c5ee908ac60f5103d55415066a0029865b36642593cc646b5e4799e20e8b518.sha256,136,a328d3c81ed263738fde5b9f070dbef514f697469876e535fb33769e1b992a8a,,byte inventory
runs/FINAL_PRE_X13_DEADLINE_v1/synthetic_rows/7c7ddfa422d47f0bb26cf3d6eb2eeb55957fde78a850517757426339e6445ba1.json,2252,4544532b63ff6a4dfb006afaf6d83d03f0872c9094374f44a8e3a76249d66f47,1,JSON parsed; structural inspection
runs/FINAL_PRE_X13_DEADLINE_v1/synthetic_rows/7c7ddfa422d47f0bb26cf3d6eb2eeb55957fde78a850517757426339e6445ba1.sha256,136,909df24dc0e03783ec46422c2a01264f1966f659555d5c0f565d2504b8caff7f,,byte inventory
runs/FINAL_PRE_X13_DEADLINE_v1/synthetic_rows/7cf5a2d30f99943fbf0a83ce6fefd21dc86f9a98005f27cadac277a598be57cc.json,2235,3eb9d2311928098e4ff7ff72b70f150a9ece0c7a8d276d36054c5d6ea4421a51,1,JSON parsed; structural inspection
runs/FINAL_PRE_X13_DEADLINE_v1/synthetic_rows/7cf5a2d30f99943fbf0a83ce6fefd21dc86f9a98005f27cadac277a598be57cc.sha256,136,32220c5c765808c44e0d725b9c9e24ee06ab4e8feebbec7734071dd0688754a7,,byte inventory
runs/FINAL_PRE_X13_DEADLINE_v1/synthetic_rows/7d41078ff09c34421f0922a4e8af9ec297bda6d5c0a1d631244fdd023b67b17a.json,2246,5fe247877bf7d0117d68809828ee9a737d866350608a308e80c8819d34fa65fb,1,JSON parsed; structural inspection
runs/FINAL_PRE_X13_DEADLINE_v1/synthetic_rows/7d41078ff09c34421f0922a4e8af9ec297bda6d5c0a1d631244fdd023b67b17a.sha256,136,560ff569d5152c3e57d53dc2bcbd1f29f0e3f192e91a41c4951f973bf1c9cd84,,byte inventory
runs/FINAL_PRE_X13_DEADLINE_v1/synthetic_rows/7d52364e115e0a177ea7f17f581413330bbf998023fcede5f8dc1925e88ef177.json,2246,3d9343f97ce89c3756541a317b769dcd1904f162147a8adb35b3badcc3a7e289,1,JSON parsed; structural inspection
runs/FINAL_PRE_X13_DEADLINE_v1/synthetic_rows/7d52364e115e0a177ea7f17f581413330bbf998023fcede5f8dc1925e88ef177.sha256,136,23ee42c923429e35899844bde8f551a9c3790b87cbe2602931d1e0561425c162,,byte inventory
runs/FINAL_PRE_X13_DEADLINE_v1/synthetic_rows/7d56b180204dfb8e55274c61c58389d582727ee95145d6a52733192d29ff59bc.json,2243,bfb5ccef6dfd11537140dc51fcec904a19a8abc4cb95eee4d7df6f75cb92a761,1,JSON parsed; structural inspection
runs/FINAL_PRE_X13_DEADLINE_v1/synthetic_rows/7d56b180204dfb8e55274c61c58389d582727ee95145d6a52733192d29ff59bc.sha256,136,104942b765532e36e4dbec4e094266f10b5f70ef97d18fabc4ba920c811d6a75,,byte inventory
runs/FINAL_PRE_X13_DEADLINE_v1/synthetic_rows/7d609e4027f2f1445d33e4baae3459eeda7fd2d729d4e506a2635893812e3691.json,2234,a132cce4e13e73d70bc52607263d2bf53f7598a3f2ccb42ff83fb6a260da5dfe,1,JSON parsed; structural inspection
runs/FINAL_PRE_X13_DEADLINE_v1/synthetic_rows/7d609e4027f2f1445d33e4baae3459eeda7fd2d729d4e506a2635893812e3691.sha256,136,1722d17b94cc804ed25e01c481431f37a2bd51fa59aae07cea5cdcada85e2d87,,byte inventory
runs/FINAL_PRE_X13_DEADLINE_v1/synthetic_rows/7dd483918c09ab17e43d41b3722c43cd59f02ae4fbe7cf6e31dc7663a264bf4c.json,2250,64d531b668f0daf52633e75605a7db2d3251e2a8d1d109707ee0055b513a766d,1,JSON parsed; structural inspection
runs/FINAL_PRE_X13_DEADLINE_v1/synthetic_rows/7dd483918c09ab17e43d41b3722c43cd59f02ae4fbe7cf6e31dc7663a264bf4c.sha256,136,42878f2e7fd5d2379b284a82253d67809410b9f3f0ad3342bacbf4728e6b5a18,,byte inventory
runs/FINAL_PRE_X13_DEADLINE_v1/synthetic_rows/7e1e93c0232b1de6cf72f1c986488d97140a09d2c8b14edd2c472b5e9b99f7cb.json,2242,8a38505c7a3e98e239fef98484fdd8bc1e9f623f69f65dc80ca98b00f8559d67,1,JSON parsed; structural inspection
runs/FINAL_PRE_X13_DEADLINE_v1/synthetic_rows/7e1e93c0232b1de6cf72f1c986488d97140a09d2c8b14edd2c472b5e9b99f7cb.sha256,136,a78dfae59f0c7eb3d76282fa3897bfd711339f1e773a759de2d8af3b79968dd6,,byte inventory
runs/FINAL_PRE_X13_DEADLINE_v1/synthetic_rows/7e9ce23ce982366407dcd50b527e4bd806b246d9d1922a4cdf652ae39d005a1a.json,2240,7b679e895b133828311a75858b19de3a9459b6a7873f8197521f39837951e34e,1,JSON parsed; structural inspection
runs/FINAL_PRE_X13_DEADLINE_v1/synthetic_rows/7e9ce23ce982366407dcd50b527e4bd806b246d9d1922a4cdf652ae39d005a1a.sha256,136,d70ae0cd761b04de6b7508ef5e0e3e79fe0ad838d498f1367e50ceb3882435c2,,byte inventory
runs/FINAL_PRE_X13_DEADLINE_v1/synthetic_rows/7f4cd58b09591d1675a4888383c2978200dab96ac1f0563be8462f0740bbe03d.json,2244,73fe1b05e635d09851263dad1a1f954f17f537fa7d22242b1fd252f94965d585,1,JSON parsed; structural inspection
runs/FINAL_PRE_X13_DEADLINE_v1/synthetic_rows/7f4cd58b09591d1675a4888383c2978200dab96ac1f0563be8462f0740bbe03d.sha256,136,6c4be1c8e155ea05709f2527a883a612e492eb2f7f754baf18713f51094d6aef,,byte inventory
runs/FINAL_PRE_X13_DEADLINE_v1/synthetic_rows/7f6b10526a7afba21523d136a5bcbd1230628e4c444ff80aa02d30964cf97a3d.json,2244,733e6b5c6f3ded477a679ee0fb19964eef09690adc7a32583c95ef3f63e25cb7,1,JSON parsed; structural inspection
runs/FINAL_PRE_X13_DEADLINE_v1/synthetic_rows/7f6b10526a7afba21523d136a5bcbd1230628e4c444ff80aa02d30964cf97a3d.sha256,136,dbee8a05fe7abf609a082769591235310d007c0c585dec82833ac4d2ea91c0d6,,byte inventory
runs/FINAL_PRE_X13_DEADLINE_v1/synthetic_rows/7f83092cf48d11b3d80892902b35a2bbcf3bd70fc92e442c51e9eb5e4c0d2162.json,2247,8e8d2fa86f9b30f616a6f6058e84ab790a4bba7a7d72d5a1fffd4faec4306bd0,1,JSON parsed; structural inspection
runs/FINAL_PRE_X13_DEADLINE_v1/synthetic_rows/7f83092cf48d11b3d80892902b35a2bbcf3bd70fc92e442c51e9eb5e4c0d2162.sha256,136,fcaf3cc2dd27622de8d75c3b354b12773a4918321c08ce2bca5bf7b8c64fed84,,byte inventory
runs/FINAL_PRE_X13_DEADLINE_v1/synthetic_rows/802cd3243f60cfaecc836650b117a2a3bd1e23e163b43a86868fab730db6e363.json,2240,526c9c38c31e6b1f7c09633131eb6a57b7ff47778da19b8e4b36e916be270e68,1,JSON parsed; structural inspection
runs/FINAL_PRE_X13_DEADLINE_v1/synthetic_rows/802cd3243f60cfaecc836650b117a2a3bd1e23e163b43a86868fab730db6e363.sha256,136,5905995066a3294900acc750f2f2456004a0d5d5d34d30019b389b2e40f29684,,byte inventory
runs/FINAL_PRE_X13_DEADLINE_v1/synthetic_rows/80a0359ec231eeabdf758e4096690504331ea0962487826cba716e237dcc130e.json,2234,e84622c6f59b9a6fc78d32e5576b8631c38279bedf7a1d3371e70b50a1b18827,1,JSON parsed; structural inspection
runs/FINAL_PRE_X13_DEADLINE_v1/synthetic_rows/80a0359ec231eeabdf758e4096690504331ea0962487826cba716e237dcc130e.sha256,136,0712442f6a4cf4f4c9cb28f601e996fa4b869b5798bcef745d34fa13be3752c8,,byte inventory
runs/FINAL_PRE_X13_DEADLINE_v1/synthetic_rows/80be47e5efd0fe5e980d8279dd69c9c8c217fed984ba5d14170a7612842fabfd.json,2237,5b0fcc1c5986fedb78de926cf1314e37ad60180a6a861e1f83cc0a3cb7978496,1,JSON parsed; structural inspection
runs/FINAL_PRE_X13_DEADLINE_v1/synthetic_rows/80be47e5efd0fe5e980d8279dd69c9c8c217fed984ba5d14170a7612842fabfd.sha256,136,ea9131853c6b304546e417c9a5c5067336bb69a00ad117c35f93e2e665747414,,byte inventory
runs/FINAL_PRE_X13_DEADLINE_v1/synthetic_rows/80cfbe89b0715eef4ce79d51a7d72830d6cebe82a1010deb7f39b34a8a6b3581.json,2243,361edbb5fe2ea74a18e63aacd4fb1355eaeaf202b9e93a315ca1618fa8f6eb66,1,JSON parsed; structural inspection
runs/FINAL_PRE_X13_DEADLINE_v1/synthetic_rows/80cfbe89b0715eef4ce79d51a7d72830d6cebe82a1010deb7f39b34a8a6b3581.sha256,136,ecc9c43c040caaec5428ad211e4bcf6f7521c86ab1aa12ad3bb96bbe8268b3b5,,byte inventory
runs/FINAL_PRE_X13_DEADLINE_v1/synthetic_rows/80d79a366681254034ed43185204a02033da2261374fe27e8b4ce900b9b53a7f.json,2242,31e609b7939a0ac9d1ebed1fb39bec63301662a7680d6d0bb4d77c6462b3e586,1,JSON parsed; structural inspection
runs/FINAL_PRE_X13_DEADLINE_v1/synthetic_rows/80d79a366681254034ed43185204a02033da2261374fe27e8b4ce900b9b53a7f.sha256,136,7f0c31df8b96373997262cb57c47bb571acc8d3b212975267bd2513a9a1e36b1,,byte inventory
runs/FINAL_PRE_X13_DEADLINE_v1/synthetic_rows/812abe96283c441a390bdb11bb4d4e346aa30fffee67c558164bcee9e21d6275.json,2256,903e9acbd99a93eab829f54d59fd25267209a64cb9109c881ca0bc37623bc768,1,JSON parsed; structural inspection
runs/FINAL_PRE_X13_DEADLINE_v1/synthetic_rows/812abe96283c441a390bdb11bb4d4e346aa30fffee67c558164bcee9e21d6275.sha256,136,4513712eae3cf04afc55b76bd44c827e79abac21a4bbb3740f9eae98d778d642,,byte inventory
runs/FINAL_PRE_X13_DEADLINE_v1/synthetic_rows/81cfbce6f61b855af5cc16fef06c9c8c4eb84276ebde49bb0899465fccc316e2.json,2244,9f14f34cd6c511402db42695756a5649b7ece38259831157d752c13b1eaa7cbc,1,JSON parsed; structural inspection
runs/FINAL_PRE_X13_DEADLINE_v1/synthetic_rows/81cfbce6f61b855af5cc16fef06c9c8c4eb84276ebde49bb0899465fccc316e2.sha256,136,ca6fa0f5970f7aaa341aaaef557a697f5d6f5fddd3d0b475d9e1a9fda9d1988b,,byte inventory
runs/FINAL_PRE_X13_DEADLINE_v1/synthetic_rows/828275370a357c5af0f34fb96d90d88753d7920861800532e1758b36d2af060f.json,2245,5a09899593f530edcd22ace931adb91d4b939223f86ef5978cc70dff97ea4091,1,JSON parsed; structural inspection
runs/FINAL_PRE_X13_DEADLINE_v1/synthetic_rows/828275370a357c5af0f34fb96d90d88753d7920861800532e1758b36d2af060f.sha256,136,53472c278eb72cf04139bb0f07b4a462caa62be78ee888a7b58ae8817c36aecd,,byte inventory
runs/FINAL_PRE_X13_DEADLINE_v1/synthetic_rows/82b29ecf2d7fcc16c8815646d7d2846e2139e53a8ba1e38d29681625d8cd7d23.json,2251,427d891ae0f7c7a546688b21ca6dcf2488687fdc73d546cc32fd1660538c3699,1,JSON parsed; structural inspection
runs/FINAL_PRE_X13_DEADLINE_v1/synthetic_rows/82b29ecf2d7fcc16c8815646d7d2846e2139e53a8ba1e38d29681625d8cd7d23.sha256,136,9070d97151534982026ec4d319d8d307088010842f7d4814516ac1977ac0f128,,byte inventory
runs/FINAL_PRE_X13_DEADLINE_v1/synthetic_rows/8341b5ff5e0f4f6df8e74b348dac66deba175543d41a41893bda9f109c51cfc2.json,2244,e7d87c88cbc81f548d450966d2bbf3c4a8f3d700d76d2af922121cee73663bbb,1,JSON parsed; structural inspection
runs/FINAL_PRE_X13_DEADLINE_v1/synthetic_rows/8341b5ff5e0f4f6df8e74b348dac66deba175543d41a41893bda9f109c51cfc2.sha256,136,4e0850437faa8f9aed96502cbc5331bf75c6943105ed8c299d715bce2f7387a1,,byte inventory
runs/FINAL_PRE_X13_DEADLINE_v1/synthetic_rows/8362bff80ea1d9a2ccaf678b49629a53843de7f92d804057d3e321ed548af90a.json,2233,0a70d020d09c2b5472cf381e154043e395fb6bec66aa97d3dad71e52966c5d47,1,JSON parsed; structural inspection
runs/FINAL_PRE_X13_DEADLINE_v1/synthetic_rows/8362bff80ea1d9a2ccaf678b49629a53843de7f92d804057d3e321ed548af90a.sha256,136,44f2702a9f7846b5b261c42188b06a751bea5a644cb0924f5fee9c2129a6ce8d,,byte inventory
runs/FINAL_PRE_X13_DEADLINE_v1/synthetic_rows/838c0e3df6ee2e530e4721b793a334a2fe4d76ed0cd00e5437cf54fdc48c6078.json,2244,760ae5e7bb92ec69f3d37bc83bcac897402b5b774a164f42726a39f28839ecea,1,JSON parsed; structural inspection
runs/FINAL_PRE_X13_DEADLINE_v1/synthetic_rows/838c0e3df6ee2e530e4721b793a334a2fe4d76ed0cd00e5437cf54fdc48c6078.sha256,136,4537dcd01a120abc3b318989452e6d1f689fce0f243f3fb973296b8f3de9ff11,,byte inventory
runs/FINAL_PRE_X13_DEADLINE_v1/synthetic_rows/839a9814e24fb20c748e5111b9daafa81b1b984b29a01192e8be32120179d4b9.json,2243,b235508b10392950566472b95abc3adefa713bfdf59a83a8253d69f2f001d707,1,JSON parsed; structural inspection
runs/FINAL_PRE_X13_DEADLINE_v1/synthetic_rows/839a9814e24fb20c748e5111b9daafa81b1b984b29a01192e8be32120179d4b9.sha256,136,f682f0bb990fadcb4975c325fe6a828e593b2fc0f73f53bc7b2262527a9d21fc,,byte inventory
runs/FINAL_PRE_X13_DEADLINE_v1/synthetic_rows/8473931e06c220d7c90291df151f38987e97239ad529e8494b6a22623fe931fe.json,2245,59b03445c77facbe880a848a4e5000b54f0f06f23212ae957ff62d8b3fb80b9e,1,JSON parsed; structural inspection
runs/FINAL_PRE_X13_DEADLINE_v1/synthetic_rows/8473931e06c220d7c90291df151f38987e97239ad529e8494b6a22623fe931fe.sha256,136,65abed043e0483e844959af4beac0544809f8bec9884efffb5ae892651509138,,byte inventory
runs/FINAL_PRE_X13_DEADLINE_v1/synthetic_rows/85367172b73e5dfcabefb199960b84d9b75f367eba69ff881e60b4abfa0284f3.json,2248,3c14c6496d0fe56d5bed0194bbf8fa4f717e7a7f25273a2cad14c0e1aeafbd9a,1,JSON parsed; structural inspection
runs/FINAL_PRE_X13_DEADLINE_v1/synthetic_rows/85367172b73e5dfcabefb199960b84d9b75f367eba69ff881e60b4abfa0284f3.sha256,136,3664c051fc513fe852c50ec329ca41a670b92860b91c9974000223664b41994d,,byte inventory
runs/FINAL_PRE_X13_DEADLINE_v1/synthetic_rows/85467cc1c343197198a5318062ee4550385efba5aee7bc140f8141b873b78f50.json,2238,b1c8a9eb8dc5e9d4d377f4e6bcb19d762b03b844eb9ba4880f8a7477d051d7e9,1,JSON parsed; structural inspection
runs/FINAL_PRE_X13_DEADLINE_v1/synthetic_rows/85467cc1c343197198a5318062ee4550385efba5aee7bc140f8141b873b78f50.sha256,136,40cbd864e5336f9a662da1be5b03a359cd8c0cef3c27126bf3a406707675d9e7,,byte inventory
runs/FINAL_PRE_X13_DEADLINE_v1/synthetic_rows/858bc6dd4bee1da21f6c306a10b7b2999e2ae24692cb18787276c5efd68cfc65.json,2244,1609ed13e59d8886a4ed7b1523c8b7ccd1fbeb552205a41e9d2dbafe9e269444,1,JSON parsed; structural inspection
runs/FINAL_PRE_X13_DEADLINE_v1/synthetic_rows/858bc6dd4bee1da21f6c306a10b7b2999e2ae24692cb18787276c5efd68cfc65.sha256,136,96f558164bc48ec745cf80e69fb97c29fe00ee71f8d35b1d011d6d40f59b2dce,,byte inventory
runs/FINAL_PRE_X13_DEADLINE_v1/synthetic_rows/861aacbff1938d53e922e9acaa6284c2787e5b43bcde31f10ec6c736be40e27a.json,2244,3f57a06378db2f7bc10b0f8f94289d85b3dcf64f850c00ab53dad1c4dbc66a66,1,JSON parsed; structural inspection
runs/FINAL_PRE_X13_DEADLINE_v1/synthetic_rows/861aacbff1938d53e922e9acaa6284c2787e5b43bcde31f10ec6c736be40e27a.sha256,136,8a4755f4451142ce85cf0ec4ea35e6cb72e3201141a33891cbfb72a7f667b4aa,,byte inventory
runs/FINAL_PRE_X13_DEADLINE_v1/synthetic_rows/86662e0f7ce09889e39fe5707b1d94773419afb0ccb6a6108ea85273b61c70f2.json,2242,2db2a3a6e409616a86d295d3f746a7de96fa8276583534c4b3a5906ba6435a89,1,JSON parsed; structural inspection
runs/FINAL_PRE_X13_DEADLINE_v1/synthetic_rows/86662e0f7ce09889e39fe5707b1d94773419afb0ccb6a6108ea85273b61c70f2.sha256,136,90af28f4f266b2ddfe9cd819d2b361f38e1cb5fba151887afbd62bc13b7d6ec5,,byte inventory
runs/FINAL_PRE_X13_DEADLINE_v1/synthetic_rows/867f1a0070ce0aa2e03d938387ebd60385f78180ce97b21391ca8237e49134bf.json,2243,adb2522807cc5379ccd0716ac414b0015973cc38e1e21bad65c5268d424e027a,1,JSON parsed; structural inspection
runs/FINAL_PRE_X13_DEADLINE_v1/synthetic_rows/867f1a0070ce0aa2e03d938387ebd60385f78180ce97b21391ca8237e49134bf.sha256,136,59e5387b01cdf229222be97db0e0906d8f102578536369fe7212bd9a4ddc3576,,byte inventory
runs/FINAL_PRE_X13_DEADLINE_v1/synthetic_rows/86d13911bcaf3e505f8921f415e32c0fdbba8c4f6fe8526641503111d8da0c4e.json,2252,2fafab0a74aa3396a983a38ef61bd433e2a386da12b03d8c51854c775aabcbe1,1,JSON parsed; structural inspection
runs/FINAL_PRE_X13_DEADLINE_v1/synthetic_rows/86d13911bcaf3e505f8921f415e32c0fdbba8c4f6fe8526641503111d8da0c4e.sha256,136,a175a73bbe810dbcb85f279f5a33c800773b9469d38eaaf6d100922ddafa66f8,,byte inventory
runs/FINAL_PRE_X13_DEADLINE_v1/synthetic_rows/86f6317e9b635886cad629367fe506a1ad902deceff800a982616f17a9d62db1.json,2251,e7833ed0ea2ffff957d6d455ec9c07fd26c4e91f49475fceaeffd34ba9c5cc49,1,JSON parsed; structural inspection
runs/FINAL_PRE_X13_DEADLINE_v1/synthetic_rows/86f6317e9b635886cad629367fe506a1ad902deceff800a982616f17a9d62db1.sha256,136,90217958901b68dfda059edd1808a918a9d8170f75e5e1d40bd7418561a87332,,byte inventory
runs/FINAL_PRE_X13_DEADLINE_v1/synthetic_rows/877ae1089526bef33a054dca4d33352f245024b2db1d82b4e77d695c0cb4eebd.json,2250,745232ea980e2f0767f8ac9a1bad12228fa212d8fb861437a519ad407300b148,1,JSON parsed; structural inspection
runs/FINAL_PRE_X13_DEADLINE_v1/synthetic_rows/877ae1089526bef33a054dca4d33352f245024b2db1d82b4e77d695c0cb4eebd.sha256,136,30521caf2fca9752541fefc253a116a3bb192abf6d00d9fa01301a9d9a4d4b13,,byte inventory
runs/FINAL_PRE_X13_DEADLINE_v1/synthetic_rows/8790847e551a2f57abf0558019827f45a9e00395c6bfb35a241383666cca090b.json,2244,86cd37ff68ef807fc01396d0860503efc287b329454097d066e2f3cab6b3be8d,1,JSON parsed; structural inspection
runs/FINAL_PRE_X13_DEADLINE_v1/synthetic_rows/8790847e551a2f57abf0558019827f45a9e00395c6bfb35a241383666cca090b.sha256,136,42430187c8364c295af4b15e44fd3eff0a1a3ca98c95f5689b804d916a3317c5,,byte inventory
runs/FINAL_PRE_X13_DEADLINE_v1/synthetic_rows/8798b4b9c68741d753972c71cd4bf8774a0fe5e02cb5ddebecd25a4df20df0a3.json,2241,98785c73adb463c0bf70e490078f4665bc8cd0284d30f1de005155a178215a93,1,JSON parsed; structural inspection
runs/FINAL_PRE_X13_DEADLINE_v1/synthetic_rows/8798b4b9c68741d753972c71cd4bf8774a0fe5e02cb5ddebecd25a4df20df0a3.sha256,136,483aa197718eda94a34b18b54dfb47d7addf2e65666b36ee883db5f66f0021f5,,byte inventory
runs/FINAL_PRE_X13_DEADLINE_v1/synthetic_rows/87ac3d07a89d978016dab7c8f15a3a1aef2b26b98ed5221cbefca712881f4967.json,2256,7a8bd45071329029cacb47eb8015fae168e43924ddcea7104203e7db2883bb16,1,JSON parsed; structural inspection
runs/FINAL_PRE_X13_DEADLINE_v1/synthetic_rows/87ac3d07a89d978016dab7c8f15a3a1aef2b26b98ed5221cbefca712881f4967.sha256,136,98fb46ead9b52c67631c9dc704ff986b373bfc7f708d6d5087315996bad23a6c,,byte inventory
runs/FINAL_PRE_X13_DEADLINE_v1/synthetic_rows/87be52a9738193d496964d9d330bdf04cb1d75c412999f11e911ca63ee15a465.json,2251,ac950e2ed70079800e904ac843dc440d5fe055e70ea485c2d00210675ba81e60,1,JSON parsed; structural inspection
runs/FINAL_PRE_X13_DEADLINE_v1/synthetic_rows/87be52a9738193d496964d9d330bdf04cb1d75c412999f11e911ca63ee15a465.sha256,136,0f55b78e2c15cafc3d86468aeb105a921ec3b45227b1fe544670efe45c10f163,,byte inventory
runs/FINAL_PRE_X13_DEADLINE_v1/synthetic_rows/87fb417807c54df9a5da44fc597dd7c78770ba2d3c7fd75fa2b8896207c58c91.json,2232,c7766d84e9f8885f16b4db981ced80aedb21ecacb5ae7f3f42fc9c7e6bb19f88,1,JSON parsed; structural inspection
runs/FINAL_PRE_X13_DEADLINE_v1/synthetic_rows/87fb417807c54df9a5da44fc597dd7c78770ba2d3c7fd75fa2b8896207c58c91.sha256,136,21e0bd756ab9f721709cdd1b7bcf69c2c1d7155f0ff92d49cddc3747fb3f55df,,byte inventory
runs/FINAL_PRE_X13_DEADLINE_v1/synthetic_rows/88071930078331f53169ef0abbd0c3bb87d472e1260a9a01e8f0319ab0a9aa7f.json,2235,19bf20100345a3fe47a138909abe6cef26a87c2c5ce3222074e1f808969948e8,1,JSON parsed; structural inspection
runs/FINAL_PRE_X13_DEADLINE_v1/synthetic_rows/88071930078331f53169ef0abbd0c3bb87d472e1260a9a01e8f0319ab0a9aa7f.sha256,136,7105d87567afd2e2ddaa93f9b8fffb14325a5b00382ae3f677cf81be29cf4478,,byte inventory
runs/FINAL_PRE_X13_DEADLINE_v1/synthetic_rows/88197e346b78049ed83e525528c38c1741278323b5fa935c30b71065407007ff.json,2242,1f1f080ef8a2f19d66a7a61bd5c1422586fac79b2aacd7abc301249c7af012bb,1,JSON parsed; structural inspection
runs/FINAL_PRE_X13_DEADLINE_v1/synthetic_rows/88197e346b78049ed83e525528c38c1741278323b5fa935c30b71065407007ff.sha256,136,cbc6a32c4b1bdbaf9770d3a7d7018b3d76763cd729c26f5facf87d4e8ba1fbc4,,byte inventory
runs/FINAL_PRE_X13_DEADLINE_v1/synthetic_rows/8832ecd5d305ea6a5d83f9648891461216bb03986402ffae1fbe395de02ce395.json,2253,8b0eb50bb5473ac065e3922d83f002b66090368df6efa854b0db38b001c498ee,1,JSON parsed; structural inspection
runs/FINAL_PRE_X13_DEADLINE_v1/synthetic_rows/8832ecd5d305ea6a5d83f9648891461216bb03986402ffae1fbe395de02ce395.sha256,136,5566b8a292f355265bb99b8ef3e3327e151dd05d6fc0295ececbb5c87a77980d,,byte inventory
runs/FINAL_PRE_X13_DEADLINE_v1/synthetic_rows/88be0054d998646797163303cf8cc24e030b28228f5c14a55c9a0486cffe3b52.json,2239,3533a63c306d42d2ff8967674b37402138497cf7197833f0c1ec85ee9a6316d2,1,JSON parsed; structural inspection
runs/FINAL_PRE_X13_DEADLINE_v1/synthetic_rows/88be0054d998646797163303cf8cc24e030b28228f5c14a55c9a0486cffe3b52.sha256,136,05e1d620622a12c1198d56a2bdb152c8a9c49cbe9c47ba1821de18619fab2015,,byte inventory
runs/FINAL_PRE_X13_DEADLINE_v1/synthetic_rows/88fd1efed340896e6adf6e566698785f00dd1f8692c83861b362f83c8f37b073.json,2235,4f170aa38bfa86c29d8fcd05aa44a78c42dd409a22ed920af57b03ad1232c3a4,1,JSON parsed; structural inspection
runs/FINAL_PRE_X13_DEADLINE_v1/synthetic_rows/88fd1efed340896e6adf6e566698785f00dd1f8692c83861b362f83c8f37b073.sha256,136,9c29a9de386e8d1656d16a358578662804e64962746d6ab8fa654e8df8f061db,,byte inventory
runs/FINAL_PRE_X13_DEADLINE_v1/synthetic_rows/8921a3d37fd10be57ca7a236760c315e8e00f0665b7837931f47442c95366ae0.json,2241,99559936d18883fab0c67bd8bf1b4aaea1c7bef7a6dc4086ac68d3b709c6bc53,1,JSON parsed; structural inspection
runs/FINAL_PRE_X13_DEADLINE_v1/synthetic_rows/8921a3d37fd10be57ca7a236760c315e8e00f0665b7837931f47442c95366ae0.sha256,136,dc4cdee99b8d0fb0361fba93630b0554ebe41669c78fc33c7d4a03dd51ee05fd,,byte inventory
runs/FINAL_PRE_X13_DEADLINE_v1/synthetic_rows/89a297f61353309b80c8573cdaa30cd1a83ddc1514adfc31c5c8264915bcd360.json,2233,8f4afb6fce613a6f4cb283d52ac7532447ec27bce306e676ea10871d61fdf7c1,1,JSON parsed; structural inspection
runs/FINAL_PRE_X13_DEADLINE_v1/synthetic_rows/89a297f61353309b80c8573cdaa30cd1a83ddc1514adfc31c5c8264915bcd360.sha256,136,4aff77240e9e2cae9b71c82c86919c6ed933f2a8536cd041be4f155428a45a83,,byte inventory
runs/FINAL_PRE_X13_DEADLINE_v1/synthetic_rows/89cfde495d1d7a0f17ba9a626ce40420255e03de6caa1c58212d620a93163893.json,2247,b26297c84dd56a5c1d11767c22fd0f6bafaa893a919c1b2247e0dddc9b6c612e,1,JSON parsed; structural inspection
runs/FINAL_PRE_X13_DEADLINE_v1/synthetic_rows/89cfde495d1d7a0f17ba9a626ce40420255e03de6caa1c58212d620a93163893.sha256,136,f17f2b7e32e344d4922673599ea19c592c81ce2db70a77add72ba394d41f2f0c,,byte inventory
runs/FINAL_PRE_X13_DEADLINE_v1/synthetic_rows/8a5241352d53944b163b17e298cbe33979ca799d4744bac6db1c91ae947ed13b.json,2241,227f51677ff132b5a55dfa73dd7466b0bc3f61afa07812d99017cc9361efeed8,1,JSON parsed; structural inspection
runs/FINAL_PRE_X13_DEADLINE_v1/synthetic_rows/8a5241352d53944b163b17e298cbe33979ca799d4744bac6db1c91ae947ed13b.sha256,136,56c5f3e52a368c7aa57434ff5aedabb11ac7e70d700b8fc5aa406592654c9473,,byte inventory
runs/FINAL_PRE_X13_DEADLINE_v1/synthetic_rows/8a622459f2443f1b3679b6a9a956659cdf84df6236fba15a0490423dacd5c445.json,2243,d77ad9be5644edc31c79c288bbe0038b17a789920baacff69439b95eb5dcd40c,1,JSON parsed; structural inspection
runs/FINAL_PRE_X13_DEADLINE_v1/synthetic_rows/8a622459f2443f1b3679b6a9a956659cdf84df6236fba15a0490423dacd5c445.sha256,136,cfb21e4d480162c9f0449a279363909849d137c7ef6ac687813e51393c21b16a,,byte inventory
runs/FINAL_PRE_X13_DEADLINE_v1/synthetic_rows/8abd063f37c3fc5165771ce61d210f95b1e7fb1523517684d5b4569d2304b404.json,2244,72a5622da0702b370e7ed4e03bb604b073b4c92d8e9797d8c36834621bbef568,1,JSON parsed; structural inspection
runs/FINAL_PRE_X13_DEADLINE_v1/synthetic_rows/8abd063f37c3fc5165771ce61d210f95b1e7fb1523517684d5b4569d2304b404.sha256,136,c63213da561b732e61d9436696f6ec000c441b6b66d690905bca15c41db8c5a7,,byte inventory
runs/FINAL_PRE_X13_DEADLINE_v1/synthetic_rows/8b42058b5e349aa483ccd8dce02b904254007375973107f6db5d6adb155ceab4.json,2242,8f62fe30b88a6b1407fe85c7cad63627bef26198ed90fad6fbeceefed1c800c2,1,JSON parsed; structural inspection
runs/FINAL_PRE_X13_DEADLINE_v1/synthetic_rows/8b42058b5e349aa483ccd8dce02b904254007375973107f6db5d6adb155ceab4.sha256,136,a838bcfd715073f545697da31ad50caeea6994c6ba9aff4779d5996c564e42c2,,byte inventory
runs/FINAL_PRE_X13_DEADLINE_v1/synthetic_rows/8b6ecd99932f7cbbf08791bd8fe3ac1d93e715da0149424ca449fc6aa2107ce7.json,2234,7659418c404a4e219a93a1c23eedc61247e1a0201d84a379373209e18c49b68b,1,JSON parsed; structural inspection
runs/FINAL_PRE_X13_DEADLINE_v1/synthetic_rows/8b6ecd99932f7cbbf08791bd8fe3ac1d93e715da0149424ca449fc6aa2107ce7.sha256,136,d7467fcae159a66f0d409519b13fa1e1695f51ac0ba66f51f3ff5515f57030dd,,byte inventory
runs/FINAL_PRE_X13_DEADLINE_v1/synthetic_rows/8b716e772a38e6c0cd24cb71882a60257e55a4366411106a33bc45e11a930fe0.json,2242,5b4137a105da9e3edbb9ac929cefbe6045cfed4a7010d9f12552da99cfb8394f,1,JSON parsed; structural inspection
runs/FINAL_PRE_X13_DEADLINE_v1/synthetic_rows/8b716e772a38e6c0cd24cb71882a60257e55a4366411106a33bc45e11a930fe0.sha256,136,69f6161c592e011e22d3b48b5ea41157fe6f41ff6e21636224e28f1c307a0ca6,,byte inventory
runs/FINAL_PRE_X13_DEADLINE_v1/synthetic_rows/8b84d7e65ffab005d1eaf7ac3f8a462b33682ba3afa54f132da2d74c4e020f5f.json,2235,11d47da6161a588c7d82fc528f809f6c28182b3dc10cfee850bd141d9e3ed2ff,1,JSON parsed; structural inspection
runs/FINAL_PRE_X13_DEADLINE_v1/synthetic_rows/8b84d7e65ffab005d1eaf7ac3f8a462b33682ba3afa54f132da2d74c4e020f5f.sha256,136,772b5d1d78182d56e9980d1b40acc43efb4dd7c3179b24b01a259db10a1c9b1b,,byte inventory
runs/FINAL_PRE_X13_DEADLINE_v1/synthetic_rows/8c55b9de819cadc4079689486d85c99855b8c1af89d6b9964ee7f9a31fe0eed8.json,2234,98a41c1109ffbba32d6aa46ba2848923749ab3c43324f23fe3bfc3a0c10473a2,1,JSON parsed; structural inspection
runs/FINAL_PRE_X13_DEADLINE_v1/synthetic_rows/8c55b9de819cadc4079689486d85c99855b8c1af89d6b9964ee7f9a31fe0eed8.sha256,136,87f4dcb3162894189f8b3b20b979f99757279708fd27b483d263589dfb13abcf,,byte inventory
runs/FINAL_PRE_X13_DEADLINE_v1/synthetic_rows/8ca4296df3733a876ded54a137827d9c2105875980141442bfbab67fedff65a4.json,2248,3ed41f2e8c33d2d804cded9a41b54143049ea1fe1034c127e537d316fe34adf5,1,JSON parsed; structural inspection
runs/FINAL_PRE_X13_DEADLINE_v1/synthetic_rows/8ca4296df3733a876ded54a137827d9c2105875980141442bfbab67fedff65a4.sha256,136,01385248f9ff3cc6c7230aeed0214cad91917a855c6615873e0a99e148cfa578,,byte inventory
runs/FINAL_PRE_X13_DEADLINE_v1/synthetic_rows/8cbf4621f8d26642be2260b95c88bc588a21c08fd532dd4cb6d1a9e059aba9bd.json,2245,d257a98dcf6b0ab97648553dad9c748425a76f2ca47208eb02a9aa4745d77673,1,JSON parsed; structural inspection
runs/FINAL_PRE_X13_DEADLINE_v1/synthetic_rows/8cbf4621f8d26642be2260b95c88bc588a21c08fd532dd4cb6d1a9e059aba9bd.sha256,136,ebfcfe7cd277aa2e296ff831021b470706c94ba20852809a2bb20fcae2e8caa0,,byte inventory
runs/FINAL_PRE_X13_DEADLINE_v1/synthetic_rows/8cda21fbaf51156fa5f86d312d88ef9caed6492abef130a3c21fda2321256161.json,2244,d160502c779ac82c7b8e6785e6dbda0b945b8be4d74c106e25562ec6841c2e06,1,JSON parsed; structural inspection
runs/FINAL_PRE_X13_DEADLINE_v1/synthetic_rows/8cda21fbaf51156fa5f86d312d88ef9caed6492abef130a3c21fda2321256161.sha256,136,e100a5eeb6a12144e10a2fd33203ab2522cb002a4699bfbf10e1d8248b18154b,,byte inventory
runs/FINAL_PRE_X13_DEADLINE_v1/synthetic_rows/8d43e3ba66c26d3355ae19aca2f2214d74b0429a430e13c486d92fb22dd0f501.json,2255,ff5d95a14d5f7e6ac1456c02a5af63e8c42c6eb24e7172ae2350533d4267b4c1,1,JSON parsed; structural inspection
runs/FINAL_PRE_X13_DEADLINE_v1/synthetic_rows/8d43e3ba66c26d3355ae19aca2f2214d74b0429a430e13c486d92fb22dd0f501.sha256,136,aff462fd05483678d69675ceeb46537a03f928b9d49ee3b8085b82e3341556e6,,byte inventory
runs/FINAL_PRE_X13_DEADLINE_v1/synthetic_rows/8d552f9a1b4206a3ea6cbddf1e68df4c638cf443398eb45356b0c7928671407b.json,2236,3fe648c6c641fa01e58b1c3fd7c6d09aaa3e82a19fcb8a81669241d8eff5fb5e,1,JSON parsed; structural inspection
runs/FINAL_PRE_X13_DEADLINE_v1/synthetic_rows/8d552f9a1b4206a3ea6cbddf1e68df4c638cf443398eb45356b0c7928671407b.sha256,136,1d7fa560dca5f3f2055e39b866cb77670ee141bec1deed17fd5f3de70cb87f8d,,byte inventory
runs/FINAL_PRE_X13_DEADLINE_v1/synthetic_rows/8d8696e36a2e1106ebc82ce4a7e07de2cb08b48f664950a8455c496f526f872f.json,2241,d5ba0ee157b3eb6a225b1d316b7ef79f5cec53d6d3e52604bbd5e9b96b9aa61b,1,JSON parsed; structural inspection
runs/FINAL_PRE_X13_DEADLINE_v1/synthetic_rows/8d8696e36a2e1106ebc82ce4a7e07de2cb08b48f664950a8455c496f526f872f.sha256,136,0892f1d5e5a924d539b636583bdac413febd791cb8664e58f27819952802df11,,byte inventory
runs/FINAL_PRE_X13_DEADLINE_v1/synthetic_rows/8d966917c62435079e28c852e675e8004493e9de9f67f40b551bfa524f4cfea9.json,2236,0a8e4867e09f08dfb4e80278bffaff52dbdbcc79c4fa343592aaf1a66709a6fe,1,JSON parsed; structural inspection
runs/FINAL_PRE_X13_DEADLINE_v1/synthetic_rows/8d966917c62435079e28c852e675e8004493e9de9f67f40b551bfa524f4cfea9.sha256,136,2f4c0607f46e3daa4140570ede84b9a3382e66012cd5085681e5cc0f4b41c8a1,,byte inventory
runs/FINAL_PRE_X13_DEADLINE_v1/synthetic_rows/8ec73a7d2198e8f80d15f825850c161327d880d2e4205e323d06390aba19209a.json,2237,74b8ff4b153d083ffc9cfb227a3364c6a5f0deb8d22012bee5d368614f314b83,1,JSON parsed; structural inspection
runs/FINAL_PRE_X13_DEADLINE_v1/synthetic_rows/8ec73a7d2198e8f80d15f825850c161327d880d2e4205e323d06390aba19209a.sha256,136,5651ff625d132c949028b25c330096aba38d9b5071b6330178b4ebda948f2cfa,,byte inventory
runs/FINAL_PRE_X13_DEADLINE_v1/synthetic_rows/8f2502371df1ca20a1d4c59efac3eb58e85112c8cdd4a5b6e68bd0b338ef2d29.json,2250,dbf6f7484feffef552710f7537c9d88ea4e6309a2af8363229cca93ac03c20c4,1,JSON parsed; structural inspection
runs/FINAL_PRE_X13_DEADLINE_v1/synthetic_rows/8f2502371df1ca20a1d4c59efac3eb58e85112c8cdd4a5b6e68bd0b338ef2d29.sha256,136,a57e152de144154e98034d02dd1fe39cc8f81b3d1e0432ba8c80de07e1504250,,byte inventory
runs/FINAL_PRE_X13_DEADLINE_v1/synthetic_rows/8f4c360253261e86379b6c8ca23a9e2ba73530d9e7154a8bc2469d114cee6acc.json,2235,908da9fa00df4aef4159efc64f7e557a64cdd6be0af28c687407a54d3d1256c2,1,JSON parsed; structural inspection
runs/FINAL_PRE_X13_DEADLINE_v1/synthetic_rows/8f4c360253261e86379b6c8ca23a9e2ba73530d9e7154a8bc2469d114cee6acc.sha256,136,2ed0b3969a2be03f8f59aa14788390d4742614c05582be9ed8389a73d27529d2,,byte inventory
runs/FINAL_PRE_X13_DEADLINE_v1/synthetic_rows/8f57037e67ab00849ba0a710177284d4e9cca29c9a79831d4f4f3b8d73b64626.json,2241,299313a8d9897ca216ff2678365ccf199d90a492a9682eb49d996953cc80c607,1,JSON parsed; structural inspection
runs/FINAL_PRE_X13_DEADLINE_v1/synthetic_rows/8f57037e67ab00849ba0a710177284d4e9cca29c9a79831d4f4f3b8d73b64626.sha256,136,8fe55b85e6980a543d4aed135cbecb63e5e0fe81c865076c0860409ae6db2552,,byte inventory
runs/FINAL_PRE_X13_DEADLINE_v1/synthetic_rows/8ff37167c3e8de16070a050300b36e303a18873b605697b929c6a27bba6d051d.json,2225,0a422b22bb0c546a1162b9404bc7e2614f6df10ff4b5031f46e580899d6c2b1a,1,JSON parsed; structural inspection
runs/FINAL_PRE_X13_DEADLINE_v1/synthetic_rows/8ff37167c3e8de16070a050300b36e303a18873b605697b929c6a27bba6d051d.sha256,136,6e20aed24dac7c76cc4cdb5f1e51a930449f71d829d2b2d00f1386cfa0f1d1e5,,byte inventory
runs/FINAL_PRE_X13_DEADLINE_v1/synthetic_rows/90117d686e3a31d0fc6a2025cd9f41f530a642fded3a5aea67e7c7afd3a826cd.json,2245,902e553d72eaf309c20a1cdb6bd818170065180ea96614a930ab440148ea0c39,1,JSON parsed; structural inspection
runs/FINAL_PRE_X13_DEADLINE_v1/synthetic_rows/90117d686e3a31d0fc6a2025cd9f41f530a642fded3a5aea67e7c7afd3a826cd.sha256,136,3999c89c3b6f93748212f81de0ba9e45c6e6bad6b21421ff2ffbb9b74dacf21e,,byte inventory
runs/FINAL_PRE_X13_DEADLINE_v1/synthetic_rows/9020cd1dca2f1d7e59d61207147222afecc8ecc109c73361c95b52d39ee60698.json,2253,3c8175f16aacc115824b58ce0459a4d85e7d8bc0ae017e7f382c46789ac29126,1,JSON parsed; structural inspection
runs/FINAL_PRE_X13_DEADLINE_v1/synthetic_rows/9020cd1dca2f1d7e59d61207147222afecc8ecc109c73361c95b52d39ee60698.sha256,136,96be54f223160cd4095d8a4190a5402b5a7f9fc49eadac71379f42db5439f937,,byte inventory
runs/FINAL_PRE_X13_DEADLINE_v1/synthetic_rows/907bd92d8d073033b7deeb63975ceef0824eeb6ec67be7602f04285bec91f457.json,2247,709e70d2c2dee9c7905395662ae0017b5598407cd080eb886134082f07d729c4,1,JSON parsed; structural inspection
runs/FINAL_PRE_X13_DEADLINE_v1/synthetic_rows/907bd92d8d073033b7deeb63975ceef0824eeb6ec67be7602f04285bec91f457.sha256,136,ee8665b6f6099918cfce29467046ef761f104cc76f30e36c124f354cc308a1ba,,byte inventory
runs/FINAL_PRE_X13_DEADLINE_v1/synthetic_rows/908bc5fc760d2f7533234625f7c427f1f14a3d32d5469bbb17daefd2fd655563.json,2235,efd6615747c09b7aae17f3999a421b1e7f61fc4988f2fcf4f059efd52ee5a0ec,1,JSON parsed; structural inspection
runs/FINAL_PRE_X13_DEADLINE_v1/synthetic_rows/908bc5fc760d2f7533234625f7c427f1f14a3d32d5469bbb17daefd2fd655563.sha256,136,a725c2e8e571d7ffd6f8a9cb5e2bd8244bf8ac8bae80b5f494e87154a9d8c8a5,,byte inventory
runs/FINAL_PRE_X13_DEADLINE_v1/synthetic_rows/91068df65f500bbdb7a1e223b23234fe9dd20a8aa259c967a91c4c14cdb0d8c0.json,2231,1af0fafc7536b09f45377732839e203524d067f7aa436d0d2dfceda8e186e134,1,JSON parsed; structural inspection
runs/FINAL_PRE_X13_DEADLINE_v1/synthetic_rows/91068df65f500bbdb7a1e223b23234fe9dd20a8aa259c967a91c4c14cdb0d8c0.sha256,136,fe29d28dc4b8ca56bd97e8752ad5d3d80b0ad8ad342196dd816eb12117be5508,,byte inventory
runs/FINAL_PRE_X13_DEADLINE_v1/synthetic_rows/918efa4b90c1ea81c5f4890fb4c56a469148e7173481dbc93426de6738d56d3f.json,2251,1165325b3790752adb49b2263b1d16f9a6b343f2a697f392d067c657dc71ea3a,1,JSON parsed; structural inspection
runs/FINAL_PRE_X13_DEADLINE_v1/synthetic_rows/918efa4b90c1ea81c5f4890fb4c56a469148e7173481dbc93426de6738d56d3f.sha256,136,99421635d5313eda02aba86dcc7ea430d8e9b2c80e5587cd5504cbdf2991e407,,byte inventory
runs/FINAL_PRE_X13_DEADLINE_v1/synthetic_rows/919df25c55a71d3c735c2b0ec85d762c22b21f6738e6a80ec49f060e1b12e24c.json,2243,6777aa393a7413f38d5f0f7158c8f26b375014976a628c7b47743ea93d331e07,1,JSON parsed; structural inspection
runs/FINAL_PRE_X13_DEADLINE_v1/synthetic_rows/919df25c55a71d3c735c2b0ec85d762c22b21f6738e6a80ec49f060e1b12e24c.sha256,136,9d60cf30c2ab60a797069e1c953fe7ef634a7f285ce0a311f63de54523bdebe9,,byte inventory
runs/FINAL_PRE_X13_DEADLINE_v1/synthetic_rows/9211d360ed1f7b0f81c113ba26e743142d9ca53986cc8f009ac95d609c084938.json,2235,27fde4b3db610b0287d84760c403afb33168f053c2a6d560427e5837f04a9ea1,1,JSON parsed; structural inspection
runs/FINAL_PRE_X13_DEADLINE_v1/synthetic_rows/9211d360ed1f7b0f81c113ba26e743142d9ca53986cc8f009ac95d609c084938.sha256,136,8f6701be0b6d6efe64d4e9465b7434bd0198c9b98252162e889ad8b08949bdfd,,byte inventory
runs/FINAL_PRE_X13_DEADLINE_v1/synthetic_rows/92b816a1011578235fbd88dc839e4f4b7b52772e55ef932cee4dc0be7c319834.json,2247,cf25c8d7869a5d5d7b56a5e628bc3c575abd573ab6e7ec95d834f0ca682c9bf0,1,JSON parsed; structural inspection
runs/FINAL_PRE_X13_DEADLINE_v1/synthetic_rows/92b816a1011578235fbd88dc839e4f4b7b52772e55ef932cee4dc0be7c319834.sha256,136,84c32e9c6bf86f2eddca269cd324ab36ee4e44a84a66c543e3f9730c0e3dd723,,byte inventory
runs/FINAL_PRE_X13_DEADLINE_v1/synthetic_rows/92cd841fc45bf8f549f62b1627b644c9cc5444031e1f70cbecf6971d0387c44a.json,2244,6aa77ce63a86b138fc0860ed3e97efd668d4a92ba946c89559f53b60e3b0f675,1,JSON parsed; structural inspection
runs/FINAL_PRE_X13_DEADLINE_v1/synthetic_rows/92cd841fc45bf8f549f62b1627b644c9cc5444031e1f70cbecf6971d0387c44a.sha256,136,b6fc2d615d8aed4f3eaa2894849dfa84466fc956511d3304f0e6acc8cf49e519,,byte inventory
runs/FINAL_PRE_X13_DEADLINE_v1/synthetic_rows/9392b48fa4e1372ee2f9eb14ecf5aed484bf9499ca1067189caa4c63abce8ccb.json,2251,6f7b4d68adb1047b06b009a7cc62fb7360eeede7e98b6bb9aa291cf48ccfd42b,1,JSON parsed; structural inspection
runs/FINAL_PRE_X13_DEADLINE_v1/synthetic_rows/9392b48fa4e1372ee2f9eb14ecf5aed484bf9499ca1067189caa4c63abce8ccb.sha256,136,2b60d24b1507e02d09fb276cce2c953d843c93c6fcc8c72647083cc56f90ee25,,byte inventory
runs/FINAL_PRE_X13_DEADLINE_v1/synthetic_rows/93c1e2954c0fa8e67d111b949955f1d86536abc3303962f6860fdc93da4fc00a.json,2243,2a28a1d8d2dde84ca36915ad8bb151bd1cd28450b133ff237a7efe69ca4dafdd,1,JSON parsed; structural inspection
runs/FINAL_PRE_X13_DEADLINE_v1/synthetic_rows/93c1e2954c0fa8e67d111b949955f1d86536abc3303962f6860fdc93da4fc00a.sha256,136,b4065e7a02b7badf4678ca3fcd90611708256070094c7a9c4faaccad47a99ca6,,byte inventory
runs/FINAL_PRE_X13_DEADLINE_v1/synthetic_rows/9558a8d593b31d928026e88dc669b2fb70386c4c34bd3d4d8a644ce9f3dee729.json,2242,71c04859ffcb2931750eb1c3a60039e9310be6938e697b286c58c0180890a0ed,1,JSON parsed; structural inspection
runs/FINAL_PRE_X13_DEADLINE_v1/synthetic_rows/9558a8d593b31d928026e88dc669b2fb70386c4c34bd3d4d8a644ce9f3dee729.sha256,136,4bdb00797594580e5b337b7df1e55d0584da8333d45206e1070483e77fb1deff,,byte inventory
runs/FINAL_PRE_X13_DEADLINE_v1/synthetic_rows/955f160ce5f086f21aaaec650b93b7db369ce8ac1147cf312b81b709c1775020.json,2242,4ffa2adfcf11050a2ff732447d75a9aa72a16a326462575c922330c718efacba,1,JSON parsed; structural inspection
runs/FINAL_PRE_X13_DEADLINE_v1/synthetic_rows/955f160ce5f086f21aaaec650b93b7db369ce8ac1147cf312b81b709c1775020.sha256,136,c8d12a15d31f1cb6a054c3cf760af5817c35b6287fe7320e2eed0a39e4f457cb,,byte inventory
runs/FINAL_PRE_X13_DEADLINE_v1/synthetic_rows/957af11518fa81987203ed8fc5ce0d368472c9448d2e5f1b28540ebcf17adbda.json,2245,b70637ecea29ae49fc514c4400caf73fcd01797f94dfdde7ecc83501f43d67ec,1,JSON parsed; structural inspection
runs/FINAL_PRE_X13_DEADLINE_v1/synthetic_rows/957af11518fa81987203ed8fc5ce0d368472c9448d2e5f1b28540ebcf17adbda.sha256,136,1fd6eefeac9a1a8a72db174d053753cabc323929292eede6394885fe51ef7718,,byte inventory
runs/FINAL_PRE_X13_DEADLINE_v1/synthetic_rows/95840e86cc43201f70f54ad6ad83e5f9c7c6975245a82f54e80aecc1b4cbf214.json,2238,348c6a75903be97a8cf72afcd7a8c62a7ebeaea6d8f0389c74741e7e30fe9c98,1,JSON parsed; structural inspection
runs/FINAL_PRE_X13_DEADLINE_v1/synthetic_rows/95840e86cc43201f70f54ad6ad83e5f9c7c6975245a82f54e80aecc1b4cbf214.sha256,136,e530c7a4ca547d5b2e634292be420dcc02f09ecf5478301980fd7b202850453d,,byte inventory
runs/FINAL_PRE_X13_DEADLINE_v1/synthetic_rows/9600dee90638321dbf48ecac83c49c3216ae88210935d81ca04b8604b2e64852.json,2243,3d796d0b4ea79fc3610bc0dbf904108b9af94ca635e460c659638aee9bf543ad,1,JSON parsed; structural inspection
runs/FINAL_PRE_X13_DEADLINE_v1/synthetic_rows/9600dee90638321dbf48ecac83c49c3216ae88210935d81ca04b8604b2e64852.sha256,136,9a1a6ed6e0575357cc8ff7ff4be2a9d5ad8f7be61312f866af15e2d4c98979d7,,byte inventory
runs/FINAL_PRE_X13_DEADLINE_v1/synthetic_rows/964e97d793270644ffa914095b1cebc46d2f46c1264c90210c94cb14b93adafc.json,2245,130c700c74bce0277bcc460d4e1c277c7f1243d7a7c18595addff24e93fa779c,1,JSON parsed; structural inspection
runs/FINAL_PRE_X13_DEADLINE_v1/synthetic_rows/964e97d793270644ffa914095b1cebc46d2f46c1264c90210c94cb14b93adafc.sha256,136,4c4d012104255edb5440537f224be31ec0b30fcb500fc45e656362020201a1d3,,byte inventory
runs/FINAL_PRE_X13_DEADLINE_v1/synthetic_rows/9697f3de580f1c53c11595056cabbc4f9ad71ae1e8cb474b464ca00231647841.json,2244,32cc8cfdf461aa38c8d67805ff4dfacf6c9a5fe062185f5ad5b4f29baa142fbf,1,JSON parsed; structural inspection
runs/FINAL_PRE_X13_DEADLINE_v1/synthetic_rows/9697f3de580f1c53c11595056cabbc4f9ad71ae1e8cb474b464ca00231647841.sha256,136,b8cf789a18d6ad4c67e41b9ed6283bd98493ee20af4f76175beb5ecb3bd5c8a5,,byte inventory
runs/FINAL_PRE_X13_DEADLINE_v1/synthetic_rows/973a8822dca552f3f079f04acb6fb505bc5504bfeee103f79d38cb91915820f6.json,2234,bfb2c82eb4664bd0784e22d162ec1e3170411a634b24277baaf2453df266debc,1,JSON parsed; structural inspection
runs/FINAL_PRE_X13_DEADLINE_v1/synthetic_rows/973a8822dca552f3f079f04acb6fb505bc5504bfeee103f79d38cb91915820f6.sha256,136,4fe4874fd89c2163e3c0a3c71cde0ec6738690a8c845ec9c846048c420723cba,,byte inventory
runs/FINAL_PRE_X13_DEADLINE_v1/synthetic_rows/97b1232fb4d86e6f8f6b5b57316f6fb71247fa4e16be5a4c95eed527b0459ff9.json,2233,e17f3cc2a667214f02562d6b508226da0cf2fb5f7e5489bc9966ddcc2e6f5baa,1,JSON parsed; structural inspection
runs/FINAL_PRE_X13_DEADLINE_v1/synthetic_rows/97b1232fb4d86e6f8f6b5b57316f6fb71247fa4e16be5a4c95eed527b0459ff9.sha256,136,6e7b677337285e503ef34adf074ad413c6d174c0c760df761eb316ff2e87d87c,,byte inventory
runs/FINAL_PRE_X13_DEADLINE_v1/synthetic_rows/97fb96beb93d81fc3177dbb70711d53bf5d76637bdaa45bf3e83b5d613aac0d8.json,2238,c7c83afa4ce9e98d3e2fd29c2a171609ff0dfec876aa579a1789dc288f2cc3b7,1,JSON parsed; structural inspection
runs/FINAL_PRE_X13_DEADLINE_v1/synthetic_rows/97fb96beb93d81fc3177dbb70711d53bf5d76637bdaa45bf3e83b5d613aac0d8.sha256,136,373d986b87070163f314d40a5c1e2effa77777f3cefc25311088a1c76cd59bed,,byte inventory
runs/FINAL_PRE_X13_DEADLINE_v1/synthetic_rows/9886c4389ce08d6e4c88efac1857cb6e43dc3ab7104a11b4aff581fc82cc1882.json,2249,1a2c04b9b2395f44abf0e11f1e6407d4e273b7ff5ec3113b315330ca30b3a7e0,1,JSON parsed; structural inspection
runs/FINAL_PRE_X13_DEADLINE_v1/synthetic_rows/9886c4389ce08d6e4c88efac1857cb6e43dc3ab7104a11b4aff581fc82cc1882.sha256,136,930a163aae40293ca32729f9ce3729e8cda10ed7ccbc02b8befb2c05fe301be4,,byte inventory
runs/FINAL_PRE_X13_DEADLINE_v1/synthetic_rows/98ad0810f94afe81f667aca19a29dd8ce77bf4a19a87115d54eea70a1aa7ce22.json,2242,d3e6b88ab67fe855c896608814a54e3b4130cbe560f6b5b825fbf4fe4a594e8e,1,JSON parsed; structural inspection
runs/FINAL_PRE_X13_DEADLINE_v1/synthetic_rows/98ad0810f94afe81f667aca19a29dd8ce77bf4a19a87115d54eea70a1aa7ce22.sha256,136,baf4c17ac65e46f3d373e75be7af0ed7621a7318c84a049b8178e1fd7a1cda9f,,byte inventory
runs/FINAL_PRE_X13_DEADLINE_v1/synthetic_rows/98f9ada853421d846e36a4a54f390be7989b1899c4365fe9ed3509c079657827.json,2242,42bf1a60a2f5948461daa57236f3df47f000ed5207df1360f4e245d9dea786b3,1,JSON parsed; structural inspection
runs/FINAL_PRE_X13_DEADLINE_v1/synthetic_rows/98f9ada853421d846e36a4a54f390be7989b1899c4365fe9ed3509c079657827.sha256,136,b2250b19877999626640038630705064368c4064a605dc11951e31885e51c2a1,,byte inventory
runs/FINAL_PRE_X13_DEADLINE_v1/synthetic_rows/98ffaef33184edf77f1fd903df4f32f0508e86aa71761ba8c7cf4ddffa7e9935.json,2242,d5cbba29113151a69af457c24bc5fdc23e1f395c0efb3b702de296fc14fe27b9,1,JSON parsed; structural inspection
runs/FINAL_PRE_X13_DEADLINE_v1/synthetic_rows/98ffaef33184edf77f1fd903df4f32f0508e86aa71761ba8c7cf4ddffa7e9935.sha256,136,ee1a848b0d04428174d48858a96fd4bc833e5cb60b70510cedfc7aec1f700041,,byte inventory
runs/FINAL_PRE_X13_DEADLINE_v1/synthetic_rows/99310716636f375f09b7e73535c79cf6df5237c5a00f26e6772679bc7014cda1.json,2238,4fa9db84f338f3a6730a811d860b6f85b10e9c1b686f5729f6ffebae30b25ef6,1,JSON parsed; structural inspection
runs/FINAL_PRE_X13_DEADLINE_v1/synthetic_rows/99310716636f375f09b7e73535c79cf6df5237c5a00f26e6772679bc7014cda1.sha256,136,6cf24c96b8428dd14777a51544cf32440748e02bd5be7b056d11bb10d5e4546d,,byte inventory
runs/FINAL_PRE_X13_DEADLINE_v1/synthetic_rows/993dac175c6a6c6ea3b286fd773dac68db35c16f183fe6ed45aad90e0e729b43.json,2233,1c66d8b741deb89d05a9b4d43bffac1655e713a4838cbe2ffaa623b2afb5eac7,1,JSON parsed; structural inspection
runs/FINAL_PRE_X13_DEADLINE_v1/synthetic_rows/993dac175c6a6c6ea3b286fd773dac68db35c16f183fe6ed45aad90e0e729b43.sha256,136,9adab3ff752e741503e50fc95b25bc6ef0cef373079a90070a8d1e0b6a4d2681,,byte inventory
runs/FINAL_PRE_X13_DEADLINE_v1/synthetic_rows/9977bf7591eefdd015284e8854d85687676b67edef8520bc9b0154a511525846.json,2250,247ca3ebd92244b454ad63950da27a35904175b5e6e0e394bbf8312178d4e57f,1,JSON parsed; structural inspection
runs/FINAL_PRE_X13_DEADLINE_v1/synthetic_rows/9977bf7591eefdd015284e8854d85687676b67edef8520bc9b0154a511525846.sha256,136,5daa00fed59812d75cac090acafade4cb23ea2ffa883d6cc1c775a304340218a,,byte inventory
runs/FINAL_PRE_X13_DEADLINE_v1/synthetic_rows/997d92f593cd14e16a705d0c7c41a9ec48cf2aabe4c701933f53f63244eade79.json,2245,665f5c8efb9422b5c310a43e4876460e8739a04034378e0cd6fc9384ddd37b40,1,JSON parsed; structural inspection
runs/FINAL_PRE_X13_DEADLINE_v1/synthetic_rows/997d92f593cd14e16a705d0c7c41a9ec48cf2aabe4c701933f53f63244eade79.sha256,136,2398dc7a957f19b9aa26e9b0f8f75cbe2bd3a11a2d6015449beab9fd3f178b78,,byte inventory
runs/FINAL_PRE_X13_DEADLINE_v1/synthetic_rows/9989e1a42f1799d13885fbf7c3ab8d059cf43295a7cde426757a4b826de831da.json,2234,7b368fbed73578fd8d2d85d38d79dfe2cac028c0aa451c692df137464c8734ec,1,JSON parsed; structural inspection
runs/FINAL_PRE_X13_DEADLINE_v1/synthetic_rows/9989e1a42f1799d13885fbf7c3ab8d059cf43295a7cde426757a4b826de831da.sha256,136,804de86445b03f4e01a09de386c3833fd7c6d4e1b65d035eca600cb9d7955284,,byte inventory
runs/FINAL_PRE_X13_DEADLINE_v1/synthetic_rows/99cb5edfbc7575411eb878c7a4f4367a1681ec30ef89fcd148db8b59512acbfb.json,2243,2f368e4055ecd42b915b1574f0e7f86765a587332b277abb1b5bcfdbcc94f9ac,1,JSON parsed; structural inspection
runs/FINAL_PRE_X13_DEADLINE_v1/synthetic_rows/99cb5edfbc7575411eb878c7a4f4367a1681ec30ef89fcd148db8b59512acbfb.sha256,136,9d1ce44449a84d0c6cdacdcf24c5f8d4c72f5f082bc1849c97886a9e262899df,,byte inventory
runs/FINAL_PRE_X13_DEADLINE_v1/synthetic_rows/9a3a49bfc5f0e1631995ce3fb2279d7db6cb5e6c1f7e72bba6728634a4c71890.json,2236,2efbe8e51b3eb6dd11b91ad4587b0e20454b952389dc1cbb16d8c4151c16ab0f,1,JSON parsed; structural inspection
runs/FINAL_PRE_X13_DEADLINE_v1/synthetic_rows/9a3a49bfc5f0e1631995ce3fb2279d7db6cb5e6c1f7e72bba6728634a4c71890.sha256,136,48c65b64093620276d43ce31d0919087808bddfebea02cb7960534a94d7c7a8b,,byte inventory
runs/FINAL_PRE_X13_DEADLINE_v1/synthetic_rows/9a5c4efdfae85160006d131bd7cee62020a9d36ce6b1941f0f49dd88ab18cda0.json,2251,6bcdd6ddd2ab2a9f5e75fd135ec6f19ce7ba1959950ff18dc98aafb6a1f2fb01,1,JSON parsed; structural inspection
runs/FINAL_PRE_X13_DEADLINE_v1/synthetic_rows/9a5c4efdfae85160006d131bd7cee62020a9d36ce6b1941f0f49dd88ab18cda0.sha256,136,d14626f926e9e7084325d40d7a5760dd3b2007a9b9edc9b2df50576df9683a6c,,byte inventory
runs/FINAL_PRE_X13_DEADLINE_v1/synthetic_rows/9ae5db4f7b254af96faf8b9e6f9c8b5917945d2c6503c71c6c98f5393f61b803.json,2243,fba11dba5d19be5d7009f7d3472aed84ffc66bddaf08e710808587444d40102d,1,JSON parsed; structural inspection
runs/FINAL_PRE_X13_DEADLINE_v1/synthetic_rows/9ae5db4f7b254af96faf8b9e6f9c8b5917945d2c6503c71c6c98f5393f61b803.sha256,136,d4f95f66332cb5a8d9ede71a4193e517a514a671a36a91a5f4fa9f97236ea5b8,,byte inventory
runs/FINAL_PRE_X13_DEADLINE_v1/synthetic_rows/9b24ef029b6a7d08ab097877b8dba828c2d3f6ca1901ac27af91d15ccf0a0d97.json,2235,21be6f3b456ec2789f1232e583feea1e458c2dfbd4744c8d70a6b26e11a2360b,1,JSON parsed; structural inspection
runs/FINAL_PRE_X13_DEADLINE_v1/synthetic_rows/9b24ef029b6a7d08ab097877b8dba828c2d3f6ca1901ac27af91d15ccf0a0d97.sha256,136,790ca15aab3b49643fe4201ee0720aba0f574fef5d5cf111e62de8628b181d65,,byte inventory
runs/FINAL_PRE_X13_DEADLINE_v1/synthetic_rows/9b7940144ac06947e16b93530c696ed981c41c3d901903a4663a747a104065d0.json,2251,c67221cc92148fd4c41628a4138f24eff014bab7e53eafc8fe1a60843c73ba4c,1,JSON parsed; structural inspection
runs/FINAL_PRE_X13_DEADLINE_v1/synthetic_rows/9b7940144ac06947e16b93530c696ed981c41c3d901903a4663a747a104065d0.sha256,136,430c9f79563060b0cb4319b741aaa23dee67b5a76ce07509edf1cbf6adbf67ad,,byte inventory
runs/FINAL_PRE_X13_DEADLINE_v1/synthetic_rows/9b852ace3ddcc2c3ed338a809a8e89969932e726eab21abbbae69386762ef84d.json,2245,d0545f5243abd025c57a36dd334ee4e6a0a8c4b21f7685873659cb5c7c3b0645,1,JSON parsed; structural inspection
runs/FINAL_PRE_X13_DEADLINE_v1/synthetic_rows/9b852ace3ddcc2c3ed338a809a8e89969932e726eab21abbbae69386762ef84d.sha256,136,853917169be3137d382b701697507f15cf8e0cc7019ee95137a0730a0c0f0d12,,byte inventory
runs/FINAL_PRE_X13_DEADLINE_v1/synthetic_rows/9bafbdc21585a3adc508202535b1f0cd0e2a761456ae951524d4609dac03da5c.json,2236,dbd34397224d807cf10768b7d56a618de3e98612f1fc8f56e3dea53aafc4b5dc,1,JSON parsed; structural inspection
runs/FINAL_PRE_X13_DEADLINE_v1/synthetic_rows/9bafbdc21585a3adc508202535b1f0cd0e2a761456ae951524d4609dac03da5c.sha256,136,ae7164bb96ba86528de8fa236272b9a4b623f7afc8dbe4d550ad2908f8d3273b,,byte inventory
runs/FINAL_PRE_X13_DEADLINE_v1/synthetic_rows/9bbf72655862e6c803012778b92fb89e414648c4252df731c5ce754d2f39bcf9.json,2241,b590623abbba1b2137392ae1170261ee7534c5d02eb55615658f1a5298450498,1,JSON parsed; structural inspection
runs/FINAL_PRE_X13_DEADLINE_v1/synthetic_rows/9bbf72655862e6c803012778b92fb89e414648c4252df731c5ce754d2f39bcf9.sha256,136,81ac8a703b2f15bbdb009da2c995dc47344da240af7f4e2a185f8065486601f5,,byte inventory
runs/FINAL_PRE_X13_DEADLINE_v1/synthetic_rows/9bda19f6cda1cab03347e104b09dcfbefa029d85d56ed0c8a230d084e5ecc9ee.json,2238,253d9e49709d0014345d7f3cef856a2c193f59b11be3e9235da99d585851a8c0,1,JSON parsed; structural inspection
runs/FINAL_PRE_X13_DEADLINE_v1/synthetic_rows/9bda19f6cda1cab03347e104b09dcfbefa029d85d56ed0c8a230d084e5ecc9ee.sha256,136,d51a21d7fb5ee10c7e15c4daabe92db8d07c5253084267f1788435bb948249df,,byte inventory
runs/FINAL_PRE_X13_DEADLINE_v1/synthetic_rows/9c114eec7b9be22d45ed8187025534cc2ecc176f35559f714bc48a23dfba70a0.json,2234,c06a2db9cde89f3dfa75f2ce2c730dc3d6015fe4cceffa41a1a46d198cda50ec,1,JSON parsed; structural inspection
runs/FINAL_PRE_X13_DEADLINE_v1/synthetic_rows/9c114eec7b9be22d45ed8187025534cc2ecc176f35559f714bc48a23dfba70a0.sha256,136,9d603de86806f0c738134869866c6ac47503a825a3dd8955b0e326e6f20f04f4,,byte inventory
runs/FINAL_PRE_X13_DEADLINE_v1/synthetic_rows/9c8578c4a050c9bce9501897f0b760f30186f79a2096f539511f809fcdee82f7.json,2246,00d87982cea1d08619add95d5a09da1f6ce028c67efe44efc5dce35c8a0d329a,1,JSON parsed; structural inspection
runs/FINAL_PRE_X13_DEADLINE_v1/synthetic_rows/9c8578c4a050c9bce9501897f0b760f30186f79a2096f539511f809fcdee82f7.sha256,136,40c491b20af1971eddd82dedaeb497381d44772547ac87f789b8d3d06da6c42c,,byte inventory
runs/FINAL_PRE_X13_DEADLINE_v1/synthetic_rows/9c91d99fa69438668615164cc480132aafc7a0d1cec55854b6ea82d6d9bf5edb.json,2237,b2f3e133dee6ebbd7cde4aee0fe1a750dd9f443980ca98dc170496227b0cd43e,1,JSON parsed; structural inspection
runs/FINAL_PRE_X13_DEADLINE_v1/synthetic_rows/9c91d99fa69438668615164cc480132aafc7a0d1cec55854b6ea82d6d9bf5edb.sha256,136,9407238012ef138532e911fa8fd223f0fd3701ed98e96b37c7568bdffaf1de6c,,byte inventory
runs/FINAL_PRE_X13_DEADLINE_v1/synthetic_rows/9caddc6aefc3ba60e614963b18404517b0095a488510be1b9c5a966121bbde68.json,2242,5ff28eaab744d2cfe4b9f48bf92f1342e62e436c6f8a1cdbf9024ef5bbddd9b6,1,JSON parsed; structural inspection
runs/FINAL_PRE_X13_DEADLINE_v1/synthetic_rows/9caddc6aefc3ba60e614963b18404517b0095a488510be1b9c5a966121bbde68.sha256,136,e04b16f107a266cd648cae19e04a9fe49edc92039641f73ec71398ba086da600,,byte inventory
runs/FINAL_PRE_X13_DEADLINE_v1/synthetic_rows/9e45b7c95024b8d210ff281311401b53b134c14de635ef5d2b2643017a355cc9.json,2241,f780010b7a31027105730d314944d59dae2a2218aaefa29e4eae5cd0f4f9ec7c,1,JSON parsed; structural inspection
runs/FINAL_PRE_X13_DEADLINE_v1/synthetic_rows/9e45b7c95024b8d210ff281311401b53b134c14de635ef5d2b2643017a355cc9.sha256,136,d97c6e8b8290dc26c3a233294ac32f428067351edbb6f4599f965b80fa863993,,byte inventory
runs/FINAL_PRE_X13_DEADLINE_v1/synthetic_rows/9e5ad7d556763909abf6b0dd523f85468af29024e2ddf077e38152c5b58fddb0.json,2236,196d44581ad11a68068f2ee106e0c29d5b1f5e20a5dfa30bed701b6a3327fb40,1,JSON parsed; structural inspection
runs/FINAL_PRE_X13_DEADLINE_v1/synthetic_rows/9e5ad7d556763909abf6b0dd523f85468af29024e2ddf077e38152c5b58fddb0.sha256,136,7aa65a1abdaafb0549818ec9e1760fbcaad30fcf06749044c751d32a8a1a40b3,,byte inventory
runs/FINAL_PRE_X13_DEADLINE_v1/synthetic_rows/9e6398c7da746fba4fdbaf3e033471ee4ff27b628023a563e7d0bbf916b93bae.json,2235,701efb9bfd26d3e3050b357f0507590923d8dd474c8a002fe4870578f5b0f3b6,1,JSON parsed; structural inspection
runs/FINAL_PRE_X13_DEADLINE_v1/synthetic_rows/9e6398c7da746fba4fdbaf3e033471ee4ff27b628023a563e7d0bbf916b93bae.sha256,136,4435e94bfa5637d64dfe921bf5c5640f2c1d9a9f513a7648b85ca7cac26f2ab1,,byte inventory
runs/FINAL_PRE_X13_DEADLINE_v1/synthetic_rows/9ee362f8456b6d321db172cdd3537eb494b449781afd724a212246b62811f5ed.json,2242,4b50475c2d1e745434b72cabe965786d21bad1a8442b7445a4f5efc0e44e87d8,1,JSON parsed; structural inspection
runs/FINAL_PRE_X13_DEADLINE_v1/synthetic_rows/9ee362f8456b6d321db172cdd3537eb494b449781afd724a212246b62811f5ed.sha256,136,45e22c9fed1637eb1221d475929f8220be71f6cf1c34880cb7e2a7ee14c5e07c,,byte inventory
runs/FINAL_PRE_X13_DEADLINE_v1/synthetic_rows/9f124915399b6c088287318db8c89f1ba61b649f099c53b4fe719da816f00a7d.json,2244,a8d428ea6578c0cb0ea9ce9d496c4302d2bbb7598f5621d58ddfd022ee89ca2d,1,JSON parsed; structural inspection
runs/FINAL_PRE_X13_DEADLINE_v1/synthetic_rows/9f124915399b6c088287318db8c89f1ba61b649f099c53b4fe719da816f00a7d.sha256,136,f80320563babb909f1678ee886e4087df31df6573c1493278f57edf118643210,,byte inventory
runs/FINAL_PRE_X13_DEADLINE_v1/synthetic_rows/9f3bf0b3dbbc3b21e70be0f87c53e282a86a1e3e5878f5dd98a17407791d7c90.json,2241,e6fe34d6586602a099d0e1a3240537700eb713a2a1f16a9fc3218e8de85163cb,1,JSON parsed; structural inspection
runs/FINAL_PRE_X13_DEADLINE_v1/synthetic_rows/9f3bf0b3dbbc3b21e70be0f87c53e282a86a1e3e5878f5dd98a17407791d7c90.sha256,136,ed34cafe269d488b7d0bd07a6ac6d5dc95bbe95adff2f8beed2741acf565c96b,,byte inventory
runs/FINAL_PRE_X13_DEADLINE_v1/synthetic_rows/9ff0c963ea10a972fcfbaabadbf622eb9674620e3b80db70625d6499d5e6fa76.json,2247,98b54e78bf819669e088ad9032b62a53c8730b452495bdf8a1da9c6ffbcc508b,1,JSON parsed; structural inspection
runs/FINAL_PRE_X13_DEADLINE_v1/synthetic_rows/9ff0c963ea10a972fcfbaabadbf622eb9674620e3b80db70625d6499d5e6fa76.sha256,136,c72a9759a558d3e240fb67c4cec14d09df1a4649e5003f1ece77292c1d1a69de,,byte inventory
runs/FINAL_PRE_X13_DEADLINE_v1/synthetic_rows/a045666558834d5b8dea9887c4809cf672121bf142dd155d4e9d2a32622b0eb3.json,2231,22af8e1d5f15e04562a10f211c767b8bd846ac93414a5e7b4c1bfff780507d49,1,JSON parsed; structural inspection
runs/FINAL_PRE_X13_DEADLINE_v1/synthetic_rows/a045666558834d5b8dea9887c4809cf672121bf142dd155d4e9d2a32622b0eb3.sha256,136,70361aedbbe43ccc020416996f391d2ccd769e53ea83b51f2cb21e3d987e7387,,byte inventory
runs/FINAL_PRE_X13_DEADLINE_v1/synthetic_rows/a0c0db52919565947a91d0b92e3b00e2daff950870ee2c83a9da7a515721bed3.json,2233,eb16160e304a08e32b0f50a067ac51b0b262584b0a0b065729c51ae72106ceb1,1,JSON parsed; structural inspection
runs/FINAL_PRE_X13_DEADLINE_v1/synthetic_rows/a0c0db52919565947a91d0b92e3b00e2daff950870ee2c83a9da7a515721bed3.sha256,136,deb8724f53bc6201b41b966b1bfa275ed3c88771522ef5b8460342c1a657bec0,,byte inventory
runs/FINAL_PRE_X13_DEADLINE_v1/synthetic_rows/a0fc8d1dde435e7bae359415ba820eb15741fb5c8cd49aff4d8f723d7bac566e.json,2245,536003873f63934caa2d75d22518c97ddce659f80c8c89a7506e027034e9326f,1,JSON parsed; structural inspection
runs/FINAL_PRE_X13_DEADLINE_v1/synthetic_rows/a0fc8d1dde435e7bae359415ba820eb15741fb5c8cd49aff4d8f723d7bac566e.sha256,136,d5a2e6693efcbc550717d13ff348095c86070efcdcf94e4b39b90531436ce009,,byte inventory
runs/FINAL_PRE_X13_DEADLINE_v1/synthetic_rows/a14eb33930d2b59cae53b7652cd169f82ee15b694245560635569e12bda56027.json,2234,d1c10815f97a0acc30022503093015b28261e9c949cce15e5b7e8f126eb113f4,1,JSON parsed; structural inspection
runs/FINAL_PRE_X13_DEADLINE_v1/synthetic_rows/a14eb33930d2b59cae53b7652cd169f82ee15b694245560635569e12bda56027.sha256,136,244f3fdfd8f79a27e5056ca7dcebec95b7136750b565fdd78d950103f1b551ae,,byte inventory
runs/FINAL_PRE_X13_DEADLINE_v1/synthetic_rows/a182ca60cd12df8482d9e08167c27ad7c74080b2b6b8da0d623ca4f0543e24bb.json,2235,e991433da7c34ba9e5ba106a74a0132697bd78a431109a82e6d148d361f08c21,1,JSON parsed; structural inspection
runs/FINAL_PRE_X13_DEADLINE_v1/synthetic_rows/a182ca60cd12df8482d9e08167c27ad7c74080b2b6b8da0d623ca4f0543e24bb.sha256,136,5814abcccc138d9815835f2d9e74e8e269594135a8561271a2f0186263504c4b,,byte inventory
runs/FINAL_PRE_X13_DEADLINE_v1/synthetic_rows/a2016f3aaa9afc637865d6f975c084d1554fcaae0dd2bb1f40e6d2d2183c9768.json,2243,98d2fd6acd147d2acaf9feeeb09a71002781312f824b53e70de686d2d3929736,1,JSON parsed; structural inspection
runs/FINAL_PRE_X13_DEADLINE_v1/synthetic_rows/a2016f3aaa9afc637865d6f975c084d1554fcaae0dd2bb1f40e6d2d2183c9768.sha256,136,531f8767531b0c22968fa2436672062e9cffe304c1b394bb0f947d0d0ffc6d5f,,byte inventory
runs/FINAL_PRE_X13_DEADLINE_v1/synthetic_rows/a23dae22740cc2ca08b0b6b0724badf09e70db644e1d4a02df1b48eefb9e63cb.json,2243,12931860fcf97f2a3cb35662adb52b33a7d08a679a2aac9163528cd8ef95239d,1,JSON parsed; structural inspection
runs/FINAL_PRE_X13_DEADLINE_v1/synthetic_rows/a23dae22740cc2ca08b0b6b0724badf09e70db644e1d4a02df1b48eefb9e63cb.sha256,136,9b8c3123862e20cab70a9746fce3a241f1935f3e03fbb639ccdd81ab9c0aa4f1,,byte inventory
runs/FINAL_PRE_X13_DEADLINE_v1/synthetic_rows/a2aca80e745b6fa5dd8ea8fa41d60b5fa7aa7a79724af4f382ab561dc68373b0.json,2251,439660869a0dd8a115780f9d7b07c1f44d42332f418056b2cf0508ac68f1a5e7,1,JSON parsed; structural inspection
runs/FINAL_PRE_X13_DEADLINE_v1/synthetic_rows/a2aca80e745b6fa5dd8ea8fa41d60b5fa7aa7a79724af4f382ab561dc68373b0.sha256,136,01991628ab99f89f40f417873e110dde373cc16d8ccfa4b906c75e99da27bc2e,,byte inventory
runs/FINAL_PRE_X13_DEADLINE_v1/synthetic_rows/a2dbd8d96139d9c8c85eacf3fc12a6dd492b15dead91285a520f6604e61f3e98.json,2251,c56e65aad5d792d75db70b845013195fc3274d9441990e41bd2a30d14305a7e5,1,JSON parsed; structural inspection
runs/FINAL_PRE_X13_DEADLINE_v1/synthetic_rows/a2dbd8d96139d9c8c85eacf3fc12a6dd492b15dead91285a520f6604e61f3e98.sha256,136,a4128ffc9b64d819a34200b247daad7a8d77d95eac07b01c849b6765567d81d4,,byte inventory
runs/FINAL_PRE_X13_DEADLINE_v1/synthetic_rows/a2f38d5bb713fcb25e2233480619ac6d9e2c5a7853f623ffe2cf72b608e6074d.json,2247,1530217909dce77c8943d831af4554513bcde6471b3795014f2f6f1708e4ea62,1,JSON parsed; structural inspection
runs/FINAL_PRE_X13_DEADLINE_v1/synthetic_rows/a2f38d5bb713fcb25e2233480619ac6d9e2c5a7853f623ffe2cf72b608e6074d.sha256,136,0fca7d8b51ad8e72efd66217c86319fcd979ef176d92f162739accafcf8d23ed,,byte inventory
runs/FINAL_PRE_X13_DEADLINE_v1/synthetic_rows/a35979b89298c01f43d6c84c7e3fde599b82262ef54d17323b50de1bd1bc607b.json,2240,b78bd19704c07290e62b7296be4075c022dcedcc7563f36c0d4f3fc2d76c4169,1,JSON parsed; structural inspection
runs/FINAL_PRE_X13_DEADLINE_v1/synthetic_rows/a35979b89298c01f43d6c84c7e3fde599b82262ef54d17323b50de1bd1bc607b.sha256,136,0bf1f9722a0a83ceb6a2117de62cd5b740555e2500763f45723f3f9a1b6b158e,,byte inventory
runs/FINAL_PRE_X13_DEADLINE_v1/synthetic_rows/a377e811dd7718c41821f978964dc6569345be19fb4b1c2eff20377b91da0032.json,2233,e69b5a3ddcb0b0d9c6a307e292dc852e8bf09d1d1cac47ccd033df2eed7c4585,1,JSON parsed; structural inspection
runs/FINAL_PRE_X13_DEADLINE_v1/synthetic_rows/a377e811dd7718c41821f978964dc6569345be19fb4b1c2eff20377b91da0032.sha256,136,ea964f71d01bccb5f56220d0e4f3ac5b47b317cf2da0770ea39ec0475f49883a,,byte inventory
runs/FINAL_PRE_X13_DEADLINE_v1/synthetic_rows/a3a3275538603366f99d34c26d76a24f8266c3acc836c119c7551b9ab4c0ab9f.json,2251,56afafbd90da36f764078f60fdebcaa6b992196d3d3c557636f184ad204afd6e,1,JSON parsed; structural inspection
runs/FINAL_PRE_X13_DEADLINE_v1/synthetic_rows/a3a3275538603366f99d34c26d76a24f8266c3acc836c119c7551b9ab4c0ab9f.sha256,136,8eb4da0095f2775687fad18bedc23fc7d067b42e4fafaa76db438693d30f93fd,,byte inventory
runs/FINAL_PRE_X13_DEADLINE_v1/synthetic_rows/a3a9373b11b926581868bc5ff56a8fa7b2ed1dab5ecdd429dc94540283dfb6f4.json,2243,23ddd8298f5847e5b9b47372a91923ab7d946b234d5ccba0e16f2d6fc47f1e95,1,JSON parsed; structural inspection
runs/FINAL_PRE_X13_DEADLINE_v1/synthetic_rows/a3a9373b11b926581868bc5ff56a8fa7b2ed1dab5ecdd429dc94540283dfb6f4.sha256,136,da4220f24042c951e44d37c5c8d30623603d547549c0aa0b19d6217d42efca3d,,byte inventory
runs/FINAL_PRE_X13_DEADLINE_v1/synthetic_rows/a3bc153c572018ee8af62835391f0890c96e3cac128f8cbea30307cc2af79636.json,2234,4f22542a1a683dd58e903a9b9d36955533a438af3e02e0c860f5c2a7451d3b08,1,JSON parsed; structural inspection
runs/FINAL_PRE_X13_DEADLINE_v1/synthetic_rows/a3bc153c572018ee8af62835391f0890c96e3cac128f8cbea30307cc2af79636.sha256,136,0f6e23190455f1c7c8be1569f993a2a2ccedb1643ccdaa454c13a20f50d56181,,byte inventory
runs/FINAL_PRE_X13_DEADLINE_v1/synthetic_rows/a41c05a5da7c12d2be1f13b6f86bae9f9153b7d658df67e000d084e726ca61f3.json,2249,4f59dde0394b630a00d6dd77558ab19c31bbc90ec33220fc36ebe434e4bc9916,1,JSON parsed; structural inspection
runs/FINAL_PRE_X13_DEADLINE_v1/synthetic_rows/a41c05a5da7c12d2be1f13b6f86bae9f9153b7d658df67e000d084e726ca61f3.sha256,136,1dedeafd07f7c6c603df11fb87ed349d960c9b2d957d280bffaface69beac134,,byte inventory
runs/FINAL_PRE_X13_DEADLINE_v1/synthetic_rows/a477bded990c5dc74f1732662668f5a65af71a2aba409c4ccbcc8c4b544cbeba.json,2233,c42a6fc08ec90552a435b12727ef125a30919b6ac7dd447c34e30ebf190cb9bd,1,JSON parsed; structural inspection
runs/FINAL_PRE_X13_DEADLINE_v1/synthetic_rows/a477bded990c5dc74f1732662668f5a65af71a2aba409c4ccbcc8c4b544cbeba.sha256,136,c55d684016aa87dc658bca78d7f9224ba183aa9eb7d87939b1aaa6c94f0087d2,,byte inventory
runs/FINAL_PRE_X13_DEADLINE_v1/synthetic_rows/a4a0189003558868dbbc601a4d31e37d0dd7a4b3f52108f49bb47c85ff6db8a5.json,2236,79597b6a428093a53111df5ff1ea46f9f8e9f1ef79644e8d631bd61c0b1c0e38,1,JSON parsed; structural inspection
runs/FINAL_PRE_X13_DEADLINE_v1/synthetic_rows/a4a0189003558868dbbc601a4d31e37d0dd7a4b3f52108f49bb47c85ff6db8a5.sha256,136,118b2f599a8f5d85097f080fa48f02e4814723ca095b075dc5a925ec9f66e71a,,byte inventory
runs/FINAL_PRE_X13_DEADLINE_v1/synthetic_rows/a4e950d15821d6cc20581ffc2c24f7ed90c2c83477a086cd02c4311227cb9a9c.json,2244,6403823a3873709df8b58f02af3b2d8ed494d472a73930d23a4d58919a6f64f9,1,JSON parsed; structural inspection
runs/FINAL_PRE_X13_DEADLINE_v1/synthetic_rows/a4e950d15821d6cc20581ffc2c24f7ed90c2c83477a086cd02c4311227cb9a9c.sha256,136,393936f60a8f97ce7dbf105cc7b4867d3e87780ad99adb787862fe7d00cb94f0,,byte inventory
runs/FINAL_PRE_X13_DEADLINE_v1/synthetic_rows/a5309fbd61e3090ee48d32f9f3ea2c09f2dbb248ea0222c31570ad5e6d4fd3b4.json,2246,4034d3583c00f7204ece8cff941c60f7360eb19d9ae0b95273f247608cff6b74,1,JSON parsed; structural inspection
runs/FINAL_PRE_X13_DEADLINE_v1/synthetic_rows/a5309fbd61e3090ee48d32f9f3ea2c09f2dbb248ea0222c31570ad5e6d4fd3b4.sha256,136,555325d3aee6d97d3335877857ebd3f0051c0086fb7e85ccbcce3f74468966f9,,byte inventory
runs/FINAL_PRE_X13_DEADLINE_v1/synthetic_rows/a5908d6f827d79951e1f678d6e53ff11c53ba68911662ae1350c6bd0905424e9.json,2243,d564a046446d30998b3a979359bc50b50b3ee1d9768859f96a0e4b7e7cee4aae,1,JSON parsed; structural inspection
runs/FINAL_PRE_X13_DEADLINE_v1/synthetic_rows/a5908d6f827d79951e1f678d6e53ff11c53ba68911662ae1350c6bd0905424e9.sha256,136,366c5270347727a2d231245bce0689030b03e8193785b28ed8e34075253e123b,,byte inventory
runs/FINAL_PRE_X13_DEADLINE_v1/synthetic_rows/a5d3d3ce2118b15afcf6e66975f0d7209d6e6d456c9c70465d1225deeb492032.json,2243,bb7510386fa4e24e97bbbbf7eff3ff327ffba7d27947a26a279f6da87c0e14c6,1,JSON parsed; structural inspection
runs/FINAL_PRE_X13_DEADLINE_v1/synthetic_rows/a5d3d3ce2118b15afcf6e66975f0d7209d6e6d456c9c70465d1225deeb492032.sha256,136,0736b649bef8d1efb5568d7c11e6ba798915bcf21087463a59752f4b1fee5fe5,,byte inventory
runs/FINAL_PRE_X13_DEADLINE_v1/synthetic_rows/a6170f6540babb795f78da4659835420ca90a9bbee0d9fe3f161f0f67fb20ebf.json,2242,fa25196e7860220fa5b20a75ee9d42fde286c7d3620cf7f14c4080ef71562e47,1,JSON parsed; structural inspection
runs/FINAL_PRE_X13_DEADLINE_v1/synthetic_rows/a6170f6540babb795f78da4659835420ca90a9bbee0d9fe3f161f0f67fb20ebf.sha256,136,395bcbddfc7fd2bf465a499ca48ec17bcb68b88210efb282aafc59a2b0023de5,,byte inventory
runs/FINAL_PRE_X13_DEADLINE_v1/synthetic_rows/a632d70327fca58ba4519d0904f6764f4680d62ab552300b28cf8c1766b3253e.json,2250,d828b79c72060588a7adfab760a057e13ae0c7948fb445ed0f4cd6c9347a7b75,1,JSON parsed; structural inspection
runs/FINAL_PRE_X13_DEADLINE_v1/synthetic_rows/a632d70327fca58ba4519d0904f6764f4680d62ab552300b28cf8c1766b3253e.sha256,136,8bbff819a4f8f9b199b4505f50bb319a39785f027b0ec0d265e2e846a595a24a,,byte inventory
runs/FINAL_PRE_X13_DEADLINE_v1/synthetic_rows/a6a7cc59a1de5dd1018d32672c7673208594256b60f3a7605495ed3b1c41838d.json,2251,c72b51745262cb036aa76a60e25b0d8451d3bda3c98e57acb16d9b89b16d74a8,1,JSON parsed; structural inspection
runs/FINAL_PRE_X13_DEADLINE_v1/synthetic_rows/a6a7cc59a1de5dd1018d32672c7673208594256b60f3a7605495ed3b1c41838d.sha256,136,69788da91dd964077842ceaa3d959b616499ebded9e192b6e50652629b44e1f1,,byte inventory
runs/FINAL_PRE_X13_DEADLINE_v1/synthetic_rows/a6d313c2c2f3826224d5214384ce5bfcda87bca703926e32cfbd97829dc2a224.json,2243,77e46fcfa68d70895d4a9bdab89ccd5a5c345d03986e7194d3d6c7aa6e39890e,1,JSON parsed; structural inspection
runs/FINAL_PRE_X13_DEADLINE_v1/synthetic_rows/a6d313c2c2f3826224d5214384ce5bfcda87bca703926e32cfbd97829dc2a224.sha256,136,91f8d825c896b84650a70b0134ea21cfa04e3fcd94f61dee27bd74c06ef94200,,byte inventory
runs/FINAL_PRE_X13_DEADLINE_v1/synthetic_rows/a6d4d71f7454a89ef0c1a0b5fa41959df9a270e44eb9b77767e3ef83a29b0281.json,2254,1f36cf1afeab351b379fa2f80502ef7e1bc798cb2ce9eb383b9cc95fbf0452f0,1,JSON parsed; structural inspection
runs/FINAL_PRE_X13_DEADLINE_v1/synthetic_rows/a6d4d71f7454a89ef0c1a0b5fa41959df9a270e44eb9b77767e3ef83a29b0281.sha256,136,368ebfc627b8c96d5d53535dfb771f3b78d08fed6ad19bd18203575475ff2f52,,byte inventory
runs/FINAL_PRE_X13_DEADLINE_v1/synthetic_rows/a704f9f581010a7c8a0e203b8c3725c363b855ce875679c07610a25db165f5bf.json,2240,cbcabccd2762042c3f4a2247d9bbc40e47ded002395163b296113ac817da286e,1,JSON parsed; structural inspection
runs/FINAL_PRE_X13_DEADLINE_v1/synthetic_rows/a704f9f581010a7c8a0e203b8c3725c363b855ce875679c07610a25db165f5bf.sha256,136,cd550602a0116693a5cfac71f6535161c7f33c5ee3b119df109f7bf24506a9c4,,byte inventory
runs/FINAL_PRE_X13_DEADLINE_v1/synthetic_rows/a7221379b04f069b55d4c9a12bfa884e0bfcab10255e570d131e52a0554b60fd.json,2247,3e8ef35f92d4f99b9ea7a53683061f3790714b4bae1a9ae1f25866d414a83a8a,1,JSON parsed; structural inspection
runs/FINAL_PRE_X13_DEADLINE_v1/synthetic_rows/a7221379b04f069b55d4c9a12bfa884e0bfcab10255e570d131e52a0554b60fd.sha256,136,b20aaa541b500fe706c1406de2b4caae274ecef79e2dd2f1e10ebb643e917c56,,byte inventory
runs/FINAL_PRE_X13_DEADLINE_v1/synthetic_rows/a774577dbf920267103a1876a11a0cb9d6c7dec7401385c3aa1296b727eb9ca1.json,2241,c223ce62594f48dd76151e895a3dcf698998012402843169c6c513d1f2c36b82,1,JSON parsed; structural inspection
runs/FINAL_PRE_X13_DEADLINE_v1/synthetic_rows/a774577dbf920267103a1876a11a0cb9d6c7dec7401385c3aa1296b727eb9ca1.sha256,136,060983a3d9060f29088d78bbeafb703a1bbeb8a699e4ce03b32b76070ea8c345,,byte inventory
runs/FINAL_PRE_X13_DEADLINE_v1/synthetic_rows/a7da6c465568764c06f2668dd784867e5aa2d315423b696a96f3f5b823bfc291.json,2235,b80a1542ddac7edaca02630dd809f51b8b93986eb2f325eccfd9ef79381eaf3f,1,JSON parsed; structural inspection
runs/FINAL_PRE_X13_DEADLINE_v1/synthetic_rows/a7da6c465568764c06f2668dd784867e5aa2d315423b696a96f3f5b823bfc291.sha256,136,64921c8da134937a04a7141eb9c512fa0536a88a0325df016baa001e4eb28c9b,,byte inventory
runs/FINAL_PRE_X13_DEADLINE_v1/synthetic_rows/a816d584e31b11e666a84c42a78bc890d60753b6526676da18065465d22add12.json,2248,79090b6928be7669be752847a7f0ae2853ada9465ab00c07f44bfda2d4ab73d1,1,JSON parsed; structural inspection
runs/FINAL_PRE_X13_DEADLINE_v1/synthetic_rows/a816d584e31b11e666a84c42a78bc890d60753b6526676da18065465d22add12.sha256,136,95b67a09174eab1b0d5645382f7e0751a2ca852567c0e7f3c764dc393726f4c9,,byte inventory
runs/FINAL_PRE_X13_DEADLINE_v1/synthetic_rows/a878840221f3275876e243f1461b4ebe960790376b330b1d5a24063fa39fdfa3.json,2234,a2f874e1cca2a45d61cf91fc6157e8eabec98a959dd22c8debc594c65421d14b,1,JSON parsed; structural inspection
runs/FINAL_PRE_X13_DEADLINE_v1/synthetic_rows/a878840221f3275876e243f1461b4ebe960790376b330b1d5a24063fa39fdfa3.sha256,136,fec7cdf38115d3bbaf270c18a75077d20218488c7fcdf4fd03180888798ca851,,byte inventory
runs/FINAL_PRE_X13_DEADLINE_v1/synthetic_rows/a88ed16a9de4afbab4597cdc12518a7cb6334d6afc41b4f344a9e326f7e38508.json,2235,6268247086053f1d9f5700b3bdb9a42dc827f2aca5b036324a69525a4585237e,1,JSON parsed; structural inspection
runs/FINAL_PRE_X13_DEADLINE_v1/synthetic_rows/a88ed16a9de4afbab4597cdc12518a7cb6334d6afc41b4f344a9e326f7e38508.sha256,136,08b7037979ac7f86942e9225682eb5a7d824fd76071a20568e128c539fe8c0a7,,byte inventory
runs/FINAL_PRE_X13_DEADLINE_v1/synthetic_rows/aa20903f1fc54a277fc0305a356dbd5f80e6ab2cf17676084302b9f9e27109b3.json,2247,0018b4570eab111d7d2a4ffcb91c6084c2774070d45abb5fcf65f15bee800100,1,JSON parsed; structural inspection
runs/FINAL_PRE_X13_DEADLINE_v1/synthetic_rows/aa20903f1fc54a277fc0305a356dbd5f80e6ab2cf17676084302b9f9e27109b3.sha256,136,640c10bc3c5af1498a05d1cb90d9f3fb698b1afdae2d55c445e3820c3fd19a34,,byte inventory
runs/FINAL_PRE_X13_DEADLINE_v1/synthetic_rows/aa2e33d0b045ccc55e5b6fa2e059f768189ad5bd42d81329e8f945a185de4e59.json,2245,e035983437e71c4ae6c6b75a76be1eb3a921f6ea338656c8a099635edbba18d8,1,JSON parsed; structural inspection
runs/FINAL_PRE_X13_DEADLINE_v1/synthetic_rows/aa2e33d0b045ccc55e5b6fa2e059f768189ad5bd42d81329e8f945a185de4e59.sha256,136,d8a00e37c033fd12de6a53b5a71f4f3e6b8bbd4489c96e308b35006d6705f5b5,,byte inventory
runs/FINAL_PRE_X13_DEADLINE_v1/synthetic_rows/aa97dc0d6f87867ccf160931e33de3ec08c6d014caf72447281316f47f2b99c1.json,2251,4bfa36e81c20c0756355602e73cc7c5dde226c22aa6e0bfc551cd56acfc221c1,1,JSON parsed; structural inspection
runs/FINAL_PRE_X13_DEADLINE_v1/synthetic_rows/aa97dc0d6f87867ccf160931e33de3ec08c6d014caf72447281316f47f2b99c1.sha256,136,ba45086586071794bc990e1cd945d0dff234122a748ba71b7a3d33d191190468,,byte inventory
runs/FINAL_PRE_X13_DEADLINE_v1/synthetic_rows/aaa4af51e82e906c314c8b24e75509eb9ab33db7890f5f70ac17cb9957e1cde1.json,2243,e29355a0e24b61ddd49765088c033095e22f5c03ff5ad0e69828095c5ae7d088,1,JSON parsed; structural inspection
runs/FINAL_PRE_X13_DEADLINE_v1/synthetic_rows/aaa4af51e82e906c314c8b24e75509eb9ab33db7890f5f70ac17cb9957e1cde1.sha256,136,c5ab2dab400af5a61ae09441f6f8b4fa89a1174fea76d3a54ed6f8f600fa0176,,byte inventory
runs/FINAL_PRE_X13_DEADLINE_v1/synthetic_rows/aaa987f3926d33877a2cb46f0657ee8a790bc924ed5ec9c1e9351956a01eb3a6.json,2245,6f07e6df5017e31aad5e7940b6050b15864467393698694df89052303990f357,1,JSON parsed; structural inspection
runs/FINAL_PRE_X13_DEADLINE_v1/synthetic_rows/aaa987f3926d33877a2cb46f0657ee8a790bc924ed5ec9c1e9351956a01eb3a6.sha256,136,bff30efa355f879a7ebf97d67623a373c827a280a5923c215340c2dae875b992,,byte inventory
runs/FINAL_PRE_X13_DEADLINE_v1/synthetic_rows/aaaeeacb49961170a3b67e83606c92136aafd1b79c97d037544d6ddbca09c39d.json,2243,d961bfaba79ea99f32d0e34762dbae23e1aedd0048dec90200735c19de9eacfc,1,JSON parsed; structural inspection
runs/FINAL_PRE_X13_DEADLINE_v1/synthetic_rows/aaaeeacb49961170a3b67e83606c92136aafd1b79c97d037544d6ddbca09c39d.sha256,136,d8812aac477b1559f8509ca4d0e25625580240559d332a6a15cf5cabae498ba3,,byte inventory
runs/FINAL_PRE_X13_DEADLINE_v1/synthetic_rows/ab2bd5706b17c33e971ba2f18a69a31ed51c7ab14908605e051872995300082f.json,2247,57e176716ad8ffd11f3ab1a28f131dd0d2644ff84202ba0d9cb12014a984adec,1,JSON parsed; structural inspection
runs/FINAL_PRE_X13_DEADLINE_v1/synthetic_rows/ab2bd5706b17c33e971ba2f18a69a31ed51c7ab14908605e051872995300082f.sha256,136,eb371442cc7c6f2bf2c2befee0a8bca1629dfe2e80aef704eb8509ef051a8e7b,,byte inventory
runs/FINAL_PRE_X13_DEADLINE_v1/synthetic_rows/ab3a116fc58aa1e4925c0565dc72f20807511da0b650453742edf8dc73946027.json,2249,8c71dc9717e52d0b07cb2b2c4331c9924856f9592f2605d97ba16d9e236a0c52,1,JSON parsed; structural inspection
runs/FINAL_PRE_X13_DEADLINE_v1/synthetic_rows/ab3a116fc58aa1e4925c0565dc72f20807511da0b650453742edf8dc73946027.sha256,136,fb2421d15c5957500d1b53e4f54d66d2361cb2333e5077936d02556d3dce09ae,,byte inventory
runs/FINAL_PRE_X13_DEADLINE_v1/synthetic_rows/ab5b3ca90c4df8545c847ef02d7f7af9552db9fdc5e94d38c582cbf87d2214ab.json,2244,23ccf549210998c40ac4dede4ac2c0ab327af28eaadbb40a6654fd4c73ac316c,1,JSON parsed; structural inspection
runs/FINAL_PRE_X13_DEADLINE_v1/synthetic_rows/ab5b3ca90c4df8545c847ef02d7f7af9552db9fdc5e94d38c582cbf87d2214ab.sha256,136,41e93264438dcb8573bad858167504b074d714d97f967da7ec15a3b4fd582bdf,,byte inventory
runs/FINAL_PRE_X13_DEADLINE_v1/synthetic_rows/abbcf26e47f416e767d1215587ab788b58f33672990ccc60949ebf56d253464d.json,2234,bcd940a866f658efd9d84cab5950dacdc0191cf87c1aaa0f79f4a3a7687a81a1,1,JSON parsed; structural inspection
runs/FINAL_PRE_X13_DEADLINE_v1/synthetic_rows/abbcf26e47f416e767d1215587ab788b58f33672990ccc60949ebf56d253464d.sha256,136,e6a74b5b75a2e8700ae8699acfb7a6e8754fcab34d431a308f6da03c9cda8d1b,,byte inventory
runs/FINAL_PRE_X13_DEADLINE_v1/synthetic_rows/abbde020cdcf956096795eeb708fcc9c9972fece8c469847cdee333545a4ac4e.json,2242,9810ac1b4376b3e9317915340e0003a2d54ffeac6fde5019fb5926076e78b386,1,JSON parsed; structural inspection
runs/FINAL_PRE_X13_DEADLINE_v1/synthetic_rows/abbde020cdcf956096795eeb708fcc9c9972fece8c469847cdee333545a4ac4e.sha256,136,bbe8439df6406889c7ba863016d5aa4e44d97d062f6b94d7868cf53106cdf513,,byte inventory
runs/FINAL_PRE_X13_DEADLINE_v1/synthetic_rows/abfebfbaf8e3a2030808cc71b0cfbd3772cf1daf47e4365b193dbe59a90c91d9.json,2242,8489f35838e21ad289d2c5e65f7c9fcab1c25d1de3688e4866f54fee2d68f650,1,JSON parsed; structural inspection
runs/FINAL_PRE_X13_DEADLINE_v1/synthetic_rows/abfebfbaf8e3a2030808cc71b0cfbd3772cf1daf47e4365b193dbe59a90c91d9.sha256,136,18195d2137450871723cffb047e46e0f7533f4e606dacdc0b09be166d6112207,,byte inventory
runs/FINAL_PRE_X13_DEADLINE_v1/synthetic_rows/ac48433d7900b01269140d530b84b258952f0cef67279e52b8c8d05243091bf8.json,2243,a204037265e4de7f6175501096343535553c60c2b95cac84516f967af0db5ff9,1,JSON parsed; structural inspection
runs/FINAL_PRE_X13_DEADLINE_v1/synthetic_rows/ac48433d7900b01269140d530b84b258952f0cef67279e52b8c8d05243091bf8.sha256,136,0a64ddf838a3164af1f86027d58da10417be7e2658ab05cdd9702f67d82f4eec,,byte inventory
runs/FINAL_PRE_X13_DEADLINE_v1/synthetic_rows/acdfc809d329587b3506934d0ef3a0201fb4eebc9cb132167612fb096bd20125.json,2255,ab23c90efb925470a359abd8f87bec2161978db0c3ecfca5fc2fc0e9c43608b8,1,JSON parsed; structural inspection
runs/FINAL_PRE_X13_DEADLINE_v1/synthetic_rows/acdfc809d329587b3506934d0ef3a0201fb4eebc9cb132167612fb096bd20125.sha256,136,d9ae2680c9eaf5f8ef2a8c0fab3273c97fbcdafa8b20fc0d0059970d1c86510a,,byte inventory
runs/FINAL_PRE_X13_DEADLINE_v1/synthetic_rows/acfa053b9db707a2dd1f5b4b4a69cefe4e4363f7e51889e74ecc622843181ce2.json,2242,163b26ad3dfdde2f2eae24f03254ce9ffa6f00b93d8ab439a14c14801a2a8a2c,1,JSON parsed; structural inspection
runs/FINAL_PRE_X13_DEADLINE_v1/synthetic_rows/acfa053b9db707a2dd1f5b4b4a69cefe4e4363f7e51889e74ecc622843181ce2.sha256,136,f762ae53434f87d1cf4913b3b3e05eece6af8862a5422a9173198cf39c65b6c8,,byte inventory
runs/FINAL_PRE_X13_DEADLINE_v1/synthetic_rows/ad2284bcd3492667fbfda3c5b946d8d07acdc7b2050b90978aed44b35d2dabb8.json,2233,8e3053a0520993a40f7ad392ee50c0c3b5b2c65087a8f27aa17ebf7011df6a45,1,JSON parsed; structural inspection
runs/FINAL_PRE_X13_DEADLINE_v1/synthetic_rows/ad2284bcd3492667fbfda3c5b946d8d07acdc7b2050b90978aed44b35d2dabb8.sha256,136,a9625fe3ab5e166a0823fe23be80eee43adef921050649e86cd4869ee586a2db,,byte inventory
runs/FINAL_PRE_X13_DEADLINE_v1/synthetic_rows/ad6491c09a07a655749ea82695a4379bd0b5725f6341ecac55b72042d7dd1d9e.json,2252,8d7c33d101db8d8fc8466ac48eb02d82235f5c229fa86df25c7271f845486679,1,JSON parsed; structural inspection
runs/FINAL_PRE_X13_DEADLINE_v1/synthetic_rows/ad6491c09a07a655749ea82695a4379bd0b5725f6341ecac55b72042d7dd1d9e.sha256,136,108c3ed1d59440eb6532c44a406584381ab11f1201c1722cf2bd1895c206a067,,byte inventory
runs/FINAL_PRE_X13_DEADLINE_v1/synthetic_rows/ad7612e9faf73b39029585260e524d5dea8730fe510f7044a9d4bd3ac461f260.json,2243,43c00230627c96ad834466ff90aabf2b12e835b7920ff1a4d305bbe3ad872f31,1,JSON parsed; structural inspection
runs/FINAL_PRE_X13_DEADLINE_v1/synthetic_rows/ad7612e9faf73b39029585260e524d5dea8730fe510f7044a9d4bd3ac461f260.sha256,136,3dcb511217f3c13da537538210a242925fef121327c2437fa6db4a160a39cefe,,byte inventory
runs/FINAL_PRE_X13_DEADLINE_v1/synthetic_rows/add23fb091ad7ee1eb298d2667770839df46c2b954f03928676a424a0042aee8.json,2251,103ffce9d56dcf2d8453fddc1ca90f093c05a08e285c142c67e0f008be1b9228,1,JSON parsed; structural inspection
runs/FINAL_PRE_X13_DEADLINE_v1/synthetic_rows/add23fb091ad7ee1eb298d2667770839df46c2b954f03928676a424a0042aee8.sha256,136,285a52b676c55f63562532282482a64a74c1b86c97ea2d2d09ec3f6acdf7d68d,,byte inventory
runs/FINAL_PRE_X13_DEADLINE_v1/synthetic_rows/add6a2671e759cbf1af37b96fc3435bb32fea22267482e72eda55ee917fc9750.json,2251,b37bf87e56ed17a5b5914d104a147da86b58d36f24491c71ce689a6c07eb048f,1,JSON parsed; structural inspection
runs/FINAL_PRE_X13_DEADLINE_v1/synthetic_rows/add6a2671e759cbf1af37b96fc3435bb32fea22267482e72eda55ee917fc9750.sha256,136,18735a6179643248669cb6f986a0264205ac198953e729e13b9af2a3287e0024,,byte inventory
runs/FINAL_PRE_X13_DEADLINE_v1/synthetic_rows/ae1f3b1e144ed5a6b9503a700ebf06b7ed72e3f19e514cc591505a67504add14.json,2256,9789ab5b59770e5c6f0d5745ce70a523fed50a1b63942803d2034ec5c5d4f5b1,1,JSON parsed; structural inspection
runs/FINAL_PRE_X13_DEADLINE_v1/synthetic_rows/ae1f3b1e144ed5a6b9503a700ebf06b7ed72e3f19e514cc591505a67504add14.sha256,136,8b5e4d8fcfb0ed3d8714efa89d4f1905076955d65966b1dc0e75ee894eaa9cb7,,byte inventory
runs/FINAL_PRE_X13_DEADLINE_v1/synthetic_rows/ae88748119360f921de957e024ecee5a59091cc0d6420522cfee4844c5c892b9.json,2254,e4b42384b3a4a3f77a17e59063ca03138151fa108a3414c4c4ef72a6ef6823ed,1,JSON parsed; structural inspection
runs/FINAL_PRE_X13_DEADLINE_v1/synthetic_rows/ae88748119360f921de957e024ecee5a59091cc0d6420522cfee4844c5c892b9.sha256,136,cbeea745606b76b178808cdfff583ee1f7ceb72172faa3fb81c3912b039460b0,,byte inventory
runs/FINAL_PRE_X13_DEADLINE_v1/synthetic_rows/aeb73f4e5605f3e6e3b48ff4bfb611f1144dc73625103d37ab7dc4f0a4166d4e.json,2252,ae89660ce3f095e6c5d33a3d3bc1d1711ac2681bb46fba7c56c74cec8eb95a94,1,JSON parsed; structural inspection
runs/FINAL_PRE_X13_DEADLINE_v1/synthetic_rows/aeb73f4e5605f3e6e3b48ff4bfb611f1144dc73625103d37ab7dc4f0a4166d4e.sha256,136,df51adde1c2f24420ee147aa227762dbdfd3113281335e93907206cb05d075e6,,byte inventory
runs/FINAL_PRE_X13_DEADLINE_v1/synthetic_rows/af9a29961f6f0461ed5fbe9764f371c9b3bd19760068f0648a90d5cc8b8b4918.json,2256,29cdfe77b7a0c31b4913bb4493719ccbdb829ccbb245c0791e64305c209d9bc1,1,JSON parsed; structural inspection
runs/FINAL_PRE_X13_DEADLINE_v1/synthetic_rows/af9a29961f6f0461ed5fbe9764f371c9b3bd19760068f0648a90d5cc8b8b4918.sha256,136,96a7b5270b3a69985d9140afc640cf091e8676fd0910f81dbbbd5ebd22d3a469,,byte inventory
runs/FINAL_PRE_X13_DEADLINE_v1/synthetic_rows/afec869671603db28ec0f039eac8928101388f884be74026f11429e5f82c14d1.json,2238,d207ace5e71574d04d9ca055934545db2a818c60be4bd9d9cefea5fce733ebcf,1,JSON parsed; structural inspection
runs/FINAL_PRE_X13_DEADLINE_v1/synthetic_rows/afec869671603db28ec0f039eac8928101388f884be74026f11429e5f82c14d1.sha256,136,c2cd5fd47e908750f47ab9b0d705805346e6208b3d1c8fbf39e082ec90e80ee5,,byte inventory
runs/FINAL_PRE_X13_DEADLINE_v1/synthetic_rows/b0eddc1ccf2decbcc34f50acaf3d0e91f426709e0acb03baf03a62a7eead3125.json,2252,7348808019d15ba4466fe3cb34d302ee02a5b77f9af6589f9dbbdd13a765fe19,1,JSON parsed; structural inspection
runs/FINAL_PRE_X13_DEADLINE_v1/synthetic_rows/b0eddc1ccf2decbcc34f50acaf3d0e91f426709e0acb03baf03a62a7eead3125.sha256,136,c0062674028c6a0ee82462b420078daa61645abf01dbe524c6e195c12a8daef5,,byte inventory
runs/FINAL_PRE_X13_DEADLINE_v1/synthetic_rows/b1820185790e43eb9f101ea74ee4e061eb3f45c5cb262cdc0a431ea421869544.json,2243,bedd511915ea6f1237d3f82a7c11f679aaa5172646f801651d1031b1fe4d2741,1,JSON parsed; structural inspection
runs/FINAL_PRE_X13_DEADLINE_v1/synthetic_rows/b1820185790e43eb9f101ea74ee4e061eb3f45c5cb262cdc0a431ea421869544.sha256,136,3247f805578b0c41a5d3cc4655a8af1956df0fc6d8058e95e7aeb6082511d748,,byte inventory
runs/FINAL_PRE_X13_DEADLINE_v1/synthetic_rows/b1baa28a54cdf839c3e68274d82b7f89bf25798a1e2a4ccb3c5debdd759a5dd5.json,2254,5513d16b889d4ddbe62bc7d464142787dab589765e9f9a105bfa086706d73ea2,1,JSON parsed; structural inspection
runs/FINAL_PRE_X13_DEADLINE_v1/synthetic_rows/b1baa28a54cdf839c3e68274d82b7f89bf25798a1e2a4ccb3c5debdd759a5dd5.sha256,136,0e63c713ef02b5c0e6241b758f0c7d7665f8eaa548bb55747ca7fc942e5769dd,,byte inventory
runs/FINAL_PRE_X13_DEADLINE_v1/synthetic_rows/b1ed2aff95105b046ec1990787385fc0a807e92e038000b02e71d4111c2ec15f.json,2243,59f76e88afbf04177a75c801421f3271529824367ec7c0beb16648520ae9f51b,1,JSON parsed; structural inspection
runs/FINAL_PRE_X13_DEADLINE_v1/synthetic_rows/b1ed2aff95105b046ec1990787385fc0a807e92e038000b02e71d4111c2ec15f.sha256,136,c7e7d3ee9c37aae92fa37abcec79463d3a886bb0c3c627c452c6699c1e8db437,,byte inventory
runs/FINAL_PRE_X13_DEADLINE_v1/synthetic_rows/b27ac7f831bacec99cbfbcdb20a5a3c5c2fbbca21a02cf0f4b9ea1818ac577be.json,2250,762a5ccdc2a48ada894802394cc8d035178c5ee416d87de73a72d5204e4e4699,1,JSON parsed; structural inspection
runs/FINAL_PRE_X13_DEADLINE_v1/synthetic_rows/b27ac7f831bacec99cbfbcdb20a5a3c5c2fbbca21a02cf0f4b9ea1818ac577be.sha256,136,e6ea21d72cc11f5b1cc73586f398a27b675bc02f2c1d5ebee8561d16fbd9424e,,byte inventory
runs/FINAL_PRE_X13_DEADLINE_v1/synthetic_rows/b2a9bca29428e5c39913dd4ecbb8562e10a701cc45b11b337ef6fb42b0485705.json,2241,fa276ae49efee426dd200b7e722bff9245ae7a485cf59d2b0c6d7e0190467867,1,JSON parsed; structural inspection
runs/FINAL_PRE_X13_DEADLINE_v1/synthetic_rows/b2a9bca29428e5c39913dd4ecbb8562e10a701cc45b11b337ef6fb42b0485705.sha256,136,1f93888edcb0f08b4e51f335870811bc7607ad945732a3a1261662ebe380f0b0,,byte inventory
runs/FINAL_PRE_X13_DEADLINE_v1/synthetic_rows/b2f9e1483bce5f1cb00e46db504957862b05afb0e37b46eccf9e3171e51cfeed.json,2244,2588d750048ba98d6ef75a7eac294b3689805f5e0e8bd83862bd01826cc19c57,1,JSON parsed; structural inspection
runs/FINAL_PRE_X13_DEADLINE_v1/synthetic_rows/b2f9e1483bce5f1cb00e46db504957862b05afb0e37b46eccf9e3171e51cfeed.sha256,136,bffad213cb05ac14a6bc07e356d59b47a1d1edad6a45ad8652c57f777c308ce6,,byte inventory
runs/FINAL_PRE_X13_DEADLINE_v1/synthetic_rows/b3034f71f76e039bf1a674685fb86d087717d4a595098e5aa4e8d8a724e1fef2.json,2235,e29a16caf17113e4ba09f88962dddaa78c92d85bc1de0761c09572fc017593f9,1,JSON parsed; structural inspection
runs/FINAL_PRE_X13_DEADLINE_v1/synthetic_rows/b3034f71f76e039bf1a674685fb86d087717d4a595098e5aa4e8d8a724e1fef2.sha256,136,a4430833b14e3082a8de16367a3be81efe66e61c8eae853e0efb3366b65af232,,byte inventory
runs/FINAL_PRE_X13_DEADLINE_v1/synthetic_rows/b37855ebd8cfcd5f129abfdf01b519d8a61897656fca770f97974754944d9960.json,2244,41eb08c13018359f85a5776cd56456a5284c2832af60507e7ec6d107bc133e23,1,JSON parsed; structural inspection
runs/FINAL_PRE_X13_DEADLINE_v1/synthetic_rows/b37855ebd8cfcd5f129abfdf01b519d8a61897656fca770f97974754944d9960.sha256,136,2279f27e33d333f5616e6e2aeeddf0ef9dcb68ab304553f892a1df8f801f9aa7,,byte inventory
runs/FINAL_PRE_X13_DEADLINE_v1/synthetic_rows/b38c3b492b2f95622d4bedb033ec34d37db120a17bff2a350a17a9a646c27913.json,2240,759506dd21246c97abfc1c12ef08913de4d4b859c5614d2a2f2077dcb9555778,1,JSON parsed; structural inspection
runs/FINAL_PRE_X13_DEADLINE_v1/synthetic_rows/b38c3b492b2f95622d4bedb033ec34d37db120a17bff2a350a17a9a646c27913.sha256,136,38a433dcbc3edf42c3528b7e8d8649fce37e58df59b9d86e635f19383e09331a,,byte inventory
runs/FINAL_PRE_X13_DEADLINE_v1/synthetic_rows/b3de9ce5b528079e2f9218681574d227272d46d94a22afffc71b0814fd2b2822.json,2251,523d2d716c987928939c515cd04726a2cf079a55324159b09659380841b63666,1,JSON parsed; structural inspection
runs/FINAL_PRE_X13_DEADLINE_v1/synthetic_rows/b3de9ce5b528079e2f9218681574d227272d46d94a22afffc71b0814fd2b2822.sha256,136,abded42f83d7ed7f7203e9a5f59ff8dea3b022383c009222a003d4a93eb75940,,byte inventory
runs/FINAL_PRE_X13_DEADLINE_v1/synthetic_rows/b417616efd156840fa8e80484f131a6d5175d2031c6333de685dfd8f75ac4810.json,2234,8465dd0d0aaf3fa36c5a7a01df2e03af1137ff7f18ec634d6f3b84ea3958fbc5,1,JSON parsed; structural inspection
runs/FINAL_PRE_X13_DEADLINE_v1/synthetic_rows/b417616efd156840fa8e80484f131a6d5175d2031c6333de685dfd8f75ac4810.sha256,136,fd38b1bec060dafb71dc240931ae75c1fb706b54c40aa8d6c505238cbee9e325,,byte inventory
runs/FINAL_PRE_X13_DEADLINE_v1/synthetic_rows/b41eedd586c560096fb3a1f482e52b24ac512a4d274dc7d67c50077b64296d59.json,2244,e93e77d4ddc2b2234b6910221402e63304a3201b85a6d453d6f90491683d0c88,1,JSON parsed; structural inspection
runs/FINAL_PRE_X13_DEADLINE_v1/synthetic_rows/b41eedd586c560096fb3a1f482e52b24ac512a4d274dc7d67c50077b64296d59.sha256,136,7500bdc1176a276e32b2bba06cf3c92ef784eb4bd11b2ff92293e324cae3c13e,,byte inventory
runs/FINAL_PRE_X13_DEADLINE_v1/synthetic_rows/b4da112eb3b66c07f15a1369d737e24eca5a581076fbb2d58e274a1abcd82a1d.json,2241,ead76aaff5f96d6593af2c3c07fe3810369ffcccaa2c95a559249eb3cfd8237d,1,JSON parsed; structural inspection
runs/FINAL_PRE_X13_DEADLINE_v1/synthetic_rows/b4da112eb3b66c07f15a1369d737e24eca5a581076fbb2d58e274a1abcd82a1d.sha256,136,c5ec643d785aea9b2415ae1973e58ad70e3d89ecbd856af5b30d6b9b05f691a4,,byte inventory
runs/FINAL_PRE_X13_DEADLINE_v1/synthetic_rows/b4fba1766a2689a474937910379a3f9dd0d924e3973a60461f614287e91369f8.json,2256,2587650935e10067b234389e08bf2e65c7a7042ce03cc1c89f75c7a26e7c3c3e,1,JSON parsed; structural inspection
runs/FINAL_PRE_X13_DEADLINE_v1/synthetic_rows/b4fba1766a2689a474937910379a3f9dd0d924e3973a60461f614287e91369f8.sha256,136,0cff0d89d8ed39f350b8a433df473d8de13278a64033e9f5d4ea6e552072909d,,byte inventory
runs/FINAL_PRE_X13_DEADLINE_v1/synthetic_rows/b55caf32872d0f019c50fea4c6b691cdc0d6f5484426eb5f9df7593583aba0f7.json,2235,a5a3c78da34dfafecae5b7acb13e44dc5ed7d73c467ffa09c70a9f34802f0701,1,JSON parsed; structural inspection
runs/FINAL_PRE_X13_DEADLINE_v1/synthetic_rows/b55caf32872d0f019c50fea4c6b691cdc0d6f5484426eb5f9df7593583aba0f7.sha256,136,3ac3cddde6f972611413cdcc56731d3a7ec2318e3fc4dafa33ad9c1956e1ea45,,byte inventory
runs/FINAL_PRE_X13_DEADLINE_v1/synthetic_rows/b56a6da50f729e09abe0a1a8656ecb3052c0043cc18153836275fe11671f4593.json,2244,41ea03558df2520287a3baa3f57e83680e1f69df1bd5d4ff083765a70792be22,1,JSON parsed; structural inspection
runs/FINAL_PRE_X13_DEADLINE_v1/synthetic_rows/b56a6da50f729e09abe0a1a8656ecb3052c0043cc18153836275fe11671f4593.sha256,136,cf72a19006f4cb5a53691359cb0a7fd25f09b21c226bf156e7bbfa32225e3eac,,byte inventory
runs/FINAL_PRE_X13_DEADLINE_v1/synthetic_rows/b58b326b34df9252713d28af5b05f3803d035b2d1479ff9b433395c56d11d06d.json,2256,6fb5a6fd3ff0ebb13f89e4d29bf83c8f6c61e0195f3c2354a7ec8d94cf08762a,1,JSON parsed; structural inspection
runs/FINAL_PRE_X13_DEADLINE_v1/synthetic_rows/b58b326b34df9252713d28af5b05f3803d035b2d1479ff9b433395c56d11d06d.sha256,136,bd17c92fa6cf9e9af5989343d1f3cf53c8c421bc7223e2e29e59e25abeaebfe6,,byte inventory
runs/FINAL_PRE_X13_DEADLINE_v1/synthetic_rows/b59cd11cb718484139418ed7a40f7750f006219c4416def0afc04302da29a1e9.json,2238,9f901df1ec75233f429e4c5b47e4b9cee6fdae52cd928c697ab05a057ec57e9d,1,JSON parsed; structural inspection
runs/FINAL_PRE_X13_DEADLINE_v1/synthetic_rows/b59cd11cb718484139418ed7a40f7750f006219c4416def0afc04302da29a1e9.sha256,136,7ee7ec582fdde98f0f70477019ae56bfe2f2103ddf99ee3bc2021cdb9accb1d7,,byte inventory
runs/FINAL_PRE_X13_DEADLINE_v1/synthetic_rows/b5d51a2b749b258ce038800647f172f66fab33ba2e7815c3574e0f6e90d92dde.json,2234,f0c02a74e2cf6e7e255b98b0385a73be33011d4550214340aaf8067f47997be8,1,JSON parsed; structural inspection
runs/FINAL_PRE_X13_DEADLINE_v1/synthetic_rows/b5d51a2b749b258ce038800647f172f66fab33ba2e7815c3574e0f6e90d92dde.sha256,136,15a74064b2b707159ccc2747ec017319d2c9fc52a239c2459bbebd565186dac7,,byte inventory
runs/FINAL_PRE_X13_DEADLINE_v1/synthetic_rows/b60c7af7dbd5adb02428bfe780285516f4ffe7dacfcd6b29825f281e80454e93.json,2239,da6432e2f22fdf448398917600301b80d26eb22767260dd06b05678c7783e30c,1,JSON parsed; structural inspection
runs/FINAL_PRE_X13_DEADLINE_v1/synthetic_rows/b60c7af7dbd5adb02428bfe780285516f4ffe7dacfcd6b29825f281e80454e93.sha256,136,825bcf27ad467940ee08146109558d00b3f5547958e6814af533e34efa6576f8,,byte inventory
runs/FINAL_PRE_X13_DEADLINE_v1/synthetic_rows/b60e4d86a46f92247967273eba8a80d7b7bbdae6296ed01ee90ff4e1a26a183f.json,2244,b63b309d2afbc66dab6dd11dac2835be9dba0846e42933b7239c64ceb1060810,1,JSON parsed; structural inspection
runs/FINAL_PRE_X13_DEADLINE_v1/synthetic_rows/b60e4d86a46f92247967273eba8a80d7b7bbdae6296ed01ee90ff4e1a26a183f.sha256,136,3b6635f32ad1fb468df9a1f6a6df60df10ef96e9ba10a83db1f2fb39dd71a484,,byte inventory
runs/FINAL_PRE_X13_DEADLINE_v1/synthetic_rows/b6218ced533c66d8084389844f99d814623f5275bae89e465d7a01957117fde5.json,2242,6d0d9a909f827509528ae145993edb3711913b3690fe925efea83ce9e9b4e3df,1,JSON parsed; structural inspection
runs/FINAL_PRE_X13_DEADLINE_v1/synthetic_rows/b6218ced533c66d8084389844f99d814623f5275bae89e465d7a01957117fde5.sha256,136,0aa9c5773b3546a6a4c55eb99a65ba9565db7625bf22ce4c13480e12c15b6be5,,byte inventory
runs/FINAL_PRE_X13_DEADLINE_v1/synthetic_rows/b639001a3e481a77c5232c0cd65d0dc328bdd427723326fee61f6335dcd2d82f.json,2251,7f05088eca60df3053bd0d4648ffe222234ecc60e5b385b0fac13ea4080fad34,1,JSON parsed; structural inspection
runs/FINAL_PRE_X13_DEADLINE_v1/synthetic_rows/b639001a3e481a77c5232c0cd65d0dc328bdd427723326fee61f6335dcd2d82f.sha256,136,d74a3786c433a32bc9ae192496f90645c2fdf56d00b92adc27c68386d8bf94ef,,byte inventory
runs/FINAL_PRE_X13_DEADLINE_v1/synthetic_rows/b679427f5d2bdb93c74789ba94d4775bbbd2a9d6d349d7e4bec709b02d4ded77.json,2245,d45805d3681eb5183e6a04b4fd6fca751d3f085e0e0be99c052f7e5af5279970,1,JSON parsed; structural inspection
runs/FINAL_PRE_X13_DEADLINE_v1/synthetic_rows/b679427f5d2bdb93c74789ba94d4775bbbd2a9d6d349d7e4bec709b02d4ded77.sha256,136,7c979391056dc53389e366f45009b24c35b69b948b08c6ebbcc9c641f505bb50,,byte inventory
runs/FINAL_PRE_X13_DEADLINE_v1/synthetic_rows/b6fb716553120d6cb65d3b0358a9b0532f50dc52679c4355a9dacfff495ddab7.json,2251,7b6f54acfa608a35aec5fed2acc5ab0bd14133df8bfd1a6ddffaedeca8ba7a6b,1,JSON parsed; structural inspection
runs/FINAL_PRE_X13_DEADLINE_v1/synthetic_rows/b6fb716553120d6cb65d3b0358a9b0532f50dc52679c4355a9dacfff495ddab7.sha256,136,4ba00f1fcca5188a5be14d3590550fafd8fbfa3de2a2aea16c209a0b2cc598f2,,byte inventory
runs/FINAL_PRE_X13_DEADLINE_v1/synthetic_rows/b757515d2298947bece691be8577718801ecd7d4535ea612455888468ee0f5b7.json,2244,098010553495bec49357ee404826b854645d7fec198fd010721715e8ab1bb52c,1,JSON parsed; structural inspection
runs/FINAL_PRE_X13_DEADLINE_v1/synthetic_rows/b757515d2298947bece691be8577718801ecd7d4535ea612455888468ee0f5b7.sha256,136,d4d8163b095727d586239da0fb1114bc68f8be0d7bb4da734a89672b38884ea1,,byte inventory
runs/FINAL_PRE_X13_DEADLINE_v1/synthetic_rows/b7fd46e7fac8ea23e11b93e40fe9e319a0c443c87ce42e865f3c35742fc99dac.json,2237,329af991bd83b8b31ede31d67e167ed7044ae078b547355dccf2c0250ba58167,1,JSON parsed; structural inspection
runs/FINAL_PRE_X13_DEADLINE_v1/synthetic_rows/b7fd46e7fac8ea23e11b93e40fe9e319a0c443c87ce42e865f3c35742fc99dac.sha256,136,d3f047352cadf4bb810b857044d6f452c357d9c396adbbf15cb0a239265aba5a,,byte inventory
runs/FINAL_PRE_X13_DEADLINE_v1/synthetic_rows/b86d0259b225e68cee9fe5a1481a726670de7c084c826fc04330a62aff34a851.json,2251,c52623d82113aae675a6d433a29a3b02e3a5cc9e8d8c723b4ef1c2470127b3a8,1,JSON parsed; structural inspection
runs/FINAL_PRE_X13_DEADLINE_v1/synthetic_rows/b86d0259b225e68cee9fe5a1481a726670de7c084c826fc04330a62aff34a851.sha256,136,2f42a8281faffdb3b80d36a93ceed3e70fed1d00e3540d5f02b22056c244e5ce,,byte inventory
runs/FINAL_PRE_X13_DEADLINE_v1/synthetic_rows/b8d46f3562f24ab915da2ecd10881e87fb590a21249d56ae4668f6129cf8f07b.json,2251,7e3b4dd0d42480bf661a1debe8cd98ec287c63722ddd65f7da34dd9098d5991c,1,JSON parsed; structural inspection
runs/FINAL_PRE_X13_DEADLINE_v1/synthetic_rows/b8d46f3562f24ab915da2ecd10881e87fb590a21249d56ae4668f6129cf8f07b.sha256,136,b5247e159386f9fce34b2ccfbc2e2ab7501badc1a4c52964aed2bcfdea083a8b,,byte inventory
runs/FINAL_PRE_X13_DEADLINE_v1/synthetic_rows/b8f6e9c2e2e9f65f9e382331940b19b8bc7768a4d03f5332304a06fe5dd1a3b5.json,2232,1d99910054001d6a8149170b129c4a755eef2a8dfc457c36d4f35ba8759c1f49,1,JSON parsed; structural inspection
runs/FINAL_PRE_X13_DEADLINE_v1/synthetic_rows/b8f6e9c2e2e9f65f9e382331940b19b8bc7768a4d03f5332304a06fe5dd1a3b5.sha256,136,f401ef4c2d7d3f1cf845bc8aa34dffd9d1cb4ed4734e1e9dfbed9e9724714350,,byte inventory
runs/FINAL_PRE_X13_DEADLINE_v1/synthetic_rows/b94145603cd9cac6ccdc65705ad433df68b460b53976454237dd3f5b44de8f36.json,2256,39e0ed7995c0f5d492b15bcbddc0483eaccba09cce1a5f5643ba84f893646849,1,JSON parsed; structural inspection
runs/FINAL_PRE_X13_DEADLINE_v1/synthetic_rows/b94145603cd9cac6ccdc65705ad433df68b460b53976454237dd3f5b44de8f36.sha256,136,a317a7ca8eba23a8dfc61f877ab7ad3a28043a4dd48264e6fcfffff561882e91,,byte inventory
runs/FINAL_PRE_X13_DEADLINE_v1/synthetic_rows/b9edfa6eae5f98a0d44394d55f26564fb8e39f40b77f638b9a90af012afea625.json,2236,d01464c59028f6b6e74efb2667b4fb7129c82e4bdcbacda678641d010c893212,1,JSON parsed; structural inspection
runs/FINAL_PRE_X13_DEADLINE_v1/synthetic_rows/b9edfa6eae5f98a0d44394d55f26564fb8e39f40b77f638b9a90af012afea625.sha256,136,4288c693e4d4af0e95201de7930b2b2764d8a314de9312dc2216b1e7fa8ee08a,,byte inventory
runs/FINAL_PRE_X13_DEADLINE_v1/synthetic_rows/ba559c344212f185393439e27b1a5a4cca0df076291eced1c7d7679bb8e07dbc.json,2250,3577a53b3b717e2e42e18777dc814c98c68353040fb424aa5bcf47e20c54fee0,1,JSON parsed; structural inspection
runs/FINAL_PRE_X13_DEADLINE_v1/synthetic_rows/ba559c344212f185393439e27b1a5a4cca0df076291eced1c7d7679bb8e07dbc.sha256,136,f310a285ac605df0cf66109ba47ba6fb19d4ed7b07c63efca802afedc08a8dac,,byte inventory
runs/FINAL_PRE_X13_DEADLINE_v1/synthetic_rows/bc1184e0176e26e570242c59c92019f38839b270762e80cc1f13ae4103a983d8.json,2245,36e8739ece86f571c9355f370f57ef0fde8e53d65c0ae5aab2f63db9f1c92c20,1,JSON parsed; structural inspection
runs/FINAL_PRE_X13_DEADLINE_v1/synthetic_rows/bc1184e0176e26e570242c59c92019f38839b270762e80cc1f13ae4103a983d8.sha256,136,9a2007967fce69afad08e3016e553c441571c262098be3191fe9c012f38b4b13,,byte inventory
runs/FINAL_PRE_X13_DEADLINE_v1/synthetic_rows/bcf8cef436160a4a56517a3ebed2ae33dc951f08f2cb93772fdb08104ceace87.json,2244,4720975cc40273557f4a6ce262f01ab0ec30259086e1fda4a6ea9e4376be1023,1,JSON parsed; structural inspection
runs/FINAL_PRE_X13_DEADLINE_v1/synthetic_rows/bcf8cef436160a4a56517a3ebed2ae33dc951f08f2cb93772fdb08104ceace87.sha256,136,081c05096c02bc178b644876177125bb5b950478d7cb91511eede8f17c7ea030,,byte inventory
runs/FINAL_PRE_X13_DEADLINE_v1/synthetic_rows/bd1e7ef6eabcb04117c472972318886df06bdd876c72a82fa2254552fec766d4.json,2249,7863593e93f0ff393f24395bf0e6fd8969194ca312717c938c71ea646b074956,1,JSON parsed; structural inspection
runs/FINAL_PRE_X13_DEADLINE_v1/synthetic_rows/bd1e7ef6eabcb04117c472972318886df06bdd876c72a82fa2254552fec766d4.sha256,136,bcf4cd72136908e58021b4186e08d3c28f882e2b522ab75ea7878f12e434ff93,,byte inventory
runs/FINAL_PRE_X13_DEADLINE_v1/synthetic_rows/bdd67aba1fb3576fa173f0f5a97c0e7f00574776eca0eb53396a2d2923aff789.json,2244,61515d4638c85b51dc82e2035d2dd2ad77c9afcf31e10070eddf5a4748e460c5,1,JSON parsed; structural inspection
runs/FINAL_PRE_X13_DEADLINE_v1/synthetic_rows/bdd67aba1fb3576fa173f0f5a97c0e7f00574776eca0eb53396a2d2923aff789.sha256,136,f12dbac093014f605320378a84d6807a14811c6823ae52ef80dae56227b6914b,,byte inventory
runs/FINAL_PRE_X13_DEADLINE_v1/synthetic_rows/be34e4c4c4beab89a13c6a85ac7054afea278e6590f39d1e059ad70b67ebfae1.json,2239,ee9ae89bc596ef59e8525eb65c0c8bb5d2c0d762d8e88961d2374800c5bc3740,1,JSON parsed; structural inspection
runs/FINAL_PRE_X13_DEADLINE_v1/synthetic_rows/be34e4c4c4beab89a13c6a85ac7054afea278e6590f39d1e059ad70b67ebfae1.sha256,136,a82fd9ade51c7a70b88b362c9d5165aa7213111bd62c695c67796673bced48df,,byte inventory
runs/FINAL_PRE_X13_DEADLINE_v1/synthetic_rows/bebc6248908a4e69c2595eb1064954d3e0ffa4f2d4f0605311d2f99928e1d732.json,2244,6e8a69455e856cb1988a240e467b36b1461b0a84cc5aaeaa48cdf2014848843d,1,JSON parsed; structural inspection
runs/FINAL_PRE_X13_DEADLINE_v1/synthetic_rows/bebc6248908a4e69c2595eb1064954d3e0ffa4f2d4f0605311d2f99928e1d732.sha256,136,3f7fa18d54a88a262f6e1fb12ec2f50156f84b0a33446b7148f26ba0db7af76c,,byte inventory
runs/FINAL_PRE_X13_DEADLINE_v1/synthetic_rows/bee7f092ef9a43cf19eea3f50099765460cc6baed71e6bf5ae804d506d353bda.json,2234,ece73730ba177997436d1ad309a391444f98f0697224f19b4e980c618fcad753,1,JSON parsed; structural inspection
runs/FINAL_PRE_X13_DEADLINE_v1/synthetic_rows/bee7f092ef9a43cf19eea3f50099765460cc6baed71e6bf5ae804d506d353bda.sha256,136,c21a86905ca9cb47aced484dc26c05be42ef8dbf25876df83f877d238da2ff5b,,byte inventory
runs/FINAL_PRE_X13_DEADLINE_v1/synthetic_rows/bff3dfa4361d4c61a6bc90b674d4e972584066872fa29b01c46f3bbcae862761.json,2245,ce03b97affd31fa96ad2ac9524789949385124f7096aea1b7a1047ecf68865bb,1,JSON parsed; structural inspection
runs/FINAL_PRE_X13_DEADLINE_v1/synthetic_rows/bff3dfa4361d4c61a6bc90b674d4e972584066872fa29b01c46f3bbcae862761.sha256,136,9d628cbecd1a754f5db2453a81bc37917938ee49286dcc9245bd3f23eebcc39d,,byte inventory
runs/FINAL_PRE_X13_DEADLINE_v1/synthetic_rows/c0636b55d42ade3dff00ae98bcca2f974bec9ad68524cb9b9614bfa011efd4b0.json,2242,886d3c460896688e706e0c4a5627280e0ccf08ba4a0d68566d5129f1b3d0c2c9,1,JSON parsed; structural inspection
runs/FINAL_PRE_X13_DEADLINE_v1/synthetic_rows/c0636b55d42ade3dff00ae98bcca2f974bec9ad68524cb9b9614bfa011efd4b0.sha256,136,9addedcf82839a50b25a1e1531e07d9126e6b7a685e6e5a31b87d30526734b3f,,byte inventory
runs/FINAL_PRE_X13_DEADLINE_v1/synthetic_rows/c0895c51d1aad20aaa8d4bfbd90978e296e2fb06482c403d1e7ec8108b3eda6b.json,2242,3c5c365377764e48c28641d54c603f932ce1963a5f1df78e98841b27511a79cc,1,JSON parsed; structural inspection
runs/FINAL_PRE_X13_DEADLINE_v1/synthetic_rows/c0895c51d1aad20aaa8d4bfbd90978e296e2fb06482c403d1e7ec8108b3eda6b.sha256,136,952c24c949ab2137921879a15295669de713390a0c6ebdb08c62b79269b0809d,,byte inventory
runs/FINAL_PRE_X13_DEADLINE_v1/synthetic_rows/c0bd8d464a2b7df7a032abee5b4e2f839236c645703836c7a616045cd8b17083.json,2243,bae0a73fc794f56d47fd40047262f77666ca2df26b1327f6eed07e4c39e23f79,1,JSON parsed; structural inspection
runs/FINAL_PRE_X13_DEADLINE_v1/synthetic_rows/c0bd8d464a2b7df7a032abee5b4e2f839236c645703836c7a616045cd8b17083.sha256,136,538dae8daab3111bebe2e81f381ad5d93b4674b3cd04f011067f20ea84166d77,,byte inventory
runs/FINAL_PRE_X13_DEADLINE_v1/synthetic_rows/c0c877a9b1b90444187652902fdcb872283a3d804e98906db1cbb5a71cc837cf.json,2242,18f28ef638e12b53b0784ab35ab5be158c8884ce3ef05803397e820713c35c5f,1,JSON parsed; structural inspection
runs/FINAL_PRE_X13_DEADLINE_v1/synthetic_rows/c0c877a9b1b90444187652902fdcb872283a3d804e98906db1cbb5a71cc837cf.sha256,136,84c1850281119f072279edd21f47c4aa266b699340bf8bddf74ddd90bac207c9,,byte inventory
runs/FINAL_PRE_X13_DEADLINE_v1/synthetic_rows/c1258c9c26706cca7810083f21066b1e2b2a979307d82f388e242611967a1265.json,2252,b184744936a0ab12df63a4da556fdcc5005289c234e37f976f030e8b97cc029c,1,JSON parsed; structural inspection
runs/FINAL_PRE_X13_DEADLINE_v1/synthetic_rows/c1258c9c26706cca7810083f21066b1e2b2a979307d82f388e242611967a1265.sha256,136,943f4bec330cdab2288be655385ec5f58df7f940f073625fc12c60c80435cfce,,byte inventory
runs/FINAL_PRE_X13_DEADLINE_v1/synthetic_rows/c15492ddfb34941a2a84fce5f02d33f6d464843dd46e5feb552012bcf626539f.json,2235,ae0afeefda3989e1fc3956b8eb7bedd4a9f8d2df56d42343f218f45588c7cef6,1,JSON parsed; structural inspection
runs/FINAL_PRE_X13_DEADLINE_v1/synthetic_rows/c15492ddfb34941a2a84fce5f02d33f6d464843dd46e5feb552012bcf626539f.sha256,136,e5c4577617ba4f46cd348ff09f8c46e7db1f3f08a143227c5294a4d1af2a3d12,,byte inventory
runs/FINAL_PRE_X13_DEADLINE_v1/synthetic_rows/c17226df8534e45ef26d25655a9d349a3fc7a979b3a53706c8c0d58c05dfe90c.json,2252,a7f5a7fd6421f12959085dafcbd9f97d17a69fe05861e7ad6ea07d8b474ef0fa,1,JSON parsed; structural inspection
runs/FINAL_PRE_X13_DEADLINE_v1/synthetic_rows/c17226df8534e45ef26d25655a9d349a3fc7a979b3a53706c8c0d58c05dfe90c.sha256,136,614ffd9af94ff4fea4264ed3da847368bb68dc4992e615b7765f83860177a0b8,,byte inventory
runs/FINAL_PRE_X13_DEADLINE_v1/synthetic_rows/c1765f3184fbdfa9095d2688f33e73c3cdd548e69983bb6f11c942ff6aae058f.json,2242,6375388e2cc76cbbed8ecdb2dba003e482aa88f98b0b73b16b49aeb8091e5764,1,JSON parsed; structural inspection
runs/FINAL_PRE_X13_DEADLINE_v1/synthetic_rows/c1765f3184fbdfa9095d2688f33e73c3cdd548e69983bb6f11c942ff6aae058f.sha256,136,5aa68041b04f6ae9429ee578a622d1ffb525d859615bbd6f7f430318a5d51562,,byte inventory
runs/FINAL_PRE_X13_DEADLINE_v1/synthetic_rows/c18fa70aa564ec581b4dc7b346d3ead5fa83511290ef212d4356c4cefbfa6be1.json,2246,28936a4675ce174fc279c9253b91acb9f4b2bc46da94b158676485f4d379016f,1,JSON parsed; structural inspection
runs/FINAL_PRE_X13_DEADLINE_v1/synthetic_rows/c18fa70aa564ec581b4dc7b346d3ead5fa83511290ef212d4356c4cefbfa6be1.sha256,136,d5634a52ca9c06a7d6f2ab2615aabb2963179362e591704b18be58b2959e0665,,byte inventory
runs/FINAL_PRE_X13_DEADLINE_v1/synthetic_rows/c1d655b0ef6dc81fb69089df4edf9cb8d888bf77e3703de6d6017097861e6565.json,2239,98fadd37452e450eab7995f024a67e7646cc6da379776447b760e39dd6c55b81,1,JSON parsed; structural inspection
runs/FINAL_PRE_X13_DEADLINE_v1/synthetic_rows/c1d655b0ef6dc81fb69089df4edf9cb8d888bf77e3703de6d6017097861e6565.sha256,136,1113f1e160d57d5c08102d42e17e56d2aef9cf4ba745873ed41b371200e3b425,,byte inventory
runs/FINAL_PRE_X13_DEADLINE_v1/synthetic_rows/c24797c9478f94e31a0b9e21296d4092512706aaf7240512aa74367efd04a267.json,2232,174f0ef56222c779d7ebebfc515700d763d58abf70d40844f935a43619f460c9,1,JSON parsed; structural inspection
runs/FINAL_PRE_X13_DEADLINE_v1/synthetic_rows/c24797c9478f94e31a0b9e21296d4092512706aaf7240512aa74367efd04a267.sha256,136,0c41297bbb4977618d97aefb8e1531dc53b7b6ba5344a467a02aad31e486d2c1,,byte inventory
runs/FINAL_PRE_X13_DEADLINE_v1/synthetic_rows/c2bb5214b502c6c69e983ae9cc244a5ef9ff69ba2d5ebe0088b7a55bc2153a3b.json,2238,b304a7fc216097b0475800fad86011b20b5eba9a2ac5bdf2637c48f8c4ac262f,1,JSON parsed; structural inspection
runs/FINAL_PRE_X13_DEADLINE_v1/synthetic_rows/c2bb5214b502c6c69e983ae9cc244a5ef9ff69ba2d5ebe0088b7a55bc2153a3b.sha256,136,6d04cfe70aa28626ca16b45cabaf4cb03f01f6a79284ec5aaa60461f14c471bf,,byte inventory
runs/FINAL_PRE_X13_DEADLINE_v1/synthetic_rows/c2bf6cb99662c0666a260a46eaa4c5d76421a0fca8a7a07edb5cb398576bd91f.json,2243,93a40d74ec7625f1be7786453633d363951fd93008705446071e853e93bef726,1,JSON parsed; structural inspection
runs/FINAL_PRE_X13_DEADLINE_v1/synthetic_rows/c2bf6cb99662c0666a260a46eaa4c5d76421a0fca8a7a07edb5cb398576bd91f.sha256,136,fe0db3c04b0dc3b7cdd721c378262001444aa890706ab58f2d137daddb6d4305,,byte inventory
runs/FINAL_PRE_X13_DEADLINE_v1/synthetic_rows/c2cc5772f9ca909fb7ba7538a25c61a7cb9eaf906fe3d29f8a03f8656607d8d6.json,2235,6f831c0f5cb8bf6d490b75a4d6f31fc8ea6e2e2c3bf075b46dfc5a0217add2c9,1,JSON parsed; structural inspection
runs/FINAL_PRE_X13_DEADLINE_v1/synthetic_rows/c2cc5772f9ca909fb7ba7538a25c61a7cb9eaf906fe3d29f8a03f8656607d8d6.sha256,136,57e3b99a25e4c4133ab3181db006acb210140318ea2c3d089720dc6db2d0a708,,byte inventory
runs/FINAL_PRE_X13_DEADLINE_v1/synthetic_rows/c4311e7e30f1f757bcc1bf65ead987bb994d5c6703ac4fe7978c357be2a2824e.json,2244,0ff59f363f6c83eac9c2dbc63b26e5e6367dd5f192477beffbfe365d64890779,1,JSON parsed; structural inspection
runs/FINAL_PRE_X13_DEADLINE_v1/synthetic_rows/c4311e7e30f1f757bcc1bf65ead987bb994d5c6703ac4fe7978c357be2a2824e.sha256,136,8263d4123b90998e152e87279bef860ebc0ebffd49dea2f4326569c1438d8a2d,,byte inventory
runs/FINAL_PRE_X13_DEADLINE_v1/synthetic_rows/c4868d9878759c36db34f305060e7c3f5d6d056f6274cd4bef878116c33f5e32.json,2241,eef7f9020db5641e80ee44bd6105daeffa7da0ce75e189f62ff487ce899be349,1,JSON parsed; structural inspection
runs/FINAL_PRE_X13_DEADLINE_v1/synthetic_rows/c4868d9878759c36db34f305060e7c3f5d6d056f6274cd4bef878116c33f5e32.sha256,136,607cff15fa6a748cd86996357dadac232f5bfbbc9261408b76c8e4d58ff9fbd2,,byte inventory
runs/FINAL_PRE_X13_DEADLINE_v1/synthetic_rows/c562e28c608e0f2c8ab85d31c7f34f5e5e275345666150db2943703df4724bd8.json,2235,eabea27d3e7709bbd890400e9b90dc04b931bdcecc8fb1fb611785e6147ec46e,1,JSON parsed; structural inspection
runs/FINAL_PRE_X13_DEADLINE_v1/synthetic_rows/c562e28c608e0f2c8ab85d31c7f34f5e5e275345666150db2943703df4724bd8.sha256,136,f7b3010219530e0484f543722f96797adbaf971d3c70b449745a67c9627a0305,,byte inventory
runs/FINAL_PRE_X13_DEADLINE_v1/synthetic_rows/c56e4d3dac0951fb0111d56339dcb5eef6aec46a1f9577f046871d17d09c53a0.json,2243,5c1bc76affe1bcd7f657c60d9c7635e40d82d585c3db251c0ddf7d510708fd90,1,JSON parsed; structural inspection
runs/FINAL_PRE_X13_DEADLINE_v1/synthetic_rows/c56e4d3dac0951fb0111d56339dcb5eef6aec46a1f9577f046871d17d09c53a0.sha256,136,e803181facb03d3508cdcea29396168965673a7c2af67ad632910faaf9a4d7fe,,byte inventory
runs/FINAL_PRE_X13_DEADLINE_v1/synthetic_rows/c5849b9e8083df0772bb96681512c80bf00108fdc8b1e9e7a0d1e4d2f2b01fbe.json,2234,0ba81c7f3eb3a31b4fe71015566e212f978a4074aa95becc485914833cf2ebc9,1,JSON parsed; structural inspection
runs/FINAL_PRE_X13_DEADLINE_v1/synthetic_rows/c5849b9e8083df0772bb96681512c80bf00108fdc8b1e9e7a0d1e4d2f2b01fbe.sha256,136,0665c3a8a54db87ff607ebeff4bd6d845a96a2dc4b25dea1174c96d9efd2c485,,byte inventory
runs/FINAL_PRE_X13_DEADLINE_v1/synthetic_rows/c5d650817de0af9ad04668efad184979908258882d9b3c25205a69bea8610d95.json,2255,2120ccc0c143d5cc321fd07e1fe1bcb73a57c04089669545a3f1ce54a95e4226,1,JSON parsed; structural inspection
runs/FINAL_PRE_X13_DEADLINE_v1/synthetic_rows/c5d650817de0af9ad04668efad184979908258882d9b3c25205a69bea8610d95.sha256,136,d29309807d950003256921601140c83fae0f49700dbded784397826a74646e4c,,byte inventory
runs/FINAL_PRE_X13_DEADLINE_v1/synthetic_rows/c61072720e62b171d9ca0caf34c3e0dfab747d79ed7abe19f4c645f4b2af54f3.json,2243,9e5c41a5d550da0eeaf5dcb414db11701edabf45d1bf6a47821668f7c4aeb5ac,1,JSON parsed; structural inspection
runs/FINAL_PRE_X13_DEADLINE_v1/synthetic_rows/c61072720e62b171d9ca0caf34c3e0dfab747d79ed7abe19f4c645f4b2af54f3.sha256,136,338502b4d07e108072b803dd990dbfd7a26d02eae9bbc9ab9ccf77fb840d5c4c,,byte inventory
runs/FINAL_PRE_X13_DEADLINE_v1/synthetic_rows/c61294b85abf410cb271093c404e1fd539b778717dba686ceaa96c1eabe411e1.json,2236,488be3d1bd69f347d6e7d6d560e13b6b88c1d26a4558424312335bd2459c22d9,1,JSON parsed; structural inspection
runs/FINAL_PRE_X13_DEADLINE_v1/synthetic_rows/c61294b85abf410cb271093c404e1fd539b778717dba686ceaa96c1eabe411e1.sha256,136,33d249196d907ffd4e08172016fbac6bb00042948c5d959adb44dc412b0bdc54,,byte inventory
runs/FINAL_PRE_X13_DEADLINE_v1/synthetic_rows/c6e5558951ebe179f78194f2139ef5ea2619de98006d292d4e145844034d98ee.json,2237,8545ffe05670901ae5c7dd0c215721e8bea7182e4f4ca57bd21a0a6eba932377,1,JSON parsed; structural inspection
runs/FINAL_PRE_X13_DEADLINE_v1/synthetic_rows/c6e5558951ebe179f78194f2139ef5ea2619de98006d292d4e145844034d98ee.sha256,136,9a965fd8c840d6e8cb4114d9f088dd284fa71513846d89f660a3f3b207df169e,,byte inventory
runs/FINAL_PRE_X13_DEADLINE_v1/synthetic_rows/c7a3c93af6021293919a8c2029ee3a90869147bbce36c67b2ef2fed7b6d8fe7a.json,2248,10b6218be31f1aab87b1da909f257528dd4ce25eccb71e7e57d8d48db2796c0a,1,JSON parsed; structural inspection
runs/FINAL_PRE_X13_DEADLINE_v1/synthetic_rows/c7a3c93af6021293919a8c2029ee3a90869147bbce36c67b2ef2fed7b6d8fe7a.sha256,136,f99927416f7be270bb1ea47a1010ffdc895532f761377133967145e4cca074b1,,byte inventory
runs/FINAL_PRE_X13_DEADLINE_v1/synthetic_rows/c7a910216373afb570e5f7191003646e224bfc2fe618e08079a3235b225d1bd9.json,2234,259fffa454e081e05a2a09870a02d3550c1241184d3694286f156571dd7001d8,1,JSON parsed; structural inspection
runs/FINAL_PRE_X13_DEADLINE_v1/synthetic_rows/c7a910216373afb570e5f7191003646e224bfc2fe618e08079a3235b225d1bd9.sha256,136,0e63b0a15f0da9758b2fc16d312bdcd7cd0e56eb7eba70c23d8262fe4f1b3e57,,byte inventory
runs/FINAL_PRE_X13_DEADLINE_v1/synthetic_rows/c7ac6c4744f30d679084227178ca85b4f2895d4ecf887e3984ef1228d54c8468.json,2246,ffd7ce1e7fab40bbb553f2bab125a37bea825a5ff4441bbbb2ea57e9c7b7450f,1,JSON parsed; structural inspection
runs/FINAL_PRE_X13_DEADLINE_v1/synthetic_rows/c7ac6c4744f30d679084227178ca85b4f2895d4ecf887e3984ef1228d54c8468.sha256,136,a2d5e1de9f2c1b0952bbcba02ede285c14f2b69e33a7229f337824b703d2d6c1,,byte inventory
runs/FINAL_PRE_X13_DEADLINE_v1/synthetic_rows/c82963190a1eb0600b7afcdde1e3efa4dfbe23fa0143a0bec871f85813460650.json,2234,11c46ad7ea2c074819bc1f3039a1257af213211984dbc91606aab94a08c8ec01,1,JSON parsed; structural inspection
runs/FINAL_PRE_X13_DEADLINE_v1/synthetic_rows/c82963190a1eb0600b7afcdde1e3efa4dfbe23fa0143a0bec871f85813460650.sha256,136,c083d0f8a2377d8904c4da7e146758362ecb899890e951296e4450ece63524cb,,byte inventory
runs/FINAL_PRE_X13_DEADLINE_v1/synthetic_rows/c87b627147db3a3ad6f1b9b2f7f718eb52937df62790b45eadb0e1abd6558a18.json,2236,9d3eb4120160370b97584adb980a1522cdaf3e2927719bbd97fca9a683a03a3c,1,JSON parsed; structural inspection
runs/FINAL_PRE_X13_DEADLINE_v1/synthetic_rows/c87b627147db3a3ad6f1b9b2f7f718eb52937df62790b45eadb0e1abd6558a18.sha256,136,49c011c1b37607d5ab436fad89372a8edefcf4b56d9b9cb80825ada717439352,,byte inventory
runs/FINAL_PRE_X13_DEADLINE_v1/synthetic_rows/c888c0026f6102973687a35c164eb14274e8070d641c91ae0ecead499487fd6a.json,2250,aa0402dee8307289e64a09c180f2eeef62c8c8e72455e55a0a99f3ec5662c5fe,1,JSON parsed; structural inspection
runs/FINAL_PRE_X13_DEADLINE_v1/synthetic_rows/c888c0026f6102973687a35c164eb14274e8070d641c91ae0ecead499487fd6a.sha256,136,916009c7b39a218e7f7b3016b978fc3cc5a7216e57ce3f44fa92b00aad2345db,,byte inventory
runs/FINAL_PRE_X13_DEADLINE_v1/synthetic_rows/c918e60f04f3dfdc10e2df653f96704b62b956269d14f49ae45d7c0314dad6a4.json,2233,ad57507312178d41d715c4082cfc11d2fe503cd866669c4265f6d7cf2532a96e,1,JSON parsed; structural inspection
runs/FINAL_PRE_X13_DEADLINE_v1/synthetic_rows/c918e60f04f3dfdc10e2df653f96704b62b956269d14f49ae45d7c0314dad6a4.sha256,136,5a63a5b2e81f73d2dc327b55c9d5692ac668f7760c9203e1c7933cd0c0d155fd,,byte inventory
runs/FINAL_PRE_X13_DEADLINE_v1/synthetic_rows/c96ea75e2d47d56bf9d08dc2bf10ad7e7481fc09be434c23842d17737a40cf58.json,2250,74c5a8e868a016394935f0cbaeb927f2b2758cd3a33f33a34afeffd241491388,1,JSON parsed; structural inspection
runs/FINAL_PRE_X13_DEADLINE_v1/synthetic_rows/c96ea75e2d47d56bf9d08dc2bf10ad7e7481fc09be434c23842d17737a40cf58.sha256,136,0bc47c394193776a088c160ebbfc1c04e878fc037ed68cd9d536b1978cd5bddf,,byte inventory
runs/FINAL_PRE_X13_DEADLINE_v1/synthetic_rows/c9b55f46fc4b597b4bcd720a0aa3b8c5fb297f1546686a337b2f40922faa23ff.json,2242,89b34622475f432797acee3cd571c009bb0b0c8ff7cd5885e07bda54626d2298,1,JSON parsed; structural inspection
runs/FINAL_PRE_X13_DEADLINE_v1/synthetic_rows/c9b55f46fc4b597b4bcd720a0aa3b8c5fb297f1546686a337b2f40922faa23ff.sha256,136,4fe5c48090c3a379eea2912b2d06f6d216f4be4b5dea3ffe09c5fc25aa2b945e,,byte inventory
runs/FINAL_PRE_X13_DEADLINE_v1/synthetic_rows/c9b8bf700df8f7832f377a59bd2819751b5a173123c28938e61502b15888f984.json,2243,3878772d46355e43d5bee909468740fc142f2480c308c632f47ca015b6392957,1,JSON parsed; structural inspection
runs/FINAL_PRE_X13_DEADLINE_v1/synthetic_rows/c9b8bf700df8f7832f377a59bd2819751b5a173123c28938e61502b15888f984.sha256,136,95c0cee2158f239f1dc6caeae9ec8e2c127111595a3beaaa18fab774590c2973,,byte inventory
runs/FINAL_PRE_X13_DEADLINE_v1/synthetic_rows/ca006d1f2ee53f6877b9d2993dfd238dff1f5bcb4a2c0c2e04f8a1316da46f35.json,2233,057749319a8f25e8a4d48758ae2ce32d4fe69959486bccb400c234b5bc323d2e,1,JSON parsed; structural inspection
runs/FINAL_PRE_X13_DEADLINE_v1/synthetic_rows/ca006d1f2ee53f6877b9d2993dfd238dff1f5bcb4a2c0c2e04f8a1316da46f35.sha256,136,791d979e9541ab42488b4264cff7a6dceb190a0f3800d627b768087b712d6331,,byte inventory
runs/FINAL_PRE_X13_DEADLINE_v1/synthetic_rows/ca516c61ae5f68958c982b80a070b4e51e01645b4668860e9e1202af128e616d.json,2255,b49c6774b4636cdf6ea52717f15ac2f533b863b97ef5d6a198317e3c5f02b31a,1,JSON parsed; structural inspection
runs/FINAL_PRE_X13_DEADLINE_v1/synthetic_rows/ca516c61ae5f68958c982b80a070b4e51e01645b4668860e9e1202af128e616d.sha256,136,5baf84418b866b1c5535073922b271f825e69a9dcc3aca3d2d8f9a275ca463c6,,byte inventory
runs/FINAL_PRE_X13_DEADLINE_v1/synthetic_rows/ca953ae36186b1f6d21f1dd21f5c4e6b5e73abe3f442071130d910773141b97d.json,2242,61feae343889a1fdb5be2e5b1c99ce8826bd1eae4ab92e47f2e1487a5b63e062,1,JSON parsed; structural inspection
runs/FINAL_PRE_X13_DEADLINE_v1/synthetic_rows/ca953ae36186b1f6d21f1dd21f5c4e6b5e73abe3f442071130d910773141b97d.sha256,136,3010aa62ba93007bf87a1c8be6683cdcb055e5ed4f48b55c9522c55e1ac9795e,,byte inventory
runs/FINAL_PRE_X13_DEADLINE_v1/synthetic_rows/cae53a784283d875de8d4d499716cc8331c617c9d1356b61874d6011af9555be.json,2244,29575fa6ac55653e9760efb8903cae8cd89a2716ef0ab811ce40915abfe7614f,1,JSON parsed; structural inspection
runs/FINAL_PRE_X13_DEADLINE_v1/synthetic_rows/cae53a784283d875de8d4d499716cc8331c617c9d1356b61874d6011af9555be.sha256,136,a5bc339d4bacbf663a709f524d9b36804db493e7b6b08da4aa440fc0f4868b65,,byte inventory
runs/FINAL_PRE_X13_DEADLINE_v1/synthetic_rows/cb9a60878a8de00bffc9c53d3b10d7501ea582ce9b9ea5830fc5309c508abd79.json,2241,d20d585bc16baaff41bd8a30818aa6f61d4d0f07fa1fae86960c390304e5e0a7,1,JSON parsed; structural inspection
runs/FINAL_PRE_X13_DEADLINE_v1/synthetic_rows/cb9a60878a8de00bffc9c53d3b10d7501ea582ce9b9ea5830fc5309c508abd79.sha256,136,0b7e08b587fe3806d3af7da007b18f45df162d36ded5edf237659b4583a86f94,,byte inventory
runs/FINAL_PRE_X13_DEADLINE_v1/synthetic_rows/cc7566de6d3f60be64963d5113151d77c0eb9885aee1b8ffd7361e689b21f665.json,2241,dfb58f43debfc967e4ece26e2fddff68a52c7448bda2dd7d124ed148c6bffcdb,1,JSON parsed; structural inspection
runs/FINAL_PRE_X13_DEADLINE_v1/synthetic_rows/cc7566de6d3f60be64963d5113151d77c0eb9885aee1b8ffd7361e689b21f665.sha256,136,ecacc43bda952f03daa7449aad89a7c7a0f520836e2d2b8fef9bf6889470f8df,,byte inventory
runs/FINAL_PRE_X13_DEADLINE_v1/synthetic_rows/cc7a82d7e0a2f40da5848986a31711807bb40d437706abb3e5513b0de378a916.json,2234,c3d8f640dadc2237730886c51f32f73f652dd72efc146d7d001bd16181e8c3f1,1,JSON parsed; structural inspection
runs/FINAL_PRE_X13_DEADLINE_v1/synthetic_rows/cc7a82d7e0a2f40da5848986a31711807bb40d437706abb3e5513b0de378a916.sha256,136,4bcaf2e3342940d7c27e3e6504710cf8033d46df35c501b88025f6b2409c4ffd,,byte inventory
runs/FINAL_PRE_X13_DEADLINE_v1/synthetic_rows/cc9e182fccd34cba8c603ffc35e11d5c876337e57baecc9344ed948b5443e664.json,2245,a1938c54de60dcc6525718c318407ce606f70e5c5a80ec2e1cd50f0ed8f13d1d,1,JSON parsed; structural inspection
runs/FINAL_PRE_X13_DEADLINE_v1/synthetic_rows/cc9e182fccd34cba8c603ffc35e11d5c876337e57baecc9344ed948b5443e664.sha256,136,7d353bce23345834566105dc48e2dc0593f0f0e9652744cdbb38e3d183715591,,byte inventory
runs/FINAL_PRE_X13_DEADLINE_v1/synthetic_rows/ccee065e2ff8592f70ef25c3624399d13838779d78bb15ded0145fe2c82bcce6.json,2238,9ace8c6ea784dcc613591224bb492056d5d1cb83028df6b0e074d1e1e520945c,1,JSON parsed; structural inspection
runs/FINAL_PRE_X13_DEADLINE_v1/synthetic_rows/ccee065e2ff8592f70ef25c3624399d13838779d78bb15ded0145fe2c82bcce6.sha256,136,020c597c67b56a70fa9119df7658125b2c5c85653e184797a6bd90d2ce532d59,,byte inventory
runs/FINAL_PRE_X13_DEADLINE_v1/synthetic_rows/cd196e909a45c23c3bbcec0c4897ac3c57573f4f459bb17cc0f9ed157b8ad1f6.json,2235,a60a6de69609f050e88577b54b0a6684c70895e1e300b22cf16f60cdcfb40f9a,1,JSON parsed; structural inspection
runs/FINAL_PRE_X13_DEADLINE_v1/synthetic_rows/cd196e909a45c23c3bbcec0c4897ac3c57573f4f459bb17cc0f9ed157b8ad1f6.sha256,136,72ba1f95707ab57e89552a79e3d97d0cfce65f22c6f7ddee2d9e9e1d05ef5211,,byte inventory
runs/FINAL_PRE_X13_DEADLINE_v1/synthetic_rows/cd1efcb96ecbe40b95b012c87793c7716c87076d4affd18f3972d72089ce2d23.json,2234,2c68d06237fcfab1263840ca551ee56684ac21592428e9ca56d80fffb0c540c4,1,JSON parsed; structural inspection
runs/FINAL_PRE_X13_DEADLINE_v1/synthetic_rows/cd1efcb96ecbe40b95b012c87793c7716c87076d4affd18f3972d72089ce2d23.sha256,136,329bfc3ba55b83cbb53699d1b1b877e8ac6626d174143b9553151c70423a6d57,,byte inventory
runs/FINAL_PRE_X13_DEADLINE_v1/synthetic_rows/cd2067755a76c610e51426947b6bf716f4757ec3144a902dc678d2bec3625554.json,2245,26f6faf822512eae70b31bcd63badf5b9ac4901685a190e22b67bb2da57ea753,1,JSON parsed; structural inspection
runs/FINAL_PRE_X13_DEADLINE_v1/synthetic_rows/cd2067755a76c610e51426947b6bf716f4757ec3144a902dc678d2bec3625554.sha256,136,8a7da848dd84995ae859b1d65839d037ee7733898349a968f71fa8376c03c69f,,byte inventory
runs/FINAL_PRE_X13_DEADLINE_v1/synthetic_rows/cd77d1148cceebf09176afbdbe571aa3cb80ee919655cd0b3c41de246ce476aa.json,2236,6e607189102eaee2f7b3d9b52aeac575a8a7c8fd933cd9e559e94c837d5300a0,1,JSON parsed; structural inspection
runs/FINAL_PRE_X13_DEADLINE_v1/synthetic_rows/cd77d1148cceebf09176afbdbe571aa3cb80ee919655cd0b3c41de246ce476aa.sha256,136,8eb00a86c781ffc6360319e139563f55c4de8a6d369255bccb015186b4e744a0,,byte inventory
runs/FINAL_PRE_X13_DEADLINE_v1/synthetic_rows/ce0118309f9bf201e38fc0b7fc024ff94509ef9afe040883588928f1e7aa9b70.json,2242,8e174f42ca6c7325d9c5a7c5fc6f86013ba430569513a008bd346fe52ad8153f,1,JSON parsed; structural inspection
runs/FINAL_PRE_X13_DEADLINE_v1/synthetic_rows/ce0118309f9bf201e38fc0b7fc024ff94509ef9afe040883588928f1e7aa9b70.sha256,136,7960c120e72ada9fba5edfbbb4d4e6db478f5679f23b7fef5e673e68173bf55b,,byte inventory
runs/FINAL_PRE_X13_DEADLINE_v1/synthetic_rows/ce384b382280dae0acd2eb8a75d863b58f00a7892651cb41b82a78b514160e87.json,2237,7f2c70d5da22ca2fbe911cc7de5f07c68ce2c3b37221cbf42629fda15a4ea34f,1,JSON parsed; structural inspection
runs/FINAL_PRE_X13_DEADLINE_v1/synthetic_rows/ce384b382280dae0acd2eb8a75d863b58f00a7892651cb41b82a78b514160e87.sha256,136,7785326c9b0c04a5849a17c52c5342a5c4b3fcd509fc49259d96088e23677291,,byte inventory
runs/FINAL_PRE_X13_DEADLINE_v1/synthetic_rows/ce6fc11ecb8714cb2ed45ba2183f3830b9aa52ea647172452a8722589e0b2e50.json,2245,9f6ab1e1160d8aaad00c6f496ee27e8ce3e8725ab9995d0bf12e01071c7d08ca,1,JSON parsed; structural inspection
runs/FINAL_PRE_X13_DEADLINE_v1/synthetic_rows/ce6fc11ecb8714cb2ed45ba2183f3830b9aa52ea647172452a8722589e0b2e50.sha256,136,7700be5eb4f9fca6994798a726ad007ebcb2d4220570c6c0e5ce3b5fce46906a,,byte inventory
runs/FINAL_PRE_X13_DEADLINE_v1/synthetic_rows/ce8ba57864a52e6f2ac267f9072e435ccd26b497893b76606cdf0fa847eeb359.json,2244,661b2d5484f7ebfc34b9a51e07799e9a5f8c7cb1810be57b1f13b6bbf18e68f1,1,JSON parsed; structural inspection
runs/FINAL_PRE_X13_DEADLINE_v1/synthetic_rows/ce8ba57864a52e6f2ac267f9072e435ccd26b497893b76606cdf0fa847eeb359.sha256,136,4091334476f8966c1c9d7e5a9a9052c5c1b64dca48854f1ea770dac9d86f7643,,byte inventory
runs/FINAL_PRE_X13_DEADLINE_v1/synthetic_rows/ceb6ad6f41bf2a72aa5fc0a3736fff064474532313d336ed1dcc34fa3e645e24.json,2233,4562adbd82d0bb40945dc0cbcc31da3784391648ac8e3a2c566de1feee861330,1,JSON parsed; structural inspection
runs/FINAL_PRE_X13_DEADLINE_v1/synthetic_rows/ceb6ad6f41bf2a72aa5fc0a3736fff064474532313d336ed1dcc34fa3e645e24.sha256,136,5cf9e0928ec3fd7a8a8491224494b81dbf168a7468bd06a5e86dbcc802a50dfa,,byte inventory
runs/FINAL_PRE_X13_DEADLINE_v1/synthetic_rows/cf02c99c1b9d2abcfd49f929acf79e0add27d13b6d8e8bb337dc7697e3f79320.json,2245,99427f70f4efb73927af96d1d71d23b0c263d30d9765593236f7ba45f74990fa,1,JSON parsed; structural inspection
runs/FINAL_PRE_X13_DEADLINE_v1/synthetic_rows/cf02c99c1b9d2abcfd49f929acf79e0add27d13b6d8e8bb337dc7697e3f79320.sha256,136,b95ee5d0081a22ed17711c1a42b94b564af22892f00312cceaf860a4ef429ba5,,byte inventory
runs/FINAL_PRE_X13_DEADLINE_v1/synthetic_rows/cf29759bb40daa3ff9bdc2f82ddf42c7927f037c7f8559e183def7ba6ab4cba1.json,2255,27ec7ef1bd41c062d9a54606522cadb057fd4da6f8fd206a90c44b039ef61b85,1,JSON parsed; structural inspection
runs/FINAL_PRE_X13_DEADLINE_v1/synthetic_rows/cf29759bb40daa3ff9bdc2f82ddf42c7927f037c7f8559e183def7ba6ab4cba1.sha256,136,a8e38ca223945680b8d6d0eec29bb3b501d9be21949fd9a6b3157f9d5ad93686,,byte inventory
runs/FINAL_PRE_X13_DEADLINE_v1/synthetic_rows/cf6b12765c4ef7d40c1ae947a37a9bd807cb814383d2739582c8f67d02e1f68c.json,2246,dab65ad939326be21a1f3378e9920309e799b40b3d4215667187939060f39eca,1,JSON parsed; structural inspection
runs/FINAL_PRE_X13_DEADLINE_v1/synthetic_rows/cf6b12765c4ef7d40c1ae947a37a9bd807cb814383d2739582c8f67d02e1f68c.sha256,136,85276a84df944de86e56968eb7270f1b4c697bf49544382ac5e9aab388a04992,,byte inventory
runs/FINAL_PRE_X13_DEADLINE_v1/synthetic_rows/cf6b3ba996d44a112a40b1a5924006f3974fa0b1e54f60bfe70722abb1923b97.json,2241,9a794e4f24ae03260b602935a2682574351da63fcf419a87a53d55a9a599ebee,1,JSON parsed; structural inspection
runs/FINAL_PRE_X13_DEADLINE_v1/synthetic_rows/cf6b3ba996d44a112a40b1a5924006f3974fa0b1e54f60bfe70722abb1923b97.sha256,136,2f475bd54fcf039c503e78dc248c98269ee96a8d4856d18fbba78b553a7dd7db,,byte inventory
runs/FINAL_PRE_X13_DEADLINE_v1/synthetic_rows/cfd3efb9e1a6b1ee8e1eace2ffd42b97c8a4e58a20d54f5d9606bd834d1b41d7.json,2244,d24f06cc3a1dc4885823b707e7c8ceb7aff30abc2c1e605d856db977ab9bdc1b,1,JSON parsed; structural inspection
runs/FINAL_PRE_X13_DEADLINE_v1/synthetic_rows/cfd3efb9e1a6b1ee8e1eace2ffd42b97c8a4e58a20d54f5d9606bd834d1b41d7.sha256,136,95e11c533d9c91ff5104515fdb5377b18716337b2cbd9ac3e96f02836366e6e7,,byte inventory
runs/FINAL_PRE_X13_DEADLINE_v1/synthetic_rows/d0397890dd30d324e4de7f966dfab41969e3834f4eb1ad905025dcd780d8de35.json,2249,11500d71854d413bc6bee70039283cd693f089f85c0f8417743b210c94d19305,1,JSON parsed; structural inspection
runs/FINAL_PRE_X13_DEADLINE_v1/synthetic_rows/d0397890dd30d324e4de7f966dfab41969e3834f4eb1ad905025dcd780d8de35.sha256,136,b6bf4c6ec3e608698fede6bceca788dff6ec118fe36fedcc97689b323132694b,,byte inventory
runs/FINAL_PRE_X13_DEADLINE_v1/synthetic_rows/d11ac36e8d4435d67fb89206036336a053f4b5964d644e14137b2d6904a65179.json,2234,cdd257b863230fc4eb68499447deb17c3b4409cb16448a86f9f351c65c99239a,1,JSON parsed; structural inspection
runs/FINAL_PRE_X13_DEADLINE_v1/synthetic_rows/d11ac36e8d4435d67fb89206036336a053f4b5964d644e14137b2d6904a65179.sha256,136,1334899e5e4403f0e54b363de085fcc3295872390d66db610c6e1bae47c654c1,,byte inventory
runs/FINAL_PRE_X13_DEADLINE_v1/synthetic_rows/d143d735e26cc395c27ee00b8df53dd56f33596f426148891c02f61f51202790.json,2245,cb68f6d39386f588d2c7e090008e515919dff71f18748873919d3adb5ef54333,1,JSON parsed; structural inspection
runs/FINAL_PRE_X13_DEADLINE_v1/synthetic_rows/d143d735e26cc395c27ee00b8df53dd56f33596f426148891c02f61f51202790.sha256,136,3ea3910ccf519da809ba75ec82dbaca486e90a40bf5d35beb0f51cb160518c28,,byte inventory
runs/FINAL_PRE_X13_DEADLINE_v1/synthetic_rows/d17082b5d9443758dbf65242f38e7cd0c0de8262f8f2aa022d3c414a11d6a1f5.json,2234,7ae1af9520a86393656aa09d11442ef93a6da1c4a619d6a32ee3acaa6e8a36db,1,JSON parsed; structural inspection
runs/FINAL_PRE_X13_DEADLINE_v1/synthetic_rows/d17082b5d9443758dbf65242f38e7cd0c0de8262f8f2aa022d3c414a11d6a1f5.sha256,136,64d8b67cdc6b6af1cc8a52c671ed0f6ee5bc3cecc5072e560415355da79c289c,,byte inventory
runs/FINAL_PRE_X13_DEADLINE_v1/synthetic_rows/d197a264373a104d6fb6003323b914c65e593ffe568c4cbbb996ee2c5e869fdc.json,2232,c873b37d5a30606f6fdac031244d63ed19ecc1848c48e7ed1984e59fcfaa7333,1,JSON parsed; structural inspection
runs/FINAL_PRE_X13_DEADLINE_v1/synthetic_rows/d197a264373a104d6fb6003323b914c65e593ffe568c4cbbb996ee2c5e869fdc.sha256,136,413e3d5af7ec83c8babf7a78c944935c7903ce3c564228d7f07ed088705f6781,,byte inventory
runs/FINAL_PRE_X13_DEADLINE_v1/synthetic_rows/d1d8c0e532a2e8f6434739844411e19edd8158e234d82e9c191e8a6a95168e0a.json,2251,61f6d1f5a08ad54c7fbba78daf4ebd916c9a13b7fa845fad4973eaeb72d96ba5,1,JSON parsed; structural inspection
runs/FINAL_PRE_X13_DEADLINE_v1/synthetic_rows/d1d8c0e532a2e8f6434739844411e19edd8158e234d82e9c191e8a6a95168e0a.sha256,136,c959995259e316d8a1e6453ef17f0f24ee22ce0bc6dd8af2c2bbbb79139cd12f,,byte inventory
runs/FINAL_PRE_X13_DEADLINE_v1/synthetic_rows/d1f266f3442a12550d9a79a8968406446a1ec5ddeaf49c10fb14bad58433d9a0.json,2245,2d0fb152c77be138175c06ed8d995ec363bc2a0c9e2dc7a8fa6a1a52b1dd0c5b,1,JSON parsed; structural inspection
runs/FINAL_PRE_X13_DEADLINE_v1/synthetic_rows/d1f266f3442a12550d9a79a8968406446a1ec5ddeaf49c10fb14bad58433d9a0.sha256,136,f317a5157446876f4f0ffa15e2601f39104a18dc392a086b50258822357669ab,,byte inventory
runs/FINAL_PRE_X13_DEADLINE_v1/synthetic_rows/d294530ee6aa715260b0153fe2d42301f1243316894ddd582f45556cc6b2b450.json,2247,4a541728de7c7d32b313a8386dcc1a58b55208d7dd64c9823e65e084ca592938,1,JSON parsed; structural inspection
runs/FINAL_PRE_X13_DEADLINE_v1/synthetic_rows/d294530ee6aa715260b0153fe2d42301f1243316894ddd582f45556cc6b2b450.sha256,136,3e11d01af573e3c71572d00f51f9f344d49a9c30819641404b0bea84535a3165,,byte inventory
runs/FINAL_PRE_X13_DEADLINE_v1/synthetic_rows/d2aeaf1556460a8d900408e4ed65e5db56371dc94f555f618c6deab307388096.json,2249,f24b7024de8d5724946dcb94563232ba1e890bf4e9ef4ed429814b7ebf861967,1,JSON parsed; structural inspection
runs/FINAL_PRE_X13_DEADLINE_v1/synthetic_rows/d2aeaf1556460a8d900408e4ed65e5db56371dc94f555f618c6deab307388096.sha256,136,f33c2b156696b0819a1be6a915a5885c2e074adfc4f33bbeca8f036cdd7ddacc,,byte inventory
runs/FINAL_PRE_X13_DEADLINE_v1/synthetic_rows/d2b0cde34236b725ff73f8f20dcbdf9f19a37fbf12e951d4cb8fe9f287280742.json,2246,a37a44bc59c96b8f35eedc374b1cfa6338ca2bf31b6900ff282d1c2f5f87961a,1,JSON parsed; structural inspection
runs/FINAL_PRE_X13_DEADLINE_v1/synthetic_rows/d2b0cde34236b725ff73f8f20dcbdf9f19a37fbf12e951d4cb8fe9f287280742.sha256,136,af770b39f3a716096ff2ea0336f11833f30b548d2a8430426afddc75a45faca3,,byte inventory
runs/FINAL_PRE_X13_DEADLINE_v1/synthetic_rows/d30502f730c8a9a62561e472be1564259a79debb60d814970d1bc1c29234fc13.json,2246,ac877a38f239feb783a7210c7b8c330939a868457ac35a84fd1dc35f009b9a3e,1,JSON parsed; structural inspection
runs/FINAL_PRE_X13_DEADLINE_v1/synthetic_rows/d30502f730c8a9a62561e472be1564259a79debb60d814970d1bc1c29234fc13.sha256,136,fb64cb6f80cdfbb205edb38ea0f795b7b8ce403cd25fe1053fab4db39c8902cc,,byte inventory
runs/FINAL_PRE_X13_DEADLINE_v1/synthetic_rows/d34e71b05b3dfb28b935fc3f939a414c1d415e6ed50c6119880ec601a9e337a7.json,2238,e680998208caaceec179e306a0df469e1658a8b931c494473b1a69e9258f3661,1,JSON parsed; structural inspection
runs/FINAL_PRE_X13_DEADLINE_v1/synthetic_rows/d34e71b05b3dfb28b935fc3f939a414c1d415e6ed50c6119880ec601a9e337a7.sha256,136,78b21b19bae385f3b336ea6a9f1e712233e98c09bbd3b06c7f007a153ddca934,,byte inventory
runs/FINAL_PRE_X13_DEADLINE_v1/synthetic_rows/d39d5666ec1ffbd45a30b0013f30813aa3aa233d6ced15b7edc76b445ebd77e2.json,2232,dad8ceaf31ef5d683af2cdb5e08c0826e19ba93d19e3c36d576be3904c2eed55,1,JSON parsed; structural inspection
runs/FINAL_PRE_X13_DEADLINE_v1/synthetic_rows/d39d5666ec1ffbd45a30b0013f30813aa3aa233d6ced15b7edc76b445ebd77e2.sha256,136,4c18a9fcfc97a61d4ec063311e606362aaa2e6f7cf0090f4ccbbc13c13a06240,,byte inventory
runs/FINAL_PRE_X13_DEADLINE_v1/synthetic_rows/d3f19de6a02c633e7233302fb10e79fa6232efaa34ba1a2a599fc6d22753e1c0.json,2238,d90625cce15db03d714e945c2091423fbfc0d6a6e78bf19b5fc356a87af51c50,1,JSON parsed; structural inspection
runs/FINAL_PRE_X13_DEADLINE_v1/synthetic_rows/d3f19de6a02c633e7233302fb10e79fa6232efaa34ba1a2a599fc6d22753e1c0.sha256,136,5a46cd00c161034d284b37ecbd1fc332e977c0f83a71dc02a7313deeffb58d87,,byte inventory
runs/FINAL_PRE_X13_DEADLINE_v1/synthetic_rows/d44175bbd13760706804f0554f4b91655d66bdce00f7e05d34d50cb81202e5d9.json,2252,fc42ae26e41deba895a25f78b2313efaad17384cd4eb88038cac73204976000c,1,JSON parsed; structural inspection
runs/FINAL_PRE_X13_DEADLINE_v1/synthetic_rows/d44175bbd13760706804f0554f4b91655d66bdce00f7e05d34d50cb81202e5d9.sha256,136,6e2e7f3485322c09c00287b8800f4178ca2e5938764b720faa5160e7cfe5e7fa,,byte inventory
runs/FINAL_PRE_X13_DEADLINE_v1/synthetic_rows/d4de84b25a1233f534a0131ac6eca24c659d94a5ed818791161258d4f02c53f8.json,2245,715a8b754a1c0d73517251bdb1fadc56a886615f33e958a26ed959f8e8a90b07,1,JSON parsed; structural inspection
runs/FINAL_PRE_X13_DEADLINE_v1/synthetic_rows/d4de84b25a1233f534a0131ac6eca24c659d94a5ed818791161258d4f02c53f8.sha256,136,5037973bb6ee93cf33a5125bd2405e5937b81707d3c0b22c2a679202d9a6ca8b,,byte inventory
runs/FINAL_PRE_X13_DEADLINE_v1/synthetic_rows/d5017e7fdd98403520f3c15a8e545847533ea5b667d35e23be476ca1a5fd05ea.json,2242,fe58a2102fe2108a72aa155b3cc78309265430d8d53f5fe0e360ab8322a617af,1,JSON parsed; structural inspection
runs/FINAL_PRE_X13_DEADLINE_v1/synthetic_rows/d5017e7fdd98403520f3c15a8e545847533ea5b667d35e23be476ca1a5fd05ea.sha256,136,ab4ef6930caf80f6bc96028c7400b4c0e83585dba01b1f6bc19551b19c58afaf,,byte inventory
runs/FINAL_PRE_X13_DEADLINE_v1/synthetic_rows/d517ead0112296b17e0dcef5c12dfa912f8647b4d825dcda15907adcb2ceddc2.json,2242,0f4b98ab0690b111c4ac0944f9a299b0f11c9261fc8e55645e2585dbefb55ddd,1,JSON parsed; structural inspection
runs/FINAL_PRE_X13_DEADLINE_v1/synthetic_rows/d517ead0112296b17e0dcef5c12dfa912f8647b4d825dcda15907adcb2ceddc2.sha256,136,004f7b079c555f0bdbeb5e97fad38350fa8a84915a23050a87d24d1a5497ff54,,byte inventory
runs/FINAL_PRE_X13_DEADLINE_v1/synthetic_rows/d55bafc926c5a3c69d6336d2624a9cf01941934bb9cf921fb8a5bf90d5dc64c4.json,2247,10c69a7d4cff5e05fb9f6798135af1f70f5790f60906cb9166254c8f032729c9,1,JSON parsed; structural inspection
runs/FINAL_PRE_X13_DEADLINE_v1/synthetic_rows/d55bafc926c5a3c69d6336d2624a9cf01941934bb9cf921fb8a5bf90d5dc64c4.sha256,136,ab57e468133130be5122b67a389344be9144c808ecc99e630283fcb6dafd63b8,,byte inventory
runs/FINAL_PRE_X13_DEADLINE_v1/synthetic_rows/d5d5cecc19ac158a8bc3add3ccd5a55fdf9ce516f9a7d5516f88fa47921cf0fa.json,2234,7e9fb84f10f6c9f71e0e068f16d385f588b6e802f33633bbcce582d9d73fa34a,1,JSON parsed; structural inspection
runs/FINAL_PRE_X13_DEADLINE_v1/synthetic_rows/d5d5cecc19ac158a8bc3add3ccd5a55fdf9ce516f9a7d5516f88fa47921cf0fa.sha256,136,130fcc65e5291cd0f895c0b086cd902e4d6566636d3b1224feb60a9db50cb473,,byte inventory
runs/FINAL_PRE_X13_DEADLINE_v1/synthetic_rows/d6372576a9a45d0b2f7e380520aa76832df0e5745d493ccfdc2c5516bf51126f.json,2240,8e3bb67a1c3f5114459a6c069b4b1a275988cb9953550ddccb3b20eb5c2a4f12,1,JSON parsed; structural inspection
runs/FINAL_PRE_X13_DEADLINE_v1/synthetic_rows/d6372576a9a45d0b2f7e380520aa76832df0e5745d493ccfdc2c5516bf51126f.sha256,136,648db8f1a620b39303c290e0f30b07446157f352583fc33af11816ebb7ed14e4,,byte inventory
runs/FINAL_PRE_X13_DEADLINE_v1/synthetic_rows/d686b543e2380e8791d0172f72be289a6ccb734ca8c23e010290a73515a55915.json,2255,135b088cb27c9db1c7b44c199de141d362f5d619014f571ec4c7810aa42a4cac,1,JSON parsed; structural inspection
runs/FINAL_PRE_X13_DEADLINE_v1/synthetic_rows/d686b543e2380e8791d0172f72be289a6ccb734ca8c23e010290a73515a55915.sha256,136,37f42d870bed77226077482741834289c43c704736d5fdfb46f7541d9644d549,,byte inventory
runs/FINAL_PRE_X13_DEADLINE_v1/synthetic_rows/d6db19ef7507ffbcce22c62365a14e6ece01f2583d76f946e232e293f59ef107.json,2247,015b4f86a00820157de96f477600a9cd58a57a80924d40d66c2be1af645f439f,1,JSON parsed; structural inspection
runs/FINAL_PRE_X13_DEADLINE_v1/synthetic_rows/d6db19ef7507ffbcce22c62365a14e6ece01f2583d76f946e232e293f59ef107.sha256,136,8c8f6dccbb01ec1ea9856079a8876aa92bbfd22d0371ee3074d6556877a33a8b,,byte inventory
runs/FINAL_PRE_X13_DEADLINE_v1/synthetic_rows/d734328d230022dbae0cf0de10ae15118c9de901bffabe680440acb8a9a8bda8.json,2244,96d0ebbd63aa161d20658629ac6f276b444d0f8a24512d6b7b41e260cc0bd084,1,JSON parsed; structural inspection
runs/FINAL_PRE_X13_DEADLINE_v1/synthetic_rows/d734328d230022dbae0cf0de10ae15118c9de901bffabe680440acb8a9a8bda8.sha256,136,fb0a92427db7486a30a9da74a979dc8e3cd80ba63f3bafcef2268a6fd8a7a7c5,,byte inventory
runs/FINAL_PRE_X13_DEADLINE_v1/synthetic_rows/d7d8ab4c08b8ff9a0dd52302e35d4a31e9d22005643e763e061ae15b2e16b3cf.json,2250,dcd1fe05b465a9de6bb402d7df11baf3b152d2fe6b2dd97f4fbbe5abf3ac3028,1,JSON parsed; structural inspection
runs/FINAL_PRE_X13_DEADLINE_v1/synthetic_rows/d7d8ab4c08b8ff9a0dd52302e35d4a31e9d22005643e763e061ae15b2e16b3cf.sha256,136,547288fcd4f0b7b58e671e2f3ebd0e3fbca5983ea0ebaa92cdf0d604bd1c5272,,byte inventory
runs/FINAL_PRE_X13_DEADLINE_v1/synthetic_rows/d7e58600b03dcc0370e1b02fbbd2c56a977dc5601504cd1aa0b965e87ed3cafe.json,2251,ba46fe1174dc73cec1cf2ded17dde1bbaf40a3ecb5d33c900b1d9c6d00407b90,1,JSON parsed; structural inspection
runs/FINAL_PRE_X13_DEADLINE_v1/synthetic_rows/d7e58600b03dcc0370e1b02fbbd2c56a977dc5601504cd1aa0b965e87ed3cafe.sha256,136,9df8d45f53a23c63407ec249c6f91b925ff793df51ab255b82f91a989002435d,,byte inventory
runs/FINAL_PRE_X13_DEADLINE_v1/synthetic_rows/d84025d7dab4f3e05c09f5b7f94ce54311b41dc4327a511a94f50935cda286d0.json,2238,50513633e676e173b1af616a9bc894a85a360d4b52427b61811b327351155a86,1,JSON parsed; structural inspection
runs/FINAL_PRE_X13_DEADLINE_v1/synthetic_rows/d84025d7dab4f3e05c09f5b7f94ce54311b41dc4327a511a94f50935cda286d0.sha256,136,870e9d667703691732d4bd4843241c37cc066cb7be9488e5e19214ad311acaf3,,byte inventory
runs/FINAL_PRE_X13_DEADLINE_v1/synthetic_rows/d8b35dde457a5ae21d14c88a6f651898642f960ffbc8a6e165e2dfe2ace246ef.json,2255,fecb4aa1ccc861394af48a60c6dae8dd2cefaf83de621cde076a4415bcc77687,1,JSON parsed; structural inspection
runs/FINAL_PRE_X13_DEADLINE_v1/synthetic_rows/d8b35dde457a5ae21d14c88a6f651898642f960ffbc8a6e165e2dfe2ace246ef.sha256,136,d68417d8e550bfc155329154ca6461094ad5b30ae9371dfd56f5882c8ac2d74e,,byte inventory
runs/FINAL_PRE_X13_DEADLINE_v1/synthetic_rows/d8b7eb1b44d21f0307207c0b69ee2432a34b6044db0b8312819e9785882b419a.json,2239,c3b5c1b373f447f6db1fc1551997a71c988e6df7ac465a60e68815ee1debf4bc,1,JSON parsed; structural inspection
runs/FINAL_PRE_X13_DEADLINE_v1/synthetic_rows/d8b7eb1b44d21f0307207c0b69ee2432a34b6044db0b8312819e9785882b419a.sha256,136,7e662b19e6a6ad779f4cee786298c65618e51c34f5e153f7f653fd4c20fbb0dc,,byte inventory
runs/FINAL_PRE_X13_DEADLINE_v1/synthetic_rows/d8fd7cd410825d8f588c7315128da79d70253913d68431b835547eea8b91fab6.json,2245,17430c8d774bba46a1e481cc01de89f208e77b08742013f5ed85ba3a69f4b6e1,1,JSON parsed; structural inspection
runs/FINAL_PRE_X13_DEADLINE_v1/synthetic_rows/d8fd7cd410825d8f588c7315128da79d70253913d68431b835547eea8b91fab6.sha256,136,64fe7f08feb1ef8dee8e6d3e11f2e1a3767aab26862fce977b753bbf0363b521,,byte inventory
runs/FINAL_PRE_X13_DEADLINE_v1/synthetic_rows/d92a71e66d04228e2916b1e36a65593ab6c3a37fbd595e01b3ec7bad87cb251c.json,2250,c3240430cdef38223c06fa58c209630b2800bf9c42ef07c3bc82c0c3a129390c,1,JSON parsed; structural inspection
runs/FINAL_PRE_X13_DEADLINE_v1/synthetic_rows/d92a71e66d04228e2916b1e36a65593ab6c3a37fbd595e01b3ec7bad87cb251c.sha256,136,d3af87aef4f96e87bec8f0103529d64a27f0455d633616eab8b78e203e76fadf,,byte inventory
runs/FINAL_PRE_X13_DEADLINE_v1/synthetic_rows/d9b7e7a52a6600393dc120e3ed64ce9dd3bd76831c5b140db8c56060b918cb20.json,2243,7e880b0daace2837bebba34bfb2ac2f3e3b043e6d91658749c9cf3b48d5b875f,1,JSON parsed; structural inspection
runs/FINAL_PRE_X13_DEADLINE_v1/synthetic_rows/d9b7e7a52a6600393dc120e3ed64ce9dd3bd76831c5b140db8c56060b918cb20.sha256,136,d24dbb028d405fe59422f63f2ab7b4a4828e57e9e0fc340415508b0dddbbf591,,byte inventory
runs/FINAL_PRE_X13_DEADLINE_v1/synthetic_rows/d9e1d5c862d9f359f0a7605d5edb4fd28a2f5b3d5d884ea43b0971056fe1dad8.json,2242,b7786f5a13a43b8c2bd5a863a7850b7fe99c737c3220686958f022e7f2ba6276,1,JSON parsed; structural inspection
runs/FINAL_PRE_X13_DEADLINE_v1/synthetic_rows/d9e1d5c862d9f359f0a7605d5edb4fd28a2f5b3d5d884ea43b0971056fe1dad8.sha256,136,a7fcc358b7bcea8ef922f81a5d3f89cf7a0be75f973eeb74f50453964bf4afb0,,byte inventory
runs/FINAL_PRE_X13_DEADLINE_v1/synthetic_rows/da5dff346619444139c4c41e8ad16e1a9f3d9098560d18918f2cc3abbebbf788.json,2246,705f413f77067e54bd67f51ec3960b83491d1cd4dc04b1af7e9d6e5f12c60adc,1,JSON parsed; structural inspection
runs/FINAL_PRE_X13_DEADLINE_v1/synthetic_rows/da5dff346619444139c4c41e8ad16e1a9f3d9098560d18918f2cc3abbebbf788.sha256,136,85ec6c9ff5afb0c95d30a3d85f162ec7d0c5cecd94e34ab246bcaa760994d8a9,,byte inventory
runs/FINAL_PRE_X13_DEADLINE_v1/synthetic_rows/da8b68d3d97f2fbf8b5f2c4e48744146692712a87c8bd2219693c5c3ae11ee2c.json,2244,db1e702d0d46bcf05ec3dbdc98014489e3f9a2147cae09950ba44a498f51b5c6,1,JSON parsed; structural inspection
runs/FINAL_PRE_X13_DEADLINE_v1/synthetic_rows/da8b68d3d97f2fbf8b5f2c4e48744146692712a87c8bd2219693c5c3ae11ee2c.sha256,136,9d537a4eed8bf70efd560013f417a72a8bae16d3a7e35811cd0125bcd11e34e6,,byte inventory
runs/FINAL_PRE_X13_DEADLINE_v1/synthetic_rows/daa98045b125af9e92fc99ce0c818853ad997240aa38728eaabbaf9d68c96fa7.json,2238,13516a62645be80e7916caf62e55872bab21018a1ecc2ccf438944e57ca44980,1,JSON parsed; structural inspection
runs/FINAL_PRE_X13_DEADLINE_v1/synthetic_rows/daa98045b125af9e92fc99ce0c818853ad997240aa38728eaabbaf9d68c96fa7.sha256,136,88a19067ea6f4f93387185e9c8dbfc90c683e7ff3f0ae951744c894a3d6349f1,,byte inventory
runs/FINAL_PRE_X13_DEADLINE_v1/synthetic_rows/dabad65035262aaafd78ea14b9fcc2843342b65776735aa4260385c4a8545903.json,2237,abb36c38b823bc72f3fbac669c3c56a84832dd91cbd7b9947b88cf9cc76da75b,1,JSON parsed; structural inspection
runs/FINAL_PRE_X13_DEADLINE_v1/synthetic_rows/dabad65035262aaafd78ea14b9fcc2843342b65776735aa4260385c4a8545903.sha256,136,db0bd6660f73bb1e5fdbd4d8617846ea5435aadf8be8be25e3cc8984b05d149e,,byte inventory
runs/FINAL_PRE_X13_DEADLINE_v1/synthetic_rows/daddc642298c90a0a51b822a2dcd3d92f9a633735e368720f7ed15b7710b8bf4.json,2233,414e06479e4cc4cbdb4767427da74f97a542ae57784a89984da54001672c14d8,1,JSON parsed; structural inspection
runs/FINAL_PRE_X13_DEADLINE_v1/synthetic_rows/daddc642298c90a0a51b822a2dcd3d92f9a633735e368720f7ed15b7710b8bf4.sha256,136,8eabba43645fdc58da73448c114b1d2a3c37c0f80f6f68f04063586d8d19ff36,,byte inventory
runs/FINAL_PRE_X13_DEADLINE_v1/synthetic_rows/dbd42eed94df9d9a746b56756b1636044f6c205cb4007e8520efe93b0421a444.json,2251,41b3dfe49c860806d030c4dc68a82c87ce6113c4eb0b380027dd445f60bfaf42,1,JSON parsed; structural inspection
runs/FINAL_PRE_X13_DEADLINE_v1/synthetic_rows/dbd42eed94df9d9a746b56756b1636044f6c205cb4007e8520efe93b0421a444.sha256,136,d041bc3a8e221706dcd389086fa4cbbc69e1bcb4a9c5499f010e4f2bd66382e2,,byte inventory
runs/FINAL_PRE_X13_DEADLINE_v1/synthetic_rows/dbe41895eb7b10762b2ed575cc27e79cb036669a4245c5e3dc5030ab48ad3d75.json,2255,94dd6a07d3ce7434cff69b5776653097897793fd887137a9ea626d78a18ab1f2,1,JSON parsed; structural inspection
runs/FINAL_PRE_X13_DEADLINE_v1/synthetic_rows/dbe41895eb7b10762b2ed575cc27e79cb036669a4245c5e3dc5030ab48ad3d75.sha256,136,ce0062e5ebfd149409f37d52526c2fdeb64033f8cb6119d0f9160ce0e12e9a5a,,byte inventory
runs/FINAL_PRE_X13_DEADLINE_v1/synthetic_rows/dc10c535fadcd583bbcc425ee29af4b1e2997e1d2a314acd087768a8aad9e20b.json,2242,4db00e85f39f80433e04fb743a01ecc3ff18baa1249c308d44215780d62c9c87,1,JSON parsed; structural inspection
runs/FINAL_PRE_X13_DEADLINE_v1/synthetic_rows/dc10c535fadcd583bbcc425ee29af4b1e2997e1d2a314acd087768a8aad9e20b.sha256,136,821aa9a82f10da998827a4457a2add876fc02c3b450597eb8a6d7aebc9e0d8c5,,byte inventory
runs/FINAL_PRE_X13_DEADLINE_v1/synthetic_rows/dc167183ee7174c11abbf980f6d680fed5580a87c76fedcecd8769a014886bf5.json,2243,6ccd66617a014fd663ffe63a5ffb085ec18a5575cd54b46c57f4cc18b8ac37d1,1,JSON parsed; structural inspection
runs/FINAL_PRE_X13_DEADLINE_v1/synthetic_rows/dc167183ee7174c11abbf980f6d680fed5580a87c76fedcecd8769a014886bf5.sha256,136,ad1da1999891b6ff545254e2e3837ba25a9f47bec349533642cbbf74973dd552,,byte inventory
runs/FINAL_PRE_X13_DEADLINE_v1/synthetic_rows/dc2812328339b52b401d36b13b7add61975a0128779430b163077f1271fbc248.json,2241,a5cf16b1e096589f09818102316a49cff78e99aca08c26e986a535169406eda5,1,JSON parsed; structural inspection
runs/FINAL_PRE_X13_DEADLINE_v1/synthetic_rows/dc2812328339b52b401d36b13b7add61975a0128779430b163077f1271fbc248.sha256,136,0d46c411f2b3b9fa35b8bc3fb106591a9928a5d3f91cf661fbe2070ac76ce68e,,byte inventory
runs/FINAL_PRE_X13_DEADLINE_v1/synthetic_rows/dc74a0c0873d79b216786975561d17f1751c341b3c29066f534fbf8caa30ba56.json,2251,595b2838eee7d0679de5204558d0d516cf699888b6d6b84eb9be559411ef45a9,1,JSON parsed; structural inspection
runs/FINAL_PRE_X13_DEADLINE_v1/synthetic_rows/dc74a0c0873d79b216786975561d17f1751c341b3c29066f534fbf8caa30ba56.sha256,136,4de0f8b701cd4043f0b2716be7edbfc75213ffb79b2711a5cef5640c97016ea1,,byte inventory
runs/FINAL_PRE_X13_DEADLINE_v1/synthetic_rows/dd26739b8883f8379fdc69854b72a8dd82986226b9ea1e61a5762d33696d6feb.json,2243,8e5631f720f1cce326cd21a9975d5e0d38dce4e37fc2889bdffe5238e44e1cea,1,JSON parsed; structural inspection
runs/FINAL_PRE_X13_DEADLINE_v1/synthetic_rows/dd26739b8883f8379fdc69854b72a8dd82986226b9ea1e61a5762d33696d6feb.sha256,136,a75e2b7f5af095b3f4b4cbba28cc19649a1a24d7cae3cf8824b5f31081708905,,byte inventory
runs/FINAL_PRE_X13_DEADLINE_v1/synthetic_rows/dd39021b8e805c2561295dac6ca015134e212d61a49c5109467840f78900cf9f.json,2235,4b3f6d3fb2c850ed2db7805a923d43688242e8ccbd29717c4404b0469a0fbb6c,1,JSON parsed; structural inspection
runs/FINAL_PRE_X13_DEADLINE_v1/synthetic_rows/dd39021b8e805c2561295dac6ca015134e212d61a49c5109467840f78900cf9f.sha256,136,b38c1ba1d35f5c6a28238f70453901281ff9dff84887bfd8e9249aaa08fccc45,,byte inventory
runs/FINAL_PRE_X13_DEADLINE_v1/synthetic_rows/ddfa1a6c8c06aad71ae3ff0c3077e67793608efc3462338431fa4044c4a7dfb9.json,2247,0fbdb7c839e8b0b20e64c5addd3f4fd9647bb53824f17efbf90b52c00d4edb33,1,JSON parsed; structural inspection
runs/FINAL_PRE_X13_DEADLINE_v1/synthetic_rows/ddfa1a6c8c06aad71ae3ff0c3077e67793608efc3462338431fa4044c4a7dfb9.sha256,136,9691e14ab8332397c76f2f3e93adca92283fb7120d9660ac0f8070f8b3490573,,byte inventory
runs/FINAL_PRE_X13_DEADLINE_v1/synthetic_rows/de6531eb41cc5dbe033861ef7585c16066a022562c38303f463843cd9c76df56.json,2234,4a85154b26e0e2dcebb873bc36d0d5bd0ee130639b53e09fb16aa9daaf5772d1,1,JSON parsed; structural inspection
runs/FINAL_PRE_X13_DEADLINE_v1/synthetic_rows/de6531eb41cc5dbe033861ef7585c16066a022562c38303f463843cd9c76df56.sha256,136,5241cd5839156023ee3f1f69e4457ae8538810699a52c7837c8b65fceb923db9,,byte inventory
runs/FINAL_PRE_X13_DEADLINE_v1/synthetic_rows/de83f137654b4295439620feeaf6fa415314dd77dfc1b54df797000228584328.json,2234,47747e3362caec9be7b67bd9dbb2d18c43e51c15c808e9eb1353a1aadb0a6005,1,JSON parsed; structural inspection
runs/FINAL_PRE_X13_DEADLINE_v1/synthetic_rows/de83f137654b4295439620feeaf6fa415314dd77dfc1b54df797000228584328.sha256,136,32275cb25e9db86a51899bba09c047be0c4d410fdb23bf11a7329129c6f626b4,,byte inventory
runs/FINAL_PRE_X13_DEADLINE_v1/synthetic_rows/df3d02c3eed211f2544c1bc9158582fabf62e55fa5bfb7109e2c6de0023b7824.json,2231,a8119a42507e5b3b83dcfaa3880effbe2f1e0842e4e60179c479bcff909c2327,1,JSON parsed; structural inspection
runs/FINAL_PRE_X13_DEADLINE_v1/synthetic_rows/df3d02c3eed211f2544c1bc9158582fabf62e55fa5bfb7109e2c6de0023b7824.sha256,136,7a0db56a713060c8a6c6ad0d999eb34cd110f81a320ba273fc0f5a9010e97f51,,byte inventory
runs/FINAL_PRE_X13_DEADLINE_v1/synthetic_rows/df46ef4b65c09e5cd35bcebe745e22264834e5695c7720c039dcd31cbce50d6a.json,2246,af2ff2366ecb361c0c94177b139f1c9f7b4fc1e3a17452b6528b3607bcb6514d,1,JSON parsed; structural inspection
runs/FINAL_PRE_X13_DEADLINE_v1/synthetic_rows/df46ef4b65c09e5cd35bcebe745e22264834e5695c7720c039dcd31cbce50d6a.sha256,136,c9262d293c1c9e5cb6bf6451f98d54d841f13a1a69a90cf9953d9955ee7e7f37,,byte inventory
runs/FINAL_PRE_X13_DEADLINE_v1/synthetic_rows/dfd1c09ca3f84d5a8d35bae63e10cbcdda322f39cd226c1cb4bd447c8dba9b12.json,2234,8600d96ba45b45ea2cf303ec72aca0d5e7855bfa9dd4baac42fa342e51aa98ad,1,JSON parsed; structural inspection
runs/FINAL_PRE_X13_DEADLINE_v1/synthetic_rows/dfd1c09ca3f84d5a8d35bae63e10cbcdda322f39cd226c1cb4bd447c8dba9b12.sha256,136,bc1e8be17530c4db4d6c6bbb6bad66f821757671b5156bf7f05ae7db77804599,,byte inventory
runs/FINAL_PRE_X13_DEADLINE_v1/synthetic_rows/e1fab8d026d81b0c4b4cbf642066a1bab90a04a01557288670a177ac13f811d4.json,2249,55e5188e5ded4b336d936c06d40705a7927b557d12b461a1781f5bea782a4049,1,JSON parsed; structural inspection
runs/FINAL_PRE_X13_DEADLINE_v1/synthetic_rows/e1fab8d026d81b0c4b4cbf642066a1bab90a04a01557288670a177ac13f811d4.sha256,136,9db5ca6d6e71ee583b485b8a1ccbb26a269b1abdcef30eae9398b061d22bf08e,,byte inventory
runs/FINAL_PRE_X13_DEADLINE_v1/synthetic_rows/e233f26f6558692dd2213c33f5fbfc9415633e9e2911a06565937ad103038406.json,2244,0f3cf614b4c82094a65904fa3f51271e61b56bce4d3e4377771db95cd1791f24,1,JSON parsed; structural inspection
runs/FINAL_PRE_X13_DEADLINE_v1/synthetic_rows/e233f26f6558692dd2213c33f5fbfc9415633e9e2911a06565937ad103038406.sha256,136,8783fa9759e46a47b6314bb4deb7a7c280d8d633343d61579d318f4fb6533b5d,,byte inventory
runs/FINAL_PRE_X13_DEADLINE_v1/synthetic_rows/e2756c8ba6c2ddcc7e7a9229f7357afd788d45d3d23ee2e757904363207491c6.json,2250,e2fdbf30b2e2d5c01603d45f33d6149b9e9298f8bc06975507a09691a364847b,1,JSON parsed; structural inspection
runs/FINAL_PRE_X13_DEADLINE_v1/synthetic_rows/e2756c8ba6c2ddcc7e7a9229f7357afd788d45d3d23ee2e757904363207491c6.sha256,136,d1316dcdd51bad510258608c0bdf2e9733ccc31356d0cd24850822f559fea3b1,,byte inventory
runs/FINAL_PRE_X13_DEADLINE_v1/synthetic_rows/e2e27a61366f27a2dbeb23f70d200839ecc78b836755f90076ad148be05e59a0.json,2250,c24747599742e85ccf671a22486d3e40f646fe697cc5004bcf2757b59c8db9cf,1,JSON parsed; structural inspection
runs/FINAL_PRE_X13_DEADLINE_v1/synthetic_rows/e2e27a61366f27a2dbeb23f70d200839ecc78b836755f90076ad148be05e59a0.sha256,136,9c11d1333d8ac92b8b9160bb485cd37b9c136cb4defd543762c09e6c5dc474cf,,byte inventory
runs/FINAL_PRE_X13_DEADLINE_v1/synthetic_rows/e32999531f087f4478d6eccf7e616854b6fdc5fcb0c76b4ac0ad91f67a6754d5.json,2240,5abb1c162f4390c4eec585fbddd30c22c0cd02617169b79999b1b63a8e7eaa66,1,JSON parsed; structural inspection
runs/FINAL_PRE_X13_DEADLINE_v1/synthetic_rows/e32999531f087f4478d6eccf7e616854b6fdc5fcb0c76b4ac0ad91f67a6754d5.sha256,136,f4bda8402cdf1f176530754968d83029b137ea6501d22558abb79162714154fa,,byte inventory
runs/FINAL_PRE_X13_DEADLINE_v1/synthetic_rows/e427f50be4cbdc56bcb3d5468c38bc32551e7fbc9b67d9fcee66ac9f0e20f866.json,2246,b27db9ab9030ac659f866f3927f8165d66754e18cd927ef6409efe17c9bfd281,1,JSON parsed; structural inspection
runs/FINAL_PRE_X13_DEADLINE_v1/synthetic_rows/e427f50be4cbdc56bcb3d5468c38bc32551e7fbc9b67d9fcee66ac9f0e20f866.sha256,136,5f84e14382fb354c3b708d352ac63c7230f606909411d159839eaf33df484166,,byte inventory
runs/FINAL_PRE_X13_DEADLINE_v1/synthetic_rows/e45b84890e2ace47cc87bdf00234ce33d54bf7b3ddcf334dc094f6a9c41945c2.json,2234,ca4bd40458e79e481b35f902771d938d9976034b9f560518d872f758d319a4ed,1,JSON parsed; structural inspection
runs/FINAL_PRE_X13_DEADLINE_v1/synthetic_rows/e45b84890e2ace47cc87bdf00234ce33d54bf7b3ddcf334dc094f6a9c41945c2.sha256,136,0129ccd3002c396ab6f243fe5db6da77ca081a94b6f95a0546486805d6172445,,byte inventory
runs/FINAL_PRE_X13_DEADLINE_v1/synthetic_rows/e46b0ba3ef4d71b0bf9ad649f2f6daede9353f2cb46d8389aa01707387ec0a0e.json,2242,28752de6e5be0387b153c13b82f0a60cddcbbfd94184f2170df90cdf90ad31a6,1,JSON parsed; structural inspection
runs/FINAL_PRE_X13_DEADLINE_v1/synthetic_rows/e46b0ba3ef4d71b0bf9ad649f2f6daede9353f2cb46d8389aa01707387ec0a0e.sha256,136,3be25ea885ec54c99ac91cea2a17c808a2dfbc16f29c8f760fba70d67e75ccc2,,byte inventory
runs/FINAL_PRE_X13_DEADLINE_v1/synthetic_rows/e4c7a3ab971f44bfec12984e494877e005bd4182a5d84b8ce2c7e74e75dd0387.json,2234,84f2ba0cf360fa10df1bb43db7e02925347c36eae6f61d3abb701c60cdad3c3e,1,JSON parsed; structural inspection
runs/FINAL_PRE_X13_DEADLINE_v1/synthetic_rows/e4c7a3ab971f44bfec12984e494877e005bd4182a5d84b8ce2c7e74e75dd0387.sha256,136,61f9451ddca5b15cf49029a19a06442c02cc55d6c058bbea8cb29886f9376af9,,byte inventory
runs/FINAL_PRE_X13_DEADLINE_v1/synthetic_rows/e4f664f4ae1664c86f92678a40fbe95a7df771075088639cfc8e27562b38330b.json,2241,e7b36bc21031768d1008f5b8847ea8e0c3f21d71315669e7fb2e44b8f3ab0ba1,1,JSON parsed; structural inspection
runs/FINAL_PRE_X13_DEADLINE_v1/synthetic_rows/e4f664f4ae1664c86f92678a40fbe95a7df771075088639cfc8e27562b38330b.sha256,136,c224734bd74e4f91847cd576543f8f1721d37b8948f1ae5cba8e0e69c19c4589,,byte inventory
runs/FINAL_PRE_X13_DEADLINE_v1/synthetic_rows/e5603a9fbe8b00da2b13320c53fd730ff5dae43bfad4e212f393d11cf7c0ba67.json,2245,da83976db7b6749ac17f9f9a7c59e7894fe4cdc227130327aee66994db35cf82,1,JSON parsed; structural inspection
runs/FINAL_PRE_X13_DEADLINE_v1/synthetic_rows/e5603a9fbe8b00da2b13320c53fd730ff5dae43bfad4e212f393d11cf7c0ba67.sha256,136,b36504ae57a1fe2b0c524a5e8b3e571a29edad26d63efaa9f4d3475d96a875e1,,byte inventory
runs/FINAL_PRE_X13_DEADLINE_v1/synthetic_rows/e58e341e469b246d696a4a79cb1394b8c2bc3bddc781964e7e6d9d805c1ae443.json,2241,4ee07e0082b8364a8bc57baed8594e73a13dbd169f5084d8c0d4fdb3b3da1451,1,JSON parsed; structural inspection
runs/FINAL_PRE_X13_DEADLINE_v1/synthetic_rows/e58e341e469b246d696a4a79cb1394b8c2bc3bddc781964e7e6d9d805c1ae443.sha256,136,3869aeaaf8a5f3af0c1abed90dad8ceea8f6e3442056aec628506e9b59ff2dc0,,byte inventory
runs/FINAL_PRE_X13_DEADLINE_v1/synthetic_rows/e6dcea3d408bf27617d8bfdacea69a6bf8a3e27257e2fb2de2990a203e20dbd7.json,2251,ad76d62fb76cbab9c250b432de5cdc8d838c7cea507e6a670ab4571635b23e0d,1,JSON parsed; structural inspection
runs/FINAL_PRE_X13_DEADLINE_v1/synthetic_rows/e6dcea3d408bf27617d8bfdacea69a6bf8a3e27257e2fb2de2990a203e20dbd7.sha256,136,108a48c0110fc55d6ff652501c056a58d67d704ec9b2ab0160ae2170283689f2,,byte inventory
runs/FINAL_PRE_X13_DEADLINE_v1/synthetic_rows/e7dd03d8d25282631cbe4e1775921e5ca241be954210b743bd96b5f347009892.json,2245,b2013495d8a48429209720b4fc7480f273198f7a5cf3af8c5f7ef2841c42acfd,1,JSON parsed; structural inspection
runs/FINAL_PRE_X13_DEADLINE_v1/synthetic_rows/e7dd03d8d25282631cbe4e1775921e5ca241be954210b743bd96b5f347009892.sha256,136,1eebf4a4511e75fe3bb2783b30e77025bbb7bf71eb1ec14f3a5938b6690aef29,,byte inventory
runs/FINAL_PRE_X13_DEADLINE_v1/synthetic_rows/e86453ae37ead67a772a68fa1df6e5c398743eb5cfef0afd64c7867bf262d6a3.json,2255,22041151b70362eebc790a1d865921d6debbce784b5ef22edb457aad089aa966,1,JSON parsed; structural inspection
runs/FINAL_PRE_X13_DEADLINE_v1/synthetic_rows/e86453ae37ead67a772a68fa1df6e5c398743eb5cfef0afd64c7867bf262d6a3.sha256,136,647d6c9182959d01250c40a7976cade1b4d1601bc26d49964b972e31fbb5ab7e,,byte inventory
runs/FINAL_PRE_X13_DEADLINE_v1/synthetic_rows/e8acafe829414381047030d8215717da30f488c1e4699e180a315d2518c5cd01.json,2234,fcbd91124799205f1e6b15ca7c1c234487e3e1776ba0fd20424be4373bd36df1,1,JSON parsed; structural inspection
runs/FINAL_PRE_X13_DEADLINE_v1/synthetic_rows/e8acafe829414381047030d8215717da30f488c1e4699e180a315d2518c5cd01.sha256,136,6bdafc8183560f6a03ab3eebf018d4ee76abae9a5c44eac9ec6ea0914bc8e3e2,,byte inventory
runs/FINAL_PRE_X13_DEADLINE_v1/synthetic_rows/e915575e62ea9d4392ac3e2dce5b09f3b1142be337d8b27d9535d98f75d48bbc.json,2243,0def80e09860198288fed79d97810ee8b3ce0c4fb075c7a51187712aef4e6b4f,1,JSON parsed; structural inspection
runs/FINAL_PRE_X13_DEADLINE_v1/synthetic_rows/e915575e62ea9d4392ac3e2dce5b09f3b1142be337d8b27d9535d98f75d48bbc.sha256,136,ba8a8558f8c8e9fed133ea74fd5c938b8e4f24cf0cb68b76271a9822dc478880,,byte inventory
runs/FINAL_PRE_X13_DEADLINE_v1/synthetic_rows/e9155d9dcc7d2723f54deea908a3d2d83ba8976e409cb7696066b8313d40f224.json,2244,06bea0818a6cea60ca2ca4b179d353569efe263f0c98c72e8ee5b047ddfa644e,1,JSON parsed; structural inspection
runs/FINAL_PRE_X13_DEADLINE_v1/synthetic_rows/e9155d9dcc7d2723f54deea908a3d2d83ba8976e409cb7696066b8313d40f224.sha256,136,1aecc74db3f82b36c41eb3af612ec147b48dba0bbcb9e0a8987e5822556511b1,,byte inventory
runs/FINAL_PRE_X13_DEADLINE_v1/synthetic_rows/e9a3354f64c67f3aed9e0bf196479f6dd8560a6b2c1abcfd47056ee6a18b975a.json,2247,2d96216898ab72ea011eaddd66ffacffd0d1c869731c004dc549f1eb61c08ee6,1,JSON parsed; structural inspection
runs/FINAL_PRE_X13_DEADLINE_v1/synthetic_rows/e9a3354f64c67f3aed9e0bf196479f6dd8560a6b2c1abcfd47056ee6a18b975a.sha256,136,50f62df33671fe27158cd43dcec7db7777881b252d33dea6b8bcfe356f9157c6,,byte inventory
runs/FINAL_PRE_X13_DEADLINE_v1/synthetic_rows/e9e71902517feb3654cbb2dd1162ff7b43cb651a4f1b9ce0cc7d1e460b090ce7.json,2233,e3eb39d422648db4c3119e15c3e6da3cabf72054186665b6e3c1901a91806a79,1,JSON parsed; structural inspection
runs/FINAL_PRE_X13_DEADLINE_v1/synthetic_rows/e9e71902517feb3654cbb2dd1162ff7b43cb651a4f1b9ce0cc7d1e460b090ce7.sha256,136,bdc8610d2a627ec6300eb1467276a2b8c6d3ca141f80bda4a826b4453b30f3aa,,byte inventory
runs/FINAL_PRE_X13_DEADLINE_v1/synthetic_rows/ea64a29aa98c9a12ef8d66624bd71bb3c6fe3d72fa0270c8730f39e7fda91e37.json,2252,803a501d7f14991d90833b4e7d44f2df2bc2352e147ec5aaca34aa830a6fd0a2,1,JSON parsed; structural inspection
runs/FINAL_PRE_X13_DEADLINE_v1/synthetic_rows/ea64a29aa98c9a12ef8d66624bd71bb3c6fe3d72fa0270c8730f39e7fda91e37.sha256,136,82c91b430192445364468b3e8190171277043eadfc7d6e9ce09a5cc7fadf770d,,byte inventory
runs/FINAL_PRE_X13_DEADLINE_v1/synthetic_rows/ea6b6bcb2b60569c1437d0526633b16a82af070449f73df2f41d2cc891c64dc2.json,2225,d2f88aa56fe3685a3a9142f196d8ed005f0af5ba3f8236af30f17f0d5c51289c,1,JSON parsed; structural inspection
runs/FINAL_PRE_X13_DEADLINE_v1/synthetic_rows/ea6b6bcb2b60569c1437d0526633b16a82af070449f73df2f41d2cc891c64dc2.sha256,136,b990c19cda3c42fef211d42bec60d28aa6a78c9f8bccaa80bed7b731bfd909ed,,byte inventory
runs/FINAL_PRE_X13_DEADLINE_v1/synthetic_rows/ea77a8e9010df560e698606243db7e2feeeed7b1d27286786e54a2090e08e376.json,2244,b82f804e80727ad5adde019295fa54d5a494b72ba38a5e1a53180ef8fb91fa22,1,JSON parsed; structural inspection
runs/FINAL_PRE_X13_DEADLINE_v1/synthetic_rows/ea77a8e9010df560e698606243db7e2feeeed7b1d27286786e54a2090e08e376.sha256,136,da1081e41850f7dc943d1f7fde1ff038de5083c8e17e45c3aac6da8052a91798,,byte inventory
runs/FINAL_PRE_X13_DEADLINE_v1/synthetic_rows/eae017fca8d30cd9450c73f369d219754705fb1195c74f948d12dca587d2e134.json,2226,548704dba97bf25cf71372d6cf6a1dcf0d94782551b314e0180b38cbc4941c0f,1,JSON parsed; structural inspection
runs/FINAL_PRE_X13_DEADLINE_v1/synthetic_rows/eae017fca8d30cd9450c73f369d219754705fb1195c74f948d12dca587d2e134.sha256,136,26f30910ccf7d82840599ca657bb69876b2e34d8c19c1ba0c9179163dfa33244,,byte inventory
runs/FINAL_PRE_X13_DEADLINE_v1/synthetic_rows/eaedc14d90a12e86404cad08dd3e32c5b814e2baaadbdbb2f1365b7962bf6034.json,2242,969bd6957309d5046153a6cc99998f74a134f5d07aab3ffb02822b3ea3ac0662,1,JSON parsed; structural inspection
runs/FINAL_PRE_X13_DEADLINE_v1/synthetic_rows/eaedc14d90a12e86404cad08dd3e32c5b814e2baaadbdbb2f1365b7962bf6034.sha256,136,dc1d6f3459d3f4076971c29c62612993f79b3b32b988aef13e76d37db2eb7453,,byte inventory
runs/FINAL_PRE_X13_DEADLINE_v1/synthetic_rows/ebdc4ac9e6c8c3bf6247d4fd5c321c364a864b2a811bab80f2c941cc0b57ed13.json,2237,9b3b7b58973094878fe03f11d14fa15d3410346305797bdff36cc5d253f27917,1,JSON parsed; structural inspection
runs/FINAL_PRE_X13_DEADLINE_v1/synthetic_rows/ebdc4ac9e6c8c3bf6247d4fd5c321c364a864b2a811bab80f2c941cc0b57ed13.sha256,136,d0ed963b7a4f7a91a046a9d3496ffe8657da9132997ea0c2bef9f3e1890cdab7,,byte inventory
runs/FINAL_PRE_X13_DEADLINE_v1/synthetic_rows/ec0bdd543ac19da6e74935009ae1ae3bbf4635b16ff20ce14ebd53ec20b3e04a.json,2240,f5a6016464d5a2597e57809b61009fa323d30b39413460768a1196a1fa2770ba,1,JSON parsed; structural inspection
runs/FINAL_PRE_X13_DEADLINE_v1/synthetic_rows/ec0bdd543ac19da6e74935009ae1ae3bbf4635b16ff20ce14ebd53ec20b3e04a.sha256,136,0e58469344f5a89aac6960c29ace47e9bab157a679e70d04dd0dc86e3622deef,,byte inventory
runs/FINAL_PRE_X13_DEADLINE_v1/synthetic_rows/ec8e169ccc176e4ee5c0d973aed732c70f3e1504c1334473c88f427d35a5d6fa.json,2251,4639ef7077cba48a480283673971f837e07743a6fdcccbbabde1b8521400381d,1,JSON parsed; structural inspection
runs/FINAL_PRE_X13_DEADLINE_v1/synthetic_rows/ec8e169ccc176e4ee5c0d973aed732c70f3e1504c1334473c88f427d35a5d6fa.sha256,136,e93fa91dc84dad55cc56c9157434ddefda6e18e2761f16bda3e44a7153d3ebd8,,byte inventory
runs/FINAL_PRE_X13_DEADLINE_v1/synthetic_rows/eced40abe0cb4a67589c8cb439c1c9786f13508c6076d447d291eb9484f5c5e8.json,2252,9453b0b4a13065a2fc59d184de4f31663863fa849b78014e97c55c8330955bc6,1,JSON parsed; structural inspection
runs/FINAL_PRE_X13_DEADLINE_v1/synthetic_rows/eced40abe0cb4a67589c8cb439c1c9786f13508c6076d447d291eb9484f5c5e8.sha256,136,134f311da2d9f51259c7f5888634316b97eb43661d3866c5cae8109fe4a40051,,byte inventory
runs/FINAL_PRE_X13_DEADLINE_v1/synthetic_rows/ed3235feccd1083bf68bf98ce30d05691a71ff556dfc579e4111d95b39c77234.json,2256,d6d207723fb9915678104c99cb56831f38f38ee9b344a422ff506a656495aad0,1,JSON parsed; structural inspection
runs/FINAL_PRE_X13_DEADLINE_v1/synthetic_rows/ed3235feccd1083bf68bf98ce30d05691a71ff556dfc579e4111d95b39c77234.sha256,136,88596a862a541ff29e4def0596cd62120abd1475e9d52878be6c90c81c8d5adc,,byte inventory
runs/FINAL_PRE_X13_DEADLINE_v1/synthetic_rows/ee8032cf4ea7c0d3ade86c839f22b69e77800aa5fbf72be0df938724ba9481ca.json,2250,e334fc2178ff92f087004b547e9ca3d4bb0c91c2d984b836f856303f774710fc,1,JSON parsed; structural inspection
runs/FINAL_PRE_X13_DEADLINE_v1/synthetic_rows/ee8032cf4ea7c0d3ade86c839f22b69e77800aa5fbf72be0df938724ba9481ca.sha256,136,0d587ce188c623fecd8d957e73ffadb840acdfe0a99e99c5e5203780eb904a64,,byte inventory
runs/FINAL_PRE_X13_DEADLINE_v1/synthetic_rows/eeeb170daa23080fe91ee39f8b16857398758f6126ead2e4c7782c7b4661b88f.json,2233,5e1d5780fedf6339faa9c643fc5c8190f3928af5fc92c0a301d0b8035afe0db7,1,JSON parsed; structural inspection
runs/FINAL_PRE_X13_DEADLINE_v1/synthetic_rows/eeeb170daa23080fe91ee39f8b16857398758f6126ead2e4c7782c7b4661b88f.sha256,136,9c96f03b88a037c479afbd37cd9e64e945f5e4fa5111579e0a8209ca15cc05b2,,byte inventory
runs/FINAL_PRE_X13_DEADLINE_v1/synthetic_rows/ef66ec942577e79f815479a3cfd6f55d1c893a3fe276eda12fcaedf64b52f2b6.json,2243,55cfdba3c09ac8d8ef9ed3bed19967cab0357a067c539e182cc6bf69e6d091c7,1,JSON parsed; structural inspection
runs/FINAL_PRE_X13_DEADLINE_v1/synthetic_rows/ef66ec942577e79f815479a3cfd6f55d1c893a3fe276eda12fcaedf64b52f2b6.sha256,136,91c5e70aee94af211bef2b5aa7520caf2c0d6baa182ae5bfa1bc3bce36d77de3,,byte inventory
runs/FINAL_PRE_X13_DEADLINE_v1/synthetic_rows/ef8d17d21dd65960d44cb782f51a2da40bbf9e4184fb682aaf7b1db1b1475a3e.json,2236,fbf59d12ce64a5edf124e9e6b9318522e7440113484507b2ace7a0801163a5d0,1,JSON parsed; structural inspection
runs/FINAL_PRE_X13_DEADLINE_v1/synthetic_rows/ef8d17d21dd65960d44cb782f51a2da40bbf9e4184fb682aaf7b1db1b1475a3e.sha256,136,109d78566e9ebc0eb05f49e139730eca036c696f40b9cbaf8727d2ef24727072,,byte inventory
runs/FINAL_PRE_X13_DEADLINE_v1/synthetic_rows/efa3dcf372eb9125eff536fdbd9c77534f3baa17a52b7c9476abbda310e2f978.json,2245,b0ee82773dec281f48948279eba16d0c138a297434f50e7fe589d6ce2fbf3755,1,JSON parsed; structural inspection
runs/FINAL_PRE_X13_DEADLINE_v1/synthetic_rows/efa3dcf372eb9125eff536fdbd9c77534f3baa17a52b7c9476abbda310e2f978.sha256,136,2d2797b0a3775278cacc97039bbc4e43cfa9dc796644e06cb94b2bdc55397762,,byte inventory
runs/FINAL_PRE_X13_DEADLINE_v1/synthetic_rows/efc7f7d21df3e9fb9783e0c7acf7c802492b9bb85f3c1ff51b387b88589a09f1.json,2255,a59965d88665570f7a89f3cddeca8f1ee6a60300a06287a37664a044ccd1b97d,1,JSON parsed; structural inspection
runs/FINAL_PRE_X13_DEADLINE_v1/synthetic_rows/efc7f7d21df3e9fb9783e0c7acf7c802492b9bb85f3c1ff51b387b88589a09f1.sha256,136,0f12edd35a9faacfbe6dfb526d13d019d876c0bc6248d630ef40ec985814fa76,,byte inventory
runs/FINAL_PRE_X13_DEADLINE_v1/synthetic_rows/f1d5e6f5cc2d9fd69b75dc5cb3cdf229d3b81bdfe417af311ae468de757fb5f7.json,2232,f5f08971caffd7d14ad90864540434472d18b7be906fbf5d89a3655f9db553f0,1,JSON parsed; structural inspection
runs/FINAL_PRE_X13_DEADLINE_v1/synthetic_rows/f1d5e6f5cc2d9fd69b75dc5cb3cdf229d3b81bdfe417af311ae468de757fb5f7.sha256,136,99e8352a0bee2ec258c14313d6dcd4367e3c8f66c8749535bf43130090ac40ad,,byte inventory
runs/FINAL_PRE_X13_DEADLINE_v1/synthetic_rows/f1eca8929c3d617b1edddf13c885dff471f9a6128c12bca40ccb60edf3e93a25.json,2256,ae08313d5ce92d3b6a008418039fb7001df72498937587daaa471ba4841874d2,1,JSON parsed; structural inspection
runs/FINAL_PRE_X13_DEADLINE_v1/synthetic_rows/f1eca8929c3d617b1edddf13c885dff471f9a6128c12bca40ccb60edf3e93a25.sha256,136,73cfb5eed7f0c13b6abfe4adc643335365a94d02252657d8a638bb1fb2d08a9a,,byte inventory
runs/FINAL_PRE_X13_DEADLINE_v1/synthetic_rows/f1ff833077163f1287639212b79cd51f2c88b637af66d0a0fc08c388e3e72fac.json,2229,cea4111ba717b8818bda2126311a4e2a1d77907a4c11cbeba0a49932f1add81d,1,JSON parsed; structural inspection
runs/FINAL_PRE_X13_DEADLINE_v1/synthetic_rows/f1ff833077163f1287639212b79cd51f2c88b637af66d0a0fc08c388e3e72fac.sha256,136,f0a3adc6cfda1f87a626c7a8a0de1bfcfb993007a160296082bf4fa5d7b0eee1,,byte inventory
runs/FINAL_PRE_X13_DEADLINE_v1/synthetic_rows/f234d854e711e6e27540632f793a7b13516f0f8dff00fa292120ed9f726d9258.json,2240,4373251637b7ffde8c45addad99a99cad6976a619693970c44fe0bdaac5c5963,1,JSON parsed; structural inspection
runs/FINAL_PRE_X13_DEADLINE_v1/synthetic_rows/f234d854e711e6e27540632f793a7b13516f0f8dff00fa292120ed9f726d9258.sha256,136,a5ffd0d16b3730cc1f1ed08af64c040e1cfd0453059a6fcb4b52d958cdb35f58,,byte inventory
runs/FINAL_PRE_X13_DEADLINE_v1/synthetic_rows/f278cbb6eaba9dd5b98449dce3d40122522e09858ca832c81c7036ca034935c6.json,2255,2e57200aabf1a6364b89c18139dc28c1ac62414aa6c9be8a7a8e9fcacf1755ac,1,JSON parsed; structural inspection
runs/FINAL_PRE_X13_DEADLINE_v1/synthetic_rows/f278cbb6eaba9dd5b98449dce3d40122522e09858ca832c81c7036ca034935c6.sha256,136,5fa3eb420897eb2899116462e0af4221b5b1cdb089cdfff190eff1e6eb8e3378,,byte inventory
runs/FINAL_PRE_X13_DEADLINE_v1/synthetic_rows/f2c7813341d4971783118f2d28d1786dd37d1c41ced9e08388fdc5b1673b4b20.json,2251,ba4f032d9ee63c796c485fcd90f5142eec8d38379daec2f3bd4816cf12939e95,1,JSON parsed; structural inspection
runs/FINAL_PRE_X13_DEADLINE_v1/synthetic_rows/f2c7813341d4971783118f2d28d1786dd37d1c41ced9e08388fdc5b1673b4b20.sha256,136,57d5b88089fa853474134b34ca1004faf41a1c3b7a6df5678194c7ecd6a64f15,,byte inventory
runs/FINAL_PRE_X13_DEADLINE_v1/synthetic_rows/f2ffe02e00443efb9ce77ef0978785b8acb9163536638f977333e308efbe3ef9.json,2242,6c2804edbf0ac069e1ff61d0bb64f4b6cae68d0fe1d197f26944583dfe58eb81,1,JSON parsed; structural inspection
runs/FINAL_PRE_X13_DEADLINE_v1/synthetic_rows/f2ffe02e00443efb9ce77ef0978785b8acb9163536638f977333e308efbe3ef9.sha256,136,4a01888246702c104d383b5f18e288060c5b097b1f8f5b73737905bc8d88db2c,,byte inventory
runs/FINAL_PRE_X13_DEADLINE_v1/synthetic_rows/f32498877d2d9179276b34f3b446a9ef7cdc399908787c5ac8fc48de789a0a33.json,2245,4b7a86905e0c469de715d39b4fe75d259b7918d685a5f2cb362e5d3bc8d87f41,1,JSON parsed; structural inspection
runs/FINAL_PRE_X13_DEADLINE_v1/synthetic_rows/f32498877d2d9179276b34f3b446a9ef7cdc399908787c5ac8fc48de789a0a33.sha256,136,747d71b912ef558d27fdede895094c654f096ed01a673216d43e6a909ea51ff8,,byte inventory
runs/FINAL_PRE_X13_DEADLINE_v1/synthetic_rows/f32e67ec7cd1f66da1a77eba29c4a5c87cf8d93b440c4592fc27483b1359aa96.json,2242,68a36be4c6d4f9402cc1e20a40ebc94df44d507395f22abc366bfd5fc213435a,1,JSON parsed; structural inspection
runs/FINAL_PRE_X13_DEADLINE_v1/synthetic_rows/f32e67ec7cd1f66da1a77eba29c4a5c87cf8d93b440c4592fc27483b1359aa96.sha256,136,f0628124762f64c79395834a6617bdcb6dd25a2cd29d421800e9d4f7c2876119,,byte inventory
runs/FINAL_PRE_X13_DEADLINE_v1/synthetic_rows/f3b87dadf195c654998050f0a8592adc014b9aa8e3a8c135380de2b912fcbd0f.json,2253,b46d6e481836f4b24019cb998e652f7f8708a60431858733e91232e9e78fbdc0,1,JSON parsed; structural inspection
runs/FINAL_PRE_X13_DEADLINE_v1/synthetic_rows/f3b87dadf195c654998050f0a8592adc014b9aa8e3a8c135380de2b912fcbd0f.sha256,136,4a648520ad61aa188c6a66f1b3934c4893bf0d6be244a4d5ba7e55a28b6b29d1,,byte inventory
runs/FINAL_PRE_X13_DEADLINE_v1/synthetic_rows/f3b926750d2481c3de0f6abe84d33a381b1d63d315e32c46c532830f498f38e1.json,2234,fe52f6e881bc2793e613a53eb2b9c7ff0684cc2806cbb750c006a1ef47471ed0,1,JSON parsed; structural inspection
runs/FINAL_PRE_X13_DEADLINE_v1/synthetic_rows/f3b926750d2481c3de0f6abe84d33a381b1d63d315e32c46c532830f498f38e1.sha256,136,82fc22deb8433a7c877b61c952ae32c6f1aba991daf6801288989b6230906380,,byte inventory
runs/FINAL_PRE_X13_DEADLINE_v1/synthetic_rows/f40eb8150ababe56e1dc28e44e64a497d67ecd340fd2e3ad820011753765f41b.json,2235,989bc645fc0b95c1e4c6c0274524c8540ee05aac9d8e494ad9bdd8296eff12a9,1,JSON parsed; structural inspection
runs/FINAL_PRE_X13_DEADLINE_v1/synthetic_rows/f40eb8150ababe56e1dc28e44e64a497d67ecd340fd2e3ad820011753765f41b.sha256,136,b73410dd6d59aa43d099acad943c9cb78dbcdc12586b1990c2dccd5d12f63cf5,,byte inventory
runs/FINAL_PRE_X13_DEADLINE_v1/synthetic_rows/f42c47528651452fb2a3a91e9faf514bf03defc501dd518cbed0e7ba7437b6f4.json,2242,cc47d1f33d4c895fa84c6adcc893f2b1961b96b1e316a03c776d5cd1e6a2a1d3,1,JSON parsed; structural inspection
runs/FINAL_PRE_X13_DEADLINE_v1/synthetic_rows/f42c47528651452fb2a3a91e9faf514bf03defc501dd518cbed0e7ba7437b6f4.sha256,136,f95f5e6f885388bfe2b72bd341b2cc5fb68260f5a0ab83ddada0ef42b9021d78,,byte inventory
runs/FINAL_PRE_X13_DEADLINE_v1/synthetic_rows/f4a865a0d240dddf06ff5aa7b764ff025065f247f16c55e63b3bb9f15cb1676d.json,2233,9ff45dc4a035733d7e63340005cc9deb670dbac92cfa6133cf8f8f1d56f1dc9e,1,JSON parsed; structural inspection
runs/FINAL_PRE_X13_DEADLINE_v1/synthetic_rows/f4a865a0d240dddf06ff5aa7b764ff025065f247f16c55e63b3bb9f15cb1676d.sha256,136,61440c825527f062fcf745e012ff7d9cd0440c31977d7e1f7e77efa028cebfaa,,byte inventory
runs/FINAL_PRE_X13_DEADLINE_v1/synthetic_rows/f4c94624eab222dd345921c1118e3866cfc75aec2c4337359fe8acc524562235.json,2238,bbdb0809e4c104e1533b5b4fae57ad677210a82b946acc39b4d2e76552cce0f6,1,JSON parsed; structural inspection
runs/FINAL_PRE_X13_DEADLINE_v1/synthetic_rows/f4c94624eab222dd345921c1118e3866cfc75aec2c4337359fe8acc524562235.sha256,136,5bdbd5d5bfe4d69f594892fdc136774c5fda5f27436972f3449cd6fb6163b567,,byte inventory
runs/FINAL_PRE_X13_DEADLINE_v1/synthetic_rows/f54b554b56934db66f5aad0e3e2d7ea58d0738212d18fc5ed46d04d4f1a20c66.json,2238,b77b9949c7b8869bb33d0eb8516f0eb2207606727083f503bcb7375fb33f38eb,1,JSON parsed; structural inspection
runs/FINAL_PRE_X13_DEADLINE_v1/synthetic_rows/f54b554b56934db66f5aad0e3e2d7ea58d0738212d18fc5ed46d04d4f1a20c66.sha256,136,03aeac36aa9df8f073446811d1955c5a7e722fc5b0d24065dd5fa0abf5ef5dee,,byte inventory
runs/FINAL_PRE_X13_DEADLINE_v1/synthetic_rows/f589608f7d4f0407f692e96d3feefa1ec1010e9832fe1a5da739f169ec687569.json,2236,0157e214758d315f51c4c6297fdf116e39914f9eb81436ffcc0dc637e18298cd,1,JSON parsed; structural inspection
runs/FINAL_PRE_X13_DEADLINE_v1/synthetic_rows/f589608f7d4f0407f692e96d3feefa1ec1010e9832fe1a5da739f169ec687569.sha256,136,ef18cb552a59080fae166589479e41ceae61aaa1842f719df67aee882d03b10c,,byte inventory
runs/FINAL_PRE_X13_DEADLINE_v1/synthetic_rows/f66325866e7c5ea65c1baabde736eb8375d37bd49bb47bffecc8587886e19f21.json,2240,4bb431ae9d2b1c7e29f68e12bcb2cdbda46a70d01fb37324d2592677afe8bc3d,1,JSON parsed; structural inspection
runs/FINAL_PRE_X13_DEADLINE_v1/synthetic_rows/f66325866e7c5ea65c1baabde736eb8375d37bd49bb47bffecc8587886e19f21.sha256,136,2a193d9d242bb751776398b15f71e864ded5a07427df397fc50c4a0e9db2ec0b,,byte inventory
runs/FINAL_PRE_X13_DEADLINE_v1/synthetic_rows/f668b48ca5f1b4b99cc7c360e95ea80d9296eb480272999347369cdcc067b2a2.json,2242,f0171a2a0ef39d71bbd1668cde441732a155ed50913386ba082350b12522bbcd,1,JSON parsed; structural inspection
runs/FINAL_PRE_X13_DEADLINE_v1/synthetic_rows/f668b48ca5f1b4b99cc7c360e95ea80d9296eb480272999347369cdcc067b2a2.sha256,136,396046e18a5244ef2b051b935d5a629856d5d9d87fd25b3e104463d99c96933d,,byte inventory
runs/FINAL_PRE_X13_DEADLINE_v1/synthetic_rows/f66a3561cfece088fcc93f08b4c1b317c0ec9c0e740ce9ad81f46300c09bf6b2.json,2250,df598f966d826cf8d14a82c61298b0589b0d90df15676ce80e408baa05fbdc96,1,JSON parsed; structural inspection
runs/FINAL_PRE_X13_DEADLINE_v1/synthetic_rows/f66a3561cfece088fcc93f08b4c1b317c0ec9c0e740ce9ad81f46300c09bf6b2.sha256,136,ccd940e69c3db4119fbfdfe5fc31a49f6062f544f9624d50d6bc91cfd6dee586,,byte inventory
runs/FINAL_PRE_X13_DEADLINE_v1/synthetic_rows/f673c8f1512e7b7d25fc7d13e120e5ae95bd0e9fd2bd119090b6b1b9e75f2298.json,2251,427b34ba7973c8c34dbc7c46ea5de62f36ee57e2b109a27e10c6de9af6718487,1,JSON parsed; structural inspection
runs/FINAL_PRE_X13_DEADLINE_v1/synthetic_rows/f673c8f1512e7b7d25fc7d13e120e5ae95bd0e9fd2bd119090b6b1b9e75f2298.sha256,136,0fd5da63ce50c3d0541d0fc9e26352e4ef570f6937c6eded9b73509ba0eb99de,,byte inventory
runs/FINAL_PRE_X13_DEADLINE_v1/synthetic_rows/f6864bd664f1743d55b89c764094ad9573de325e75ddab0c09d94eb79a81b6eb.json,2254,4684c558cd870aa566010d994bac1153ca7db9d9bbd9738f55116c1578cef597,1,JSON parsed; structural inspection
runs/FINAL_PRE_X13_DEADLINE_v1/synthetic_rows/f6864bd664f1743d55b89c764094ad9573de325e75ddab0c09d94eb79a81b6eb.sha256,136,71df2be5f4365fe847b6cda3fd502c61e518fdc47d8e0cf835689121d470abd4,,byte inventory
runs/FINAL_PRE_X13_DEADLINE_v1/synthetic_rows/f68cdec9f552d7a532e78aafe06bb3928161f570917344622c696be28e8566cf.json,2243,62eb307e34440978c33203cc640b4e8c7fe0b7bf2ce569119c1de27873b64064,1,JSON parsed; structural inspection
runs/FINAL_PRE_X13_DEADLINE_v1/synthetic_rows/f68cdec9f552d7a532e78aafe06bb3928161f570917344622c696be28e8566cf.sha256,136,d97fe4407c7b923b38a3101351585f6aa7af0e1afaf25e71976f0ac0a21c2142,,byte inventory
runs/FINAL_PRE_X13_DEADLINE_v1/synthetic_rows/f6d7800d371d98be677d0d34587886ce6fd56a0018ba23745173e50c55ee34e1.json,2245,22ac859076bf87b2c59f0f43c3c992f63f76696644e393c25403395173a5bd37,1,JSON parsed; structural inspection
runs/FINAL_PRE_X13_DEADLINE_v1/synthetic_rows/f6d7800d371d98be677d0d34587886ce6fd56a0018ba23745173e50c55ee34e1.sha256,136,23d3b56d8e57d61a97bf49fee24fb6e828c81f982436fe03663b3efaa3897857,,byte inventory
runs/FINAL_PRE_X13_DEADLINE_v1/synthetic_rows/f7244866e4812582b017a760a45643dad5dd1bdaf928896c58a0a6946bb5781d.json,2250,258520b9b0fe44863f203b97e2c7bc3910f3f440df6636c6daae3a98a05ebf51,1,JSON parsed; structural inspection
runs/FINAL_PRE_X13_DEADLINE_v1/synthetic_rows/f7244866e4812582b017a760a45643dad5dd1bdaf928896c58a0a6946bb5781d.sha256,136,e3fb030e4a6609df2986459e216d9f0007e150cc39cde7e8018e76caf6e541ac,,byte inventory
runs/FINAL_PRE_X13_DEADLINE_v1/synthetic_rows/f751af0eae35a8d2aadbbcdc1e5bb1bf557f3a8967ec3e4c8be485f13433d750.json,2245,d6b035c791093c91404132c5a816b53ae7ed384615658e7f39384ba966f99f29,1,JSON parsed; structural inspection
runs/FINAL_PRE_X13_DEADLINE_v1/synthetic_rows/f751af0eae35a8d2aadbbcdc1e5bb1bf557f3a8967ec3e4c8be485f13433d750.sha256,136,020a78dee41964ce2e81e704866eb3068f9546c45df592679ee0d3717779a597,,byte inventory
runs/FINAL_PRE_X13_DEADLINE_v1/synthetic_rows/f75729739abdf06a8974b4d03e389b20affa2fb8e43ccd70341d25ef52112511.json,2242,deb20bba0ac30c4557d049d84f261299d29db1a8cd8a9a5b56aed8e3cc5bbebd,1,JSON parsed; structural inspection
runs/FINAL_PRE_X13_DEADLINE_v1/synthetic_rows/f75729739abdf06a8974b4d03e389b20affa2fb8e43ccd70341d25ef52112511.sha256,136,2e0d8c4ff96f201c1eaa7505addbe53c5203981849dba5304028845f8348c6eb,,byte inventory
runs/FINAL_PRE_X13_DEADLINE_v1/synthetic_rows/f7c2716ccd759aa4bad7e520a9ede9282822090f762159bceaf8d36ea3a8d199.json,2255,91075e1f54d6142bce9f73e18468752c0c9c46361b496281d6444ae463f0d179,1,JSON parsed; structural inspection
runs/FINAL_PRE_X13_DEADLINE_v1/synthetic_rows/f7c2716ccd759aa4bad7e520a9ede9282822090f762159bceaf8d36ea3a8d199.sha256,136,b5b4ebe80a8a42b0c1bd1e42032d3a312a5fa69dc2c65d6f40469732a2cff9e4,,byte inventory
runs/FINAL_PRE_X13_DEADLINE_v1/synthetic_rows/f7f82c91ae518f07299f130f2c9dc97404fecca172818d832ef65d53b8d7aced.json,2236,9835c71d89dbcb157be24541dea024ef2846d0072f44c40557d738b0a1ae9da3,1,JSON parsed; structural inspection
runs/FINAL_PRE_X13_DEADLINE_v1/synthetic_rows/f7f82c91ae518f07299f130f2c9dc97404fecca172818d832ef65d53b8d7aced.sha256,136,4f3532496a25a187a27919fda155c966ca5aa190652d0cfe1b87f02e1d47220a,,byte inventory
runs/FINAL_PRE_X13_DEADLINE_v1/synthetic_rows/f809d50f77bac2441473cbfdb2419513882971dadf1cb307d88496dd9a2fca11.json,2236,0ccce712ad1bdd4bbad98dbc950f3ba05d4c1b9d2c170d35a983089d2b034da3,1,JSON parsed; structural inspection
runs/FINAL_PRE_X13_DEADLINE_v1/synthetic_rows/f809d50f77bac2441473cbfdb2419513882971dadf1cb307d88496dd9a2fca11.sha256,136,ca2e18ed688b29cbc2e63b899a81dc07d11598b9868fae55192fcdce23becf63,,byte inventory
runs/FINAL_PRE_X13_DEADLINE_v1/synthetic_rows/f8a7d705d50c0c8875dcd4be7b6dc2b0713e06544f6df4f1eaa9828990d7ed92.json,2235,e31f55c15202a3a3ab68596dbde5cc75d668d1aa42b3f92b95b086ba640f5438,1,JSON parsed; structural inspection
runs/FINAL_PRE_X13_DEADLINE_v1/synthetic_rows/f8a7d705d50c0c8875dcd4be7b6dc2b0713e06544f6df4f1eaa9828990d7ed92.sha256,136,87841ec4efd75a060723faa8cda166b4247f9cf609e64edefdc313d3ee2ed498,,byte inventory
runs/FINAL_PRE_X13_DEADLINE_v1/synthetic_rows/f8e82a72ef2ff7eaf7400798fcb9e08d6ff88fc53baa70af8359d1b5bd68ae5d.json,2242,32d75d8cfe3ba6c86b1868ea003396025a782ece512227984ca6a903e5a7ae7c,1,JSON parsed; structural inspection
runs/FINAL_PRE_X13_DEADLINE_v1/synthetic_rows/f8e82a72ef2ff7eaf7400798fcb9e08d6ff88fc53baa70af8359d1b5bd68ae5d.sha256,136,7c92450a630a579b7f6b692297ad6b2e277211ddd6012b866c7111180efdba4e,,byte inventory
runs/FINAL_PRE_X13_DEADLINE_v1/synthetic_rows/f9005b5a00755b8dee595cf5d7175269362fdf5ce668138d53ef980e3a8e6092.json,2244,ba7e1ae7b203ce1946841bb46ef0f823f28f127454f76a5cc71a4613a0bb5110,1,JSON parsed; structural inspection
runs/FINAL_PRE_X13_DEADLINE_v1/synthetic_rows/f9005b5a00755b8dee595cf5d7175269362fdf5ce668138d53ef980e3a8e6092.sha256,136,42d62caf657b4e38f0a8e0becb3b1736b5c67bc12816ed63c05e706e607821b2,,byte inventory
runs/FINAL_PRE_X13_DEADLINE_v1/synthetic_rows/f912291e6d05be877f4f5fba67bd856f2602f4cf3b7ec4b9585a4807dc141d46.json,2255,f9ae96295fe38adb58d4d3deeac51e161e718d9015c926de46e8bdf2a1a9f92d,1,JSON parsed; structural inspection
runs/FINAL_PRE_X13_DEADLINE_v1/synthetic_rows/f912291e6d05be877f4f5fba67bd856f2602f4cf3b7ec4b9585a4807dc141d46.sha256,136,887edb59f8e44af551f2f93cf826556cbe311eec9742a2b41fc2993ed608d395,,byte inventory
runs/FINAL_PRE_X13_DEADLINE_v1/synthetic_rows/f91468f25fdca9834fd212c1a16abc404c6995e0ec718229fa83eba96c84a22b.json,2234,b0f14fc63cae5951cbc195fae0e34348b1b821160479e679cfb08194aa51d0bb,1,JSON parsed; structural inspection
runs/FINAL_PRE_X13_DEADLINE_v1/synthetic_rows/f91468f25fdca9834fd212c1a16abc404c6995e0ec718229fa83eba96c84a22b.sha256,136,f9a7a73521a310ac06d1c4ab65c723854dc0e7895bf7b4733c86de9c4d8834f7,,byte inventory
runs/FINAL_PRE_X13_DEADLINE_v1/synthetic_rows/f9b2342bc5b23cceaa341c6380826ff3621b9bd3f317c85ffa193ba46d6a2bbd.json,2242,7a53755109b1acdf768112f5a22af83f4b596cfe05f8b1a749712ae0eb14842f,1,JSON parsed; structural inspection
runs/FINAL_PRE_X13_DEADLINE_v1/synthetic_rows/f9b2342bc5b23cceaa341c6380826ff3621b9bd3f317c85ffa193ba46d6a2bbd.sha256,136,a6264dd58f9c54eaa606d07432481fd11659593d4482ddce608d505900694f21,,byte inventory
runs/FINAL_PRE_X13_DEADLINE_v1/synthetic_rows/fa99f19737ccea0b03c7f1e74b6899a2b95729cafce8f1a2086e69707134fa11.json,2255,42e2b14ba2f938172f8b0abb97ae1586a1d3e07d9427c43606065538f8fb09e1,1,JSON parsed; structural inspection
runs/FINAL_PRE_X13_DEADLINE_v1/synthetic_rows/fa99f19737ccea0b03c7f1e74b6899a2b95729cafce8f1a2086e69707134fa11.sha256,136,df58ae545d05b79daa10a01d9e268165a9454355e1f755a437fdb4e8b33a523b,,byte inventory
runs/FINAL_PRE_X13_DEADLINE_v1/synthetic_rows/fb0bc190e47564caf74b6ca4657809674bcf080a18ec1c4f7940d8d92b8a9433.json,2234,0fc00d5ce824a96ff28cdd654e67c27adf9f403d86c09b78a4c29abe4316d6ae,1,JSON parsed; structural inspection
runs/FINAL_PRE_X13_DEADLINE_v1/synthetic_rows/fb0bc190e47564caf74b6ca4657809674bcf080a18ec1c4f7940d8d92b8a9433.sha256,136,3581cfa56b5a4f7ea8c80b810e71643df052d64d3aa4eefa2e162b4b7456ea0b,,byte inventory
runs/FINAL_PRE_X13_DEADLINE_v1/synthetic_rows/fb163b62646bc585368ce1fdb0c6c7ec9a9e2e4e33badf23e3aadf3125c9da8c.json,2234,c2b63afcb9f8a8c009de36f872d78dd69bdf9ce313fc4c38db0e79796d06a108,1,JSON parsed; structural inspection
runs/FINAL_PRE_X13_DEADLINE_v1/synthetic_rows/fb163b62646bc585368ce1fdb0c6c7ec9a9e2e4e33badf23e3aadf3125c9da8c.sha256,136,1a93d1199f4c7160e5e5680a06c0b3531128965906e9707b22c4f9739ab8f45c,,byte inventory
runs/FINAL_PRE_X13_DEADLINE_v1/synthetic_rows/fbbc3ef6ffcb2dcdf5e766b2ecd8cf21a484a68fdc102eaf7b78a6ec05db0c23.json,2236,0395cc0a3d5b6fc3202d76626b71aa52e7b19d2ac537c3f99bd25c0bbc166e41,1,JSON parsed; structural inspection
runs/FINAL_PRE_X13_DEADLINE_v1/synthetic_rows/fbbc3ef6ffcb2dcdf5e766b2ecd8cf21a484a68fdc102eaf7b78a6ec05db0c23.sha256,136,bc216c75e0d23cc7049b25a2a99ecb5bf39aee2473272db68dbb57154a7af189,,byte inventory
runs/FINAL_PRE_X13_DEADLINE_v1/synthetic_rows/fc62486de96ffde9af943859f049fa898a20a10d3ee87d150c2c8f210e5fe8c3.json,2235,e79f56d1d79a44c54b0810e5007a6ebbd5ea4d51161fa5a9170bba6eb77dd06a,1,JSON parsed; structural inspection
runs/FINAL_PRE_X13_DEADLINE_v1/synthetic_rows/fc62486de96ffde9af943859f049fa898a20a10d3ee87d150c2c8f210e5fe8c3.sha256,136,436c37986dc8cea1d878a2fad287236a4adf33aae0ad3aafd70f86d8e8fdfa63,,byte inventory
runs/FINAL_PRE_X13_DEADLINE_v1/synthetic_rows/fc6e63316c3f2884d12e7c8c75bb950635f59ad71c3f5ff3479c0d4768f6a8c0.json,2245,b20f797c6de4c1c7788bfaa384b5ec36f88ef2b018dd2b9c2d419de67f03b7fb,1,JSON parsed; structural inspection
runs/FINAL_PRE_X13_DEADLINE_v1/synthetic_rows/fc6e63316c3f2884d12e7c8c75bb950635f59ad71c3f5ff3479c0d4768f6a8c0.sha256,136,a72fa5e416aed1f1bd01bf94dfca850ea7fa39834189421e9f4e0cd933e0973c,,byte inventory
runs/FINAL_PRE_X13_DEADLINE_v1/synthetic_rows/fc9f5c6bf0a92dbb16eb098e061253bbdd6afb9d759cd0b07ac62ae004d5144e.json,2242,a80477bb7577f2967dd9741024807084b479d564e00dfe32e0cab4591a7318d9,1,JSON parsed; structural inspection
runs/FINAL_PRE_X13_DEADLINE_v1/synthetic_rows/fc9f5c6bf0a92dbb16eb098e061253bbdd6afb9d759cd0b07ac62ae004d5144e.sha256,136,e8b3d2e9b024c8fcbbd76ebbabedb146aa3a431b9bc2f470d8d1ecc24f900385,,byte inventory
runs/FINAL_PRE_X13_DEADLINE_v1/synthetic_rows/fcc0d209c8e5bdbcd8641b11f6a08adf7c97f1b61c608eb13862b1dececfbd27.json,2238,805ca592a607f2e90484507e6ae60cb2b94f65ab1d2d94ad53731e789de352b9,1,JSON parsed; structural inspection
runs/FINAL_PRE_X13_DEADLINE_v1/synthetic_rows/fcc0d209c8e5bdbcd8641b11f6a08adf7c97f1b61c608eb13862b1dececfbd27.sha256,136,99fe0ce8e3971af5a667fcd6cf1afd2aa701b2aaa6ab2f94d0ee5d65970248fa,,byte inventory
runs/FINAL_PRE_X13_DEADLINE_v1/synthetic_rows/fd353170b6bc6fc9a9f0e90bc91e535508ac3e73691c414741088d20e0b36077.json,2244,ed5db09c7ef62efdb3ba24c0c52bc88e71ed4888987b56a0502cbef42a621a62,1,JSON parsed; structural inspection
runs/FINAL_PRE_X13_DEADLINE_v1/synthetic_rows/fd353170b6bc6fc9a9f0e90bc91e535508ac3e73691c414741088d20e0b36077.sha256,136,676699a004d866ab6761580f65fe1062106b48b4a72329061489b2c136c4f61e,,byte inventory
runs/FINAL_PRE_X13_DEADLINE_v1/synthetic_rows/fdc290dd7daed84ca9a69287b051b394d1a744620c23872efa1f54a7005d9183.json,2233,eca1ea0c6be6edf615f41e6604fe21258e6cf0c817b60f2011930c1519281367,1,JSON parsed; structural inspection
runs/FINAL_PRE_X13_DEADLINE_v1/synthetic_rows/fdc290dd7daed84ca9a69287b051b394d1a744620c23872efa1f54a7005d9183.sha256,136,b1d1584a42a48c2532ba13283fa992e0de8e2ddfad56d45e10034a25f4722d08,,byte inventory
runs/FINAL_PRE_X13_DEADLINE_v1/synthetic_rows/fddff2c2474c2c08939606248448a4caedb2ce8197a472f812447063ef9780d2.json,2236,a83aead5681e56df3d61f2f04462fbdb99f4802288234eeb69b045c5147a5966,1,JSON parsed; structural inspection
runs/FINAL_PRE_X13_DEADLINE_v1/synthetic_rows/fddff2c2474c2c08939606248448a4caedb2ce8197a472f812447063ef9780d2.sha256,136,29a30220a4d98526f594c4adcc7d3c538af5c026fe72a5cdb5834687732d8558,,byte inventory
runs/FINAL_PRE_X13_DEADLINE_v1/synthetic_rows/fdff7235a9ea3b4e2d6b2576d6785f95a3480b4dc153acec281c263b818eae34.json,2251,1979af22a6d2258edb2e444d90f6be8ade2e5435295edb9a25626054a39de26d,1,JSON parsed; structural inspection
runs/FINAL_PRE_X13_DEADLINE_v1/synthetic_rows/fdff7235a9ea3b4e2d6b2576d6785f95a3480b4dc153acec281c263b818eae34.sha256,136,350c4d9c946c95ea8d3f17c09bdba41f52ff3153b22d6414472f374ec405d294,,byte inventory
runs/FINAL_PRE_X13_DEADLINE_v1/synthetic_rows/fe0ee809cb9143c6e68d66b132f797d4d6d7f902398ea6760378756f52cd50c3.json,2243,bfa31f42192ccd492511adfc437b80bd0a4b9f93b2aaea4f9e38231e6c57e2f3,1,JSON parsed; structural inspection
runs/FINAL_PRE_X13_DEADLINE_v1/synthetic_rows/fe0ee809cb9143c6e68d66b132f797d4d6d7f902398ea6760378756f52cd50c3.sha256,136,c09bd1efc69d461b2b5556041a4501dcf4f47cb4c342991b25ffb10080a83709,,byte inventory
runs/FINAL_PRE_X13_DEADLINE_v1/synthetic_rows/fe50cd650b204029c4b754af57f1ea191f08defe71e87dd6a492ca85b044cccc.json,2242,3e3d0f2945bae4e7f3258652197f4df80d27c0fe50f8252e66d6f22d042c925a,1,JSON parsed; structural inspection
runs/FINAL_PRE_X13_DEADLINE_v1/synthetic_rows/fe50cd650b204029c4b754af57f1ea191f08defe71e87dd6a492ca85b044cccc.sha256,136,818fdf32aca4395fb3b75b1f8dc209c8a978564370d74ecd1e67f624de3b49b4,,byte inventory
runs/FINAL_PRE_X13_DEADLINE_v1/synthetic_rows/ff4d512703ca34fc615e54e26cdb111a5ffbd9774e38a121c4d66933c8ab8911.json,2238,cdf56af2c3dee03c236412e957e2a091e772d82132998190ca6e4d2bb41ba397,1,JSON parsed; structural inspection
runs/FINAL_PRE_X13_DEADLINE_v1/synthetic_rows/ff4d512703ca34fc615e54e26cdb111a5ffbd9774e38a121c4d66933c8ab8911.sha256,136,402f24e25169b4fb093f96a8a7d0bd2baef2befc870e65c1a9dad850753a30c4,,byte inventory
runs/FINAL_PRE_X13_DEADLINE_v1/synthetic_rows/ffecd05267efb730c34e5cd5052132b9c7dbe80a2abe3422617b59ceba824305.json,2235,5b853c6115d41801712d935b5551af6fe5044cbd190ebbf2fb8289fc5037e7cd,1,JSON parsed; structural inspection
runs/FINAL_PRE_X13_DEADLINE_v1/synthetic_rows/ffecd05267efb730c34e5cd5052132b9c7dbe80a2abe3422617b59ceba824305.sha256,136,431f5c734696878fa6c762b09f8ad14db382dfaa5b030e3e9c0a83714258fb11,,byte inventory
runs/FINAL_PRE_X13_DEADLINE_v1/synthetic_rows/fffa996240d0f6787fce664462fa8ea61a66dea3aac3a40c1c5df87671616caf.json,2234,d6feee907ce90361a1b2558e675660d5db07ee3e849ebc59e67de3bf30153806,1,JSON parsed; structural inspection
runs/FINAL_PRE_X13_DEADLINE_v1/synthetic_rows/fffa996240d0f6787fce664462fa8ea61a66dea3aac3a40c1c5df87671616caf.sha256,136,923e8a55b4b67fd30d44dfb3bd9c839da07ee5735ac336c886b6cdc4e2ae0c95,,byte inventory
scripts/generate_p14_assets.py,15982,34c072833143070e6d6e7c9577281dfc2df475518c84aaad8ac0e3b661cae6e9,343,text indexed; targeted review separately documented
scripts/reproduce_x13.py,1791,70647568b38353d440c549ca1d849eb010143e05a33a4f92e15bbbe5d423bfa5,44,text indexed; targeted review separately documented
sources/E01_ANOMALIES.md,4943,ca1cd24f6a558242d8a004532c8d020a00c010ee2748e526e554bb1bc155fcc2,55,text indexed; targeted review separately documented
sources/maintainer_questions.md,4022,c01782efaa4b88ae0f4db0dbe91b8e9c18d4d6f2bb51367f4f599291d1cf9068,35,text indexed; targeted review separately documented
sources/README.md,1325,fc71535abd99af0707f7ab085da9dbf92a153aca765340ed2465597da4a6a5c3,21,text indexed; targeted review separately documented
sources/registry.json,1411,f0ec8a44903d06c5875fd3ade766f4f155421ff0839b8a7206b91ed115ae893c,1,JSON parsed; structural inspection
sources/schema_inventory.json,404863,c51c504e1dd050a8e9bfc4d4eea76754fd799a561171a92afab149ca84f98295,1,JSON parsed; structural inspection
sources/search_log.md,8669,ed419ab1a6ef0e054d79f5a31afb90c43ae7c90e42784556284ad00ec3a654fd,106,text indexed; targeted review separately documented
sources/SHA256SUMS,405,18b2d4f050f7c836e3e2f50a60c51eb04e7b083290577097d3283e5a8e88151b,,byte inventory
src/ebe/__init__.py,1321,61a7b549304b087fc5ea2f01d81893ae861e3c49ad84e08d0e6345e1cafd620f,57,text indexed; targeted review separately documented
src/ebe/a11_loader.py,25848,9845a2fc796fdae5170d17d5f62b0253a2959a7d8d934bb6bb51817dad32fcf6,494,text indexed; targeted review separately documented
src/ebe/a11_loader_context_draft.py,3746,4156484479d0ec9d864c9635e143fad5185ca390e29661f814c025e92e30dd57,82,text indexed; targeted review separately documented
src/ebe/accounting.py,4535,fc5185f6143db30863d229a0b5338325ed4a26c19538a9fde08c4eb755006907,136,text indexed; targeted review separately documented
src/ebe/collectors.py,29687,dafe76bbf0d2752fadd9519b3d307adee4c43255139c5a0266d8ea780650c211,703,text indexed; targeted review separately documented
src/ebe/evaluator.py,22616,407ec7e9b000a026b06c82e8c7c805a3f7542475dccbda2ac486ebb62c17662f,376,text indexed; targeted review separately documented
src/ebe/ingest.py,59938,71ba00f920cd26e78d255ac30a13edf6c1dee276df45902af508deacba57762f,1148,text indexed; targeted review separately documented
src/ebe/observer.py,26235,fe414b8f66b8a1909f45b4a541a48bcc76db563a055a57e0390e1b1a45a6e2c6,598,text indexed; targeted review separately documented
src/ebe/schema.py,6746,09131668fef0df695f7d039e2a5796addd9ef299bca46ad94c8dc6090846b064,257,text indexed; targeted review separately documented
src/ebe/storage.py,18968,b4ad6a76bed755f655a386441371d9d5186a37ffbc2edf96f71045a4021c07a3,476,text indexed; targeted review separately documented
src/ebe/support_masks.py,7323,78c3a7f70d7ead8e733b5519b9cfd8ed656a9d1d05e89b97cae54c630efd21dc,157,text indexed; targeted review separately documented
src/ebe/terminal_archive.py,5893,70c1f0eb567c5f074bf00581303fd900de4fe544e14b2a796c4c7b5f4b8c3200,127,text indexed; targeted review separately documented
src/ebe/timeline.py,22242,5357da69d35858c6abd490778ce5a66ea1750cec25ad0a2bb29afeada6f6173f,609,text indexed; targeted review separately documented
src/ebe/x13_manifest.py,12909,e78386f8291d53a1405ab19c0a9c513d5a9c94396aa70f02c2feb1fe1d464b47,254,text indexed; targeted review separately documented
src/ebe/x13_reporting.py,8771,731928861934f7a20645c1b4c3d752541a6365b27f3162015de786cf163b73c3,173,text indexed; targeted review separately documented
src/ebe/x13_runner.py,24010,f070bc9ce21d549315245ee1bb8c75e17af6aa19e8740b6eb1767508f49307b7,430,text indexed; targeted review separately documented
src/ebe/x13_runtime_v2.py,7473,08fdec63c2abd76c4391865e4d21ddf4a01f3e950ec145a1cb9f6a94810d316c,147,text indexed; targeted review separately documented
tests/conftest.py,118,bc2d89a2743b1c0d47cf81bc3612c7f1289753f718e57c06b6dee3ba2c4561d7,5,text indexed; targeted review separately documented
tests/fixtures/accounting/A_feed.json,1247,f16c9066c5f30cc48e4c226510da24368cb4079012fee67ea76a54945b6a80bb,1,JSON parsed; structural inspection
tests/fixtures/accounting/B_unique.json,1255,926df392e3a1c2682cae612aa51ef17a2f7857d163b4020ff130d95d0efe8320,1,JSON parsed; structural inspection
tests/fixtures/accounting/C_duplicate.json,1299,5427dc744ff5fcf1c2219799b6840bfb0e15c95d47b547c6a4fddb627268e26b,1,JSON parsed; structural inspection
tests/fixtures/accounting/D_nondedup.json,1306,101dcf53e881af1641173670abc0ceb3fd0bccd17eba3c590d7eaa4f67666ea8,1,JSON parsed; structural inspection
tests/fixtures/accounting/E_fifo.json,1766,6d99644641b028bda6f33d4238562249c3bfe9839d5bb81e5e0f7aaed4c2e107,1,JSON parsed; structural inspection
tests/fixtures/accounting/F_oversize.json,1893,8e5e289e5721b9ab1e2addf002cf34a5eb731a45aef3c8a60fed54cdacb3409c,1,JSON parsed; structural inspection
tests/fixtures/accounting/G_shared_fifo.json,1727,6704dbf87693cfa67e01912c22bcc6c2a79dbaa69022d587d5cc46e8013cf89d,1,JSON parsed; structural inspection
tests/fixtures/accounting/H_protocol.json,2311,178ae931e9469c360517ee0edfb6131e21b5da920f4ed2d6724168020f4290da,1,JSON parsed; structural inspection
tests/fixtures/accounting/I_encoding.json,1824,f2013997173c8ca01b236052222fe1127c687d1608de1d8eef457375bf12e3a4,1,JSON parsed; structural inspection
tests/fixtures/accounting/README.md,11815,3f604a6beb31a5ce0962a7041d37f5b72540ccf804469450328ab1918a78f586,111,text indexed; targeted review separately documented
tests/fixtures/final_x13_controls.json,128,aef5eed12a491585a94441b26b1b3794faa534448927815fb21eb98a600d408d,1,JSON parsed; structural inspection
tests/fixtures/manual/released_v02.json,1827,34801349273a2bef210eefcf74b604ceba162a94700e1364bff991834c89498e,1,JSON parsed; structural inspection
tests/test_a11_loader.py,6503,d8c1aa94a4a7ca30ce9f0acce6caf98ce53b527a29446c03a5b45a99798b4958,124,text indexed; targeted review separately documented
tests/test_a11_loader_context_draft.py,2335,90aedea124503bc5e162b2b1e95ef94da62be8f20b3b6be5a37588429087906b,56,text indexed; targeted review separately documented
tests/test_collectors.py,30191,be262fcf536738f364caec720ab3a2b081510fd591ba35f1da1a2dfc9543d1f0,604,text indexed; targeted review separately documented
tests/test_evaluator.py,26837,4a46d229df1b550d86c8859cb2137f883e260866b73e047b224b494e55daf2c9,500,text indexed; targeted review separately documented
tests/test_final_controls.py,5673,d76df4d715f529338b5fd836897f5c25ca5fc20069c48de8768181d4986bd136,109,text indexed; targeted review separately documented
tests/test_final_e12_contract.py,1781,19db689079e3c67c8aae8cdffa0fb29a7c579ce2f740be53fc1a661000fe034d,25,text indexed; targeted review separately documented
tests/test_final_observer_contract.py,1545,d012db4e355f6cb89e1934794142c3c31db0f859a3226c8bc95129e3da907a67,38,text indexed; targeted review separately documented
tests/test_ingest.py,12818,71947548678661f74b98bc19fdbda6e36dc18ecde39db0b90cb45f15aa7b143f,264,text indexed; targeted review separately documented
tests/test_observer.py,12853,c601f76fd7c275b0ea95d55d724b8a150d6e4496fd4b402a653c6bcd5e33f98f,265,text indexed; targeted review separately documented
tests/test_performance_regression.py,2607,5aeb491e9b4709a302f4857f0af7713c1618221cf20bb096e8e368542bd0146e,57,text indexed; targeted review separately documented
tests/test_snapshot_integrity.py,4056,85ea024eb24bacb4686712e90faf2f915b904b8d490a3fc47356e490c815183f,95,text indexed; targeted review separately documented
tests/test_storage.py,10275,63dfe8c3cbaf5a04ad4571d913a48fccdeb40ba206409333ecd841eb2c7d5dcb,200,text indexed; targeted review separately documented
tests/test_support_masks.py,876,70c1568ac069620d0dc15f72998af5f1f345ca57a763797ef65c5e7e09177f5c,14,text indexed; targeted review separately documented
tests/test_timeline.py,15262,bfb3b49211020840443f7dcf831006dd4823b2375fd84fbcc70fabe0591df52b,276,text indexed; targeted review separately documented
tests/test_x13_manifest.py,1256,d05f10c9967a13465d2f3c633c34e1013e60718d74a0c81cc3dd4455e3bc979c,23,text indexed; targeted review separately documented
tests/test_x13_reporting_synthetic.py,698,172779a71610645009035ed75128e89caeeee7aada8ce4beeef5e4f79a82aaa2,13,text indexed; targeted review separately documented
tests/test_x13_runner_synthetic.py,3328,67c098122b9371dbc114e31f4e75ec44092fa0cea9b16169244ad65636022de3,55,text indexed; targeted review separately documented
tests/test_x13_runtime_v2_roster.py,5915,d2b6dcd0f8f3f4da8a81cddeba8982d98739a37ccaa7ec022d111ea66cf458fa,112,text indexed; targeted review separately documented
